t,d2_objective,d1_mc_objective,n_total_candidates,n_initial_active,n_final_active,n_binding_final,n_screening_iterations
1,552822.0643398738,552822.0645131283,17627,65,65,0,1
2,486733.6194704583,486733.6196010423,17627,65,65,0,1
3,422543.63453965494,422543.63469881803,17627,65,65,0,1
4,394753.18248891196,394753.1826773009,17627,65,65,0,1
5,366492.91693542374,366492.9171515967,17627,65,65,0,1
6,325635.1205298011,325635.1207632668,17627,65,65,0,1
7,261293.11372563307,261293.11388510396,17627,65,65,0,1
8,245143.88208942776,245143.8822236414,17627,65,65,0,1
9,227137.68607029098,227137.68629482892,17627,65,65,0,1
10,178413.362421614,178413.36268980027,17627,65,65,0,1
11,200383.9950742636,200383.99531768577,17627,65,65,0,1
12,242887.55936862162,242887.559574464,17627,65,65,0,1
13,283066.8301933907,283066.83043074864,17627,65,65,0,1
14,366675.13905370515,366675.1392589023,17627,65,65,0,1
15,454872.649650642,454872.64989985735,17627,65,65,0,1
16,586751.8088455057,586751.8091094851,17627,65,65,0,1
17,650972.9973359688,650972.997626552,17627,65,65,0,1
18,724056.3346073942,724056.3349073951,17627,65,65,0,1
19,676794.8334609831,676794.8337609837,17627,65,65,0,1
20,574922.4688738622,581065.5467034269,17627,65,74,4,3
21,449068.32259332156,508676.108934648,17627,65,71,4,3
22,409216.6042782207,497399.99705091544,17627,65,74,4,3
23,380546.4194133071,506683.6555782817,17627,65,77,4,3
24,293661.0573442271,311919.5091574119,17627,65,72,4,2
25,228794.83864604833,235386.3556938051,17627,65,71,2,2
26,199896.4059481489,208645.1621857357,17627,65,71,2,2
27,219135.4858588287,229601.38850627706,17627,65,71,2,2
28,251426.03938265407,262889.9335009799,17627,65,72,2,2
29,303631.38532110536,322725.40287306596,17627,65,72,4,2
30,419854.7147998547,482706.7858299186,17627,65,73,3,2
31,669103.5906384301,746988.6576384361,17627,65,78,4,3
32,908546.3043210395,994112.7301024233,17627,65,77,4,3
33,1090284.1197978528,1194772.0459173378,17627,65,73,2,2
34,1160279.9578638312,1241955.798238165,17627,65,73,2,2
35,1183183.7127620564,1236580.032488652,17627,65,73,2,2
36,1141671.462060477,1169597.7121063678,17627,65,74,4,2
37,1118197.6108672835,1152805.748013326,17627,65,69,2,2
38,1145646.696882945,1187660.3759092777,17627,65,69,2,2
39,1231990.7646792482,1239867.8226427985,17627,65,69,2,2
40,1376918.1724508402,1386552.9587185609,17627,65,71,2,2
41,1410973.9037041399,1422571.726811453,17627,65,75,2,2
42,1551022.7569315713,1607838.839538599,17627,65,83,2,2
43,1578411.0485390364,1686218.0728873136,17627,65,83,2,2
44,1493467.4230939131,1525426.7926924778,17627,65,79,2,2
45,1399683.5634139664,1403074.5929180372,17627,65,79,2,2
46,1364769.9851107397,1369207.0241673891,17627,65,75,2,2
47,1252797.289142232,1253373.2928313771,17627,65,69,2,2
48,1008448.12033858,1030664.3573473829,17627,65,69,2,2
49,881904.6598827634,950910.9497115633,17627,65,71,2,2
50,799716.321562831,903522.0976566422,17627,65,69,2,2
51,785511.386908594,875566.0693477645,17627,65,69,2,2
52,810858.6248641913,864889.9442314599,17627,65,69,2,2
53,838489.092830682,872881.7801503232,17627,65,69,2,2
54,864573.7686927749,890445.148695674,17627,65,69,2,2
55,1030667.5577136923,1030667.5579800702,17627,65,65,0,1
56,1197988.4920720211,1197988.492372021,17627,65,65,0,1
57,1278649.0360111208,1279311.060605045,17627,65,67,2,2
58,1282568.1884681536,1283185.6091282591,17627,65,67,2,2
59,1332574.8785101164,1333009.6561956697,17627,65,69,2,2
60,1403140.984591038,1403373.4320526272,17627,65,75,2,2
61,1432268.8369602673,1432474.3113904633,17627,65,73,2,2
62,1490480.946132389,1490608.3765267273,17627,65,69,2,2
63,1520566.5771170002,1520630.2078826835,17627,65,67,2,2
64,1617202.2720110938,1617213.5246291438,17627,65,67,2,2
65,1667136.8915517593,1667140.1285723539,17627,65,67,2,2
66,1725898.805650585,1726969.478175534,17627,65,71,2,2
67,1631882.8862193674,1632407.5749219013,17627,65,71,2,2
68,1463950.1013553122,1463950.101604242,17627,65,65,0,1
69,1310619.0640456476,1310620.3019586874,17627,65,67,2,2
70,1194586.1777528485,1194661.5842318423,17627,65,69,2,2
71,1072872.0095205465,1072945.208903812,17627,65,67,2,2
72,848864.8813644928,848864.8816543667,17627,65,65,0,1
73,692410.2199110157,692570.556484382,17627,65,69,2,2
74,618887.8217918978,628119.5577037814,17627,65,69,2,2
75,586183.1177537055,612646.7861906886,17627,65,69,2,2
76,603476.9508345677,611364.1536849733,17627,65,69,2,2
77,649578.9991265329,650963.2326254414,17627,65,69,2,2
78,726889.8290397485,726941.5160921718,17627,65,67,2,2
79,911634.9131857785,911634.9134641401,17627,65,65,0,1
80,1194475.035291679,1194606.8202772862,17627,65,71,2,2
81,1302527.71111992,1303040.6164260386,17627,65,67,2,2
82,1148994.8300435643,1149224.0013863903,17627,65,69,2,2
83,1096005.8802311942,1096485.5024802354,17627,65,69,2,2
84,1071319.2089474564,1072296.6159764843,17627,65,69,2,2
85,1090523.9222863144,1091248.0768713085,17627,65,69,2,2
86,1182277.7797407375,1183123.435985897,17627,65,69,2,2
87,1310265.0703868777,1310531.7702604248,17627,65,70,2,2
88,1509028.3131830706,1509775.232686134,17627,65,71,2,2
89,1559543.8072428652,1576072.5695496872,17627,65,73,2,2
90,1713708.816776811,1714217.5776951038,17627,65,77,2,2
91,1761180.951227962,1761510.7565590814,17627,65,75,2,2
92,1649684.4376536284,1649916.0729922424,17627,65,69,2,2
93,1513274.0310854563,1513342.5552021018,17627,65,69,2,2
94,1444616.8556502317,1444755.980849034,17627,65,67,2,2
95,1324084.3659931729,1324084.3661945704,17627,65,65,0,1
96,1057778.727733712,1057778.728006114,17627,65,65,0,1
97,886745.6887580951,886745.6889776823,17627,65,65,0,1
98,799447.5067415831,799447.5069484726,17627,65,65,0,1
99,766118.9992160101,766118.9994268601,17627,65,65,0,1
100,761490.2014806209,761490.2016839276,17627,65,65,0,1
101,767517.1121026385,767517.1123344809,17627,65,65,0,1
102,805696.5385003395,805696.5387743365,17627,65,65,0,1
103,1040722.4169451249,1040722.4172451196,17627,65,65,0,1
104,1316239.4604058727,1316239.460618676,17627,65,65,0,1
105,1443602.5688722176,1443737.0704016576,17627,65,71,2,2
106,1300508.49206439,1300701.3570137531,17627,65,69,2,2
107,1271404.7706370172,1272358.2729319343,17627,65,69,2,2
108,1297471.3328712857,1303720.107798542,17627,65,70,3,3
109,1346291.5867700353,1350936.1443716115,17627,65,70,3,3
110,1458904.9974698345,1459255.5656985454,17627,65,69,2,2
111,1590011.025341321,1590319.0745784226,17627,65,69,2,2
112,1796653.297829903,1796653.2981299032,17627,65,65,0,1
113,1966394.1560299909,1966394.1563299906,17627,65,65,0,1
114,2232799.394884915,2232799.3951849197,17627,65,65,0,1
115,2263116.7143667177,2263116.7146667223,17627,65,65,0,1
116,2151642.3696449073,2151642.3699449077,17627,65,65,0,1
117,2024572.1997248575,2024572.2000248574,17627,65,65,0,1
118,1901668.9179259818,1901668.9182259818,17627,65,65,0,1
119,1781446.5154872946,1781446.5157872946,17627,65,65,0,1
120,1529325.9056223854,1529325.9059223847,17627,65,65,0,1
121,1295786.0095732168,1295786.0098732167,17627,65,65,0,1
122,1143509.4926693048,1143509.4929373013,17627,65,65,0,1
123,1084211.2238478072,1084211.2240778531,17627,65,65,0,1
124,1094190.9978921344,1094190.998133698,17627,65,65,0,1
125,1138736.2046061861,1138736.2048681267,17627,65,65,0,1
126,1246133.1830551042,1246133.1833526995,17627,65,65,0,1
127,1519983.0319033726,1519983.0322033726,17627,65,65,0,1
128,1793147.4887937657,1793147.4890937665,17627,65,65,0,1
129,1894719.6116356072,1894719.6119356072,17627,65,65,0,1
130,1767181.2268096243,1767304.5364642425,17627,65,67,2,2
131,1708579.5842161416,1709017.0218652207,17627,65,69,2,2
132,1732105.3429248533,1732711.2580148787,17627,65,69,2,2
133,1779824.0318726033,1780231.17389258,17627,65,69,2,2
134,1819316.6518022176,1819465.86183518,17627,65,69,2,2
135,1909235.8341785353,1909294.298770039,17627,65,69,2,2
136,2063091.4488782587,2063093.3301519437,17627,65,69,2,2
137,2115045.8783483687,2115112.6912654843,17627,65,71,2,2
138,2316881.5154823726,2316940.2657994465,17627,65,67,2,2
139,2288528.002557184,2288635.5352793145,17627,65,71,2,2
140,2180055.6491396185,2180148.724882236,17627,65,71,2,2
141,2027077.5738159164,2027173.0960463907,17627,65,70,2,2
142,1938050.289834688,1938168.3452824382,17627,65,69,2,2
143,1767630.545147884,1767641.5748206428,17627,65,67,2,2
144,1535905.4133516226,1535905.4135819736,17627,65,65,0,1
145,1344511.4342253427,1344511.434524819,17627,65,65,0,1
146,1257757.9587937342,1257757.959093736,17627,65,65,0,1
147,1192663.0257206138,1192663.0260201213,17627,65,65,0,1
148,1196776.1066129298,1196776.1068983662,17627,65,65,0,1
149,1169230.0500178663,1169230.050283981,17627,65,65,0,1
150,1111117.2124493648,1111117.2126913446,17627,65,65,0,1
151,1088810.2813105346,1088810.281545396,17627,65,65,0,1
152,1148524.1274776496,1148524.1277505655,17627,65,65,0,1
153,1300860.0180208075,1300860.0183118172,17627,65,65,0,1
154,1295247.849957819,1295304.7888555587,17627,65,67,2,2
155,1337551.9265478365,1337664.5817612244,17627,65,67,2,2
156,1362192.2096202685,1362814.95896747,17627,65,68,3,3
157,1377275.8458950578,1377368.9065672483,17627,65,67,2,2
158,1463486.1572580072,1463514.784599007,17627,65,67,2,2
159,1514441.7784788164,1514441.778679136,17627,65,65,0,1
160,1646892.688285765,1646892.6885857647,17627,65,65,0,1
161,1670355.8929079622,1670355.893207962,17627,65,65,0,1
162,1793484.9724718155,1793484.9727718155,17627,65,65,0,1
163,1767840.089354687,1767840.0896546869,17627,65,65,0,1
164,1678408.0106059148,1678408.010818169,17627,65,65,0,1
165,1510401.2209397978,1510401.2212398006,17627,65,65,0,1
166,1382621.8788477199,1382621.87914772,17627,65,65,0,1
167,1306344.052942885,1306344.0532428855,17627,65,65,0,1
168,1141332.1545289117,1141332.1548289116,17627,65,65,0,1
169,963196.671950924,963196.6722509247,17627,65,65,0,1
170,849150.3360247156,849150.3363247155,17627,65,65,0,1
171,781218.4874040313,781218.4877040313,17627,65,65,0,1
172,725977.7587200141,725977.7590023897,17627,65,65,0,1
173,734596.3376210749,734596.337899927,17627,65,65,0,1
174,709990.9981971288,711017.1605354412,17627,65,69,2,2
175,635388.2879054428,651174.6264544337,17627,65,71,4,3
176,635379.1298227736,651506.1242275216,17627,65,71,4,3
177,687316.3157313808,687319.5069740416,17627,65,67,2,2
178,805324.2695635913,805324.2698635913,17627,65,65,0,1
179,923354.8476788965,923354.8479788972,17627,65,65,0,1
180,1031793.2426839578,1031793.2429839583,17627,65,65,0,1
181,1115615.7051211398,1115615.70542114,17627,65,65,0,1
182,1100755.6116177137,1100755.6119177146,17627,65,65,0,1
183,1083988.3135494043,1083988.313849405,17627,65,65,0,1
184,1088361.0963613805,1088361.0966613812,17627,65,65,0,1
185,1173677.8102762508,1173677.8105762508,17627,65,65,0,1
186,1415959.7811690462,1416222.2838310846,17627,65,67,2,2
187,1451316.7781262984,1452003.387046865,17627,65,67,2,2
188,1410146.8728800155,1410735.5301698186,17627,65,67,2,2
189,1281588.2343379431,1281588.234637943,17627,65,65,0,1
190,1211553.6119957129,1211553.612295713,17627,65,65,0,1
191,1167580.064252759,1167580.0645527593,17627,65,65,0,1
192,1003074.5719972053,1007754.745369185,17627,65,69,4,3
193,872470.6797455999,921350.9163859239,17627,65,71,4,3
194,779307.8467048103,886452.2856758985,17627,65,74,4,3
195,733557.2631695024,865737.6712654678,17627,65,77,4,3
196,734327.9631923949,866434.8531481789,17627,65,77,4,3
197,742385.6890265563,853781.5201052928,17627,65,77,4,3
198,848146.9516086548,945733.868671975,17627,65,77,4,3
199,1280821.5252252668,1333634.5511463531,17627,65,72,2,2
200,1532727.2862493584,1571447.4578621965,17627,65,76,2,2
201,1603744.30711825,1624771.9207356705,17627,65,75,4,2
202,1546997.9732873046,1572896.2735213495,17627,65,77,4,2
203,1537361.500564038,1565796.678160386,17627,65,77,4,2
204,1543783.9385466145,1587775.499169725,17627,65,78,2,2
205,1522653.785351348,1594066.843883555,17627,65,79,2,2
206,1530115.0599697093,1594787.2608590699,17627,65,79,2,2
207,1555348.809533882,1612186.966928459,17627,65,78,2,2
208,1615192.6546830186,1648250.9507461812,17627,65,77,2,2
209,1616036.970888463,1645011.382576506,17627,65,77,4,2
210,1705396.6850587474,1722390.9463403556,17627,65,85,4,2
211,1672744.8323912814,1690988.9405497264,17627,65,81,2,2
212,1571436.014742837,1587539.3230390074,17627,65,75,2,2
213,1441808.3512988305,1451383.1770634842,17627,65,72,2,2
214,1316646.182681177,1333727.3555653843,17627,65,69,2,2
215,1134024.4098774355,1164538.7942281708,17627,65,69,2,2
216,902571.4689654794,937917.2398575114,17627,65,72,4,2
217,694808.6976474484,763649.6460269112,17627,65,71,4,3
218,635501.2063298593,741201.7018210117,17627,65,74,4,3
219,619978.670610794,748627.8000396146,17627,65,77,4,3
220,655252.4712864636,772914.0260382862,17627,65,75,4,3
221,764039.583707991,866221.990507635,17627,65,75,4,3
222,923099.1274992174,1012172.354171565,17627,65,75,2,2
223,1345633.5847009197,1445057.8601483852,17627,65,76,2,2
224,1654279.01806385,1685850.1889444417,17627,65,83,4,2
225,1726095.8152054022,1752905.7729786644,17627,65,95,4,2
226,1694849.5686226785,1720721.9110650502,17627,65,91,2,2
227,1672525.3960895923,1700794.4290216505,17627,65,85,2,2
228,1617202.3362550533,1646322.4922372303,17627,65,81,2,2
229,1573604.5818300596,1606468.9814032495,17627,65,78,4,2
230,1621484.1627469691,1659457.1912478302,17627,65,81,4,2
231,1632271.9401240677,1671144.8801003753,17627,65,77,4,2
232,1679892.2810053325,1713402.4345992885,17627,65,81,4,2
233,1712402.0287720214,1736595.9768185397,17627,65,87,4,2
234,1834265.1431814197,1854011.0738196156,17627,65,348,2,2
235,1846353.5571713413,1865693.8693944293,17627,65,106,2,2
236,1763230.3309628875,1950124.1326498187,17627,65,85,2,2
237,1611404.8532051616,1785296.647256474,17627,65,85,2,2
238,1540088.1103261164,1643481.361696171,17627,65,83,2,2
239,1419131.8337384572,1425431.989399157,17627,65,79,2,2
240,1133931.4749605805,1149968.1323724585,17627,65,69,2,2
241,940945.3496193141,966609.6114182841,17627,65,69,2,2
242,856147.4629898064,894661.1814527264,17627,65,71,2,2
243,839158.230854608,879525.1969548374,17627,65,71,2,2
244,855946.7895895981,886960.8242157092,17627,65,71,2,2
245,901351.5635108317,927055.3492357878,17627,65,71,4,2
246,991359.162708291,1021949.4974455652,17627,65,71,4,2
247,1305386.6452088538,1318660.6229362052,17627,65,69,2,2
248,1549446.559316585,1564030.761388321,17627,65,81,2,2
249,1577904.6059942083,1598221.862825314,17627,65,85,4,2
250,1373549.891105597,1407899.6300393227,17627,65,77,4,2
251,1304214.1793659304,1341326.7224436216,17627,65,79,4,2
252,1196819.8935760695,1240084.6279806371,17627,65,79,4,2
253,1161354.3825095855,1204177.2126744073,17627,65,79,3,2
254,1222698.0391411786,1260873.371485837,17627,65,79,4,2
255,1272925.4604943092,1312451.4880430447,17627,65,79,4,2
256,1447517.7641465564,1468635.349923463,17627,65,87,4,2
257,1533505.2335524636,1551659.0258663916,17627,65,346,2,2
258,1624021.0675486275,1650352.943662886,17627,65,348,2,2
259,1597331.3130069107,1620049.396963539,17627,65,348,2,2
260,1509102.3917460695,1528353.3923784713,17627,65,93,2,2
261,1307143.7912414093,1334620.6156335245,17627,65,77,4,2
262,1225489.8938184911,1251985.508583176,17627,65,77,4,2
263,1041951.5325305519,1104047.3964121023,17627,65,73,2,2
264,800887.3881120805,873969.7003617184,17627,65,72,2,2
265,633868.0168225279,715726.5863176116,17627,65,72,2,2
266,596158.973367359,685174.4950637422,17627,65,73,4,3
267,602936.3666588247,681547.1455581613,17627,65,71,4,3
268,634361.1377924597,694165.9330260649,17627,65,73,4,3
269,676387.7829681986,732166.4539223514,17627,65,73,4,3
270,759292.4823320817,820337.1344064707,17627,65,72,2,2
271,1102266.0767949915,1146729.3703667528,17627,65,69,2,2
272,1359640.971326226,1390025.608320001,17627,65,74,2,2
273,1355672.3874234061,1396992.6126475278,17627,65,75,2,2
274,1208069.1138309056,1274507.532471043,17627,65,74,2,2
275,1174821.7890414922,1250024.3505978417,17627,65,74,2,2
276,1138701.5702322458,1217043.209672099,17627,65,74,2,2
277,1131856.726810163,1207048.6455496778,17627,65,74,2,2
278,1210459.7665287366,1281268.9370309596,17627,65,74,2,2
279,1279365.2000041218,1356996.594038602,17627,65,74,2,2
280,1361209.343266747,1449800.2271163347,17627,65,74,2,2
281,1445877.7404614773,1532827.1862305359,17627,65,75,2,2
282,1601145.8901063642,1642935.801875739,17627,65,77,2,2
283,1638322.3740464146,1667276.6782630119,17627,65,77,4,2
284,1569492.9089617187,1623077.2908347007,17627,65,76,2,2
285,1467704.0710785745,1530491.0220249146,17627,65,73,2,2
286,1428403.005125493,1481640.1867277352,17627,65,72,2,2
287,1330900.9474969197,1359551.7760033158,17627,65,69,2,2
288,1133503.1768838589,1156858.9107512059,17627,65,71,4,2
289,958916.2039463542,987890.0695131572,17627,65,71,4,2
290,878256.6792728426,935521.0173748023,17627,65,71,4,3
291,838734.1284227477,931206.4859375384,17627,65,74,4,3
292,863294.2141554183,963996.3161815009,17627,65,74,4,3
293,902845.8587815654,1008316.7134517154,17627,65,74,4,3
294,960129.4242858472,1069339.6420718268,17627,65,75,4,3
295,1313089.6630043408,1390268.1345585142,17627,65,71,2,2
296,1536017.9967217098,1586896.6337539158,17627,65,75,2,2
297,1551350.7583150782,1596981.4539510987,17627,65,77,2,2
298,1435644.6534014095,1490902.0391597962,17627,65,77,3,2
299,1387618.8184787554,1461226.3986844812,17627,65,75,3,2
300,1398948.6999309643,1475908.9930695363,17627,65,77,3,2
301,1421688.1520582533,1491362.2542916355,17627,65,77,2,2
302,1437260.2631826997,1485930.1525828834,17627,65,74,3,2
303,1497465.789733378,1514451.956857582,17627,65,72,4,2
304,1619540.106694075,1626438.4845430553,17627,65,69,2,2
305,1773308.3491169412,1774764.3318999298,17627,65,79,2,2
306,1988652.8140085468,1990924.9739695827,17627,65,78,2,2
307,2015521.0297351526,2028576.1484661843,17627,65,79,2,2
308,1917785.6997910654,1919983.430369711,17627,65,76,2,2
309,1739033.6596793067,1739895.658974761,17627,65,71,2,2
310,1602285.2166376447,1602632.8829745483,17627,65,74,2,2
311,1533205.2888782718,1533409.457177131,17627,65,73,2,2
312,1311241.6324727677,1311241.632772768,17627,65,65,0,1
313,1139189.4711326505,1139189.4714326507,17627,65,65,0,1
314,1079000.827531401,1079000.827831401,17627,65,65,0,1
315,1025911.9571871529,1025911.9574871529,17627,65,65,0,1
316,1008661.0200059714,1008661.020305972,17627,65,65,0,1
317,994607.235051007,994607.2353510074,17627,65,65,0,1
318,953396.5250970868,953396.5253970878,17627,65,65,0,1
319,958727.3135655303,960678.9524435168,17627,65,69,4,3
320,1054455.757555752,1058194.0474556354,17627,65,69,4,3
321,1133650.0043492266,1133650.0046492277,17627,65,65,0,1
322,1212505.0648602187,1212505.0651602186,17627,65,65,0,1
323,1213537.2621710098,1213537.26247101,17627,65,65,0,1
324,1164708.671128366,1164708.6714283668,17627,65,65,0,1
325,1144100.6814514867,1144100.6817514873,17627,65,65,0,1
326,1121779.8408591582,1121779.8411591586,17627,65,65,0,1
327,1262027.199765915,1262027.200065915,17627,65,65,0,1
328,1453469.423145794,1453815.8753613422,17627,65,69,2,2
329,1616304.9318371569,1616422.4138756592,17627,65,67,2,2
330,1785738.2976378351,1786003.274318223,17627,65,69,2,2
331,1807427.207333865,1807677.1337960386,17627,65,71,2,2
332,1696616.6236186982,1696920.0127066625,17627,65,67,2,2
333,1526472.0595678072,1526553.0931500245,17627,65,67,2,2
334,1425819.4566704126,1425873.958163164,17627,65,67,2,2
335,1402877.8170247555,1402920.6122546578,17627,65,67,2,2
336,1194515.3529923912,1194515.353292391,17627,65,65,0,1
337,1036128.3277327135,1036128.3280327136,17627,65,65,0,1
338,934594.5553792011,934594.5556792018,17627,65,65,0,1
339,916162.9922874889,916162.9925874886,17627,65,65,0,1
340,868982.9092235045,869017.1584401645,17627,65,67,2,2
341,857577.9585030691,895352.6280040862,17627,65,72,4,3
342,829698.9169359036,921892.4917404221,17627,65,74,4,3
343,761055.2059199765,876034.055487236,17627,65,77,4,3
344,759932.3859901349,853608.4258132082,17627,65,78,4,3
345,791821.2702523142,873441.6971504394,17627,65,78,4,3
346,834898.8448104064,911260.2637016797,17627,65,76,3,2
347,823391.7889573525,896452.1370095494,17627,65,76,3,2
348,837607.7447662957,912081.4323126017,17627,65,76,3,2
349,838353.8331387752,914055.742876484,17627,65,76,3,2
350,813171.9161866622,887561.3225520966,17627,65,76,3,2
351,883300.623589961,957664.8419875182,17627,65,76,3,2
352,960522.0374346669,1036203.2748600931,17627,65,77,4,3
353,1048382.0963757549,1126679.8043357823,17627,65,77,4,3
354,1255314.3569248463,1358696.3309132878,17627,65,75,2,2
355,1323044.1156058842,1421110.9470974957,17627,65,72,2,2
356,1275298.061185854,1368148.4069103978,17627,65,72,2,2
357,1177280.0345282275,1265760.8843878356,17627,65,72,2,2
358,1155693.6531215901,1226206.0192464653,17627,65,72,2,2
359,1174608.440926557,1212748.303170556,17627,65,69,2,2
360,1037905.2841551979,1063690.0195410694,17627,65,71,2,2
361,964453.9947352741,974235.3503919402,17627,65,71,4,2
362,965199.2187651483,965199.2190620004,17627,65,65,0,1
363,975080.6942189999,975080.6945152485,17627,65,65,0,1
364,1027524.2761871313,1027524.2764871314,17627,65,65,0,1
365,1085271.2815074488,1085271.2818074487,17627,65,65,0,1
366,1224627.5896009568,1224912.835909608,17627,65,67,2,2
367,1690085.2339771125,1691156.821875452,17627,65,73,2,2
368,2025098.7624576183,2026370.567284533,17627,65,79,2,2
369,2097236.9787126924,2097997.2460008874,17627,65,79,2,2
370,1974749.0780964915,1975435.04468531,17627,65,75,2,2
371,1848560.186923842,1849171.8868616158,17627,65,71,2,2
372,1827159.3651190025,1827773.3729737464,17627,65,70,2,2
373,1833966.966246805,1834703.553596265,17627,65,69,2,2
374,1947832.992240835,1948707.2831813085,17627,65,69,2,2
375,2132200.780400144,2132444.53946235,17627,65,72,2,2
376,2365038.180758547,2365038.181058547,17627,65,65,0,1
377,2527740.024531262,2527740.024831267,17627,65,65,0,1
378,2726167.343031981,2726167.343331982,17627,65,65,0,1
379,2744147.386999813,2744147.387299813,17627,65,65,0,1
380,2657613.8537547886,2657613.8540547895,17627,65,65,0,1
381,2491858.262169598,2491858.2624695976,17627,65,65,0,1
382,2407555.3758560955,2407555.3761561005,17627,65,65,0,1
383,2218553.784284277,2218553.784584278,17627,65,65,0,1
384,1961924.0543070207,1961924.054607021,17627,65,65,0,1
385,1846557.2327577022,1846557.233057702,17627,65,65,0,1
386,1749313.3241194303,1749313.3244194305,17627,65,65,0,1
387,1694889.6022679019,1694889.6025679018,17627,65,65,0,1
388,1679756.655483923,1679756.6557839229,17627,65,65,0,1
389,1704533.9741495042,1704533.9744495037,17627,65,65,0,1
390,1817575.172124778,1817575.1724247779,17627,65,65,0,1
391,2219067.820018529,2219067.820318529,17627,65,65,0,1
392,2501211.6039184164,2501211.6042184173,17627,65,65,0,1
393,2492790.505740192,2492790.5060401936,17627,65,65,0,1
394,2142158.189011529,2142665.266542695,17627,65,69,2,2
395,1919957.1392319228,1920867.156106782,17627,65,69,2,2
396,1798691.8877385184,1799659.200018098,17627,65,69,2,2
397,1709390.42836109,1713849.4486034932,17627,65,70,3,3
398,1717721.5633646287,1721362.6724474286,17627,65,70,3,3
399,1828026.8896541633,1828777.9103416295,17627,65,69,2,2
400,2057971.149306073,2058110.4411229219,17627,65,69,2,2
401,2196522.4331636354,2196522.4334636354,17627,65,65,0,1
402,2349932.6389585277,2349932.6392585277,17627,65,65,0,1
403,2350798.718426254,2350798.718726254,17627,65,65,0,1
404,2291155.650720489,2291155.651020489,17627,65,65,0,1
405,2261168.911262205,2261168.911562205,17627,65,65,0,1
406,2161429.1721460912,2161463.3208829095,17627,65,69,2,2
407,2005878.9892218662,2005964.2590485513,17627,65,71,2,2
408,1830876.428191271,1830929.9454685508,17627,65,69,2,2
409,1707013.7658936698,1707013.7661936698,17627,65,65,0,1
410,1636722.8351263488,1636722.8353992777,17627,65,65,0,1
411,1624905.2283942555,1624905.2286512426,17627,65,65,0,1
412,1637806.8801585636,1637806.880426938,17627,65,65,0,1
413,1672476.9940892933,1672476.9943892932,17627,65,65,0,1
414,1775843.2627173827,1775843.2630173825,17627,65,65,0,1
415,2114555.072884056,2114573.8509513508,17627,65,69,2,2
416,2367394.599878286,2367394.600178286,17627,65,65,0,1
417,2323639.369426071,2323639.369726071,17627,65,65,0,1
418,2142044.3095423244,2142205.3262934554,17627,65,69,2,2
419,2034287.424651083,2035072.6783971174,17627,65,69,2,2
420,1944313.3826997285,1950603.7945565784,17627,65,70,3,3
421,1946449.6343622059,1953805.4005863427,17627,65,70,3,3
422,2020519.1353454865,2021146.1267803572,17627,65,69,2,2
423,2116459.4634479526,2116681.2791028633,17627,65,69,2,2
424,2271521.8167644637,2271521.8170644636,17627,65,65,0,1
425,2386149.2136040465,2386149.2139040465,17627,65,65,0,1
426,2527166.71757251,2527166.717872514,17627,65,65,0,1
427,2518695.8368638284,2518695.8371638334,17627,65,65,0,1
428,2391048.3020488867,2391048.302348887,17627,65,65,0,1
429,2224574.229689833,2224574.2299898327,17627,65,65,0,1
430,2139368.679894765,2139368.680194765,17627,65,65,0,1
431,1993667.4383248615,1993667.4386248614,17627,65,65,0,1
432,1823485.6439610084,1823485.6442610072,17627,65,65,0,1
433,1701513.5497764638,1701513.5500764633,17627,65,65,0,1
434,1654312.1421251216,1654312.1424251213,17627,65,65,0,1
435,1637223.8235068065,1637223.823806806,17627,65,65,0,1
436,1687527.4653386942,1687527.465638694,17627,65,65,0,1
437,1728079.6029237318,1728079.603223731,17627,65,65,0,1
438,1877124.0903078592,1877124.0906078592,17627,65,65,0,1
439,2211524.0037152846,2211524.0040152846,17627,65,65,0,1
440,2459525.7623502556,2459525.76265026,17627,65,65,0,1
441,2493332.1627163887,2493332.1630163887,17627,65,65,0,1
442,2345153.39138416,2345153.3916841606,17627,65,65,0,1
443,2390546.3411680595,2390546.341468071,17627,65,65,0,1
444,2427865.9060994685,2427865.9063994787,17627,65,65,0,1
445,2480515.8089194256,2480515.8092194307,17627,65,65,0,1
446,2516428.3926221435,2516428.3929221565,17627,65,65,0,1
447,2504744.653844715,2504744.654144719,17627,65,65,0,1
448,2507325.865735078,2507325.86603508,17627,65,65,0,1
449,2471531.5146776997,2471531.5149777033,17627,65,65,0,1
450,2590062.9793635113,2590062.9796635103,17627,65,65,0,1
451,2635167.764666236,2635167.7649662355,17627,65,65,0,1
452,2601587.999686016,2601587.999986015,17627,65,65,0,1
453,2472888.3185877563,2472888.3188877567,17627,65,65,0,1
454,2438306.498297813,2438306.498597812,17627,65,65,0,1
455,2210880.5335987797,2210880.53389878,17627,65,65,0,1
456,1864751.1069372748,1864751.1072372748,17627,65,65,0,1
457,1589702.2823357051,1589702.282635705,17627,65,65,0,1
458,1475353.8453364025,1475353.8456364025,17627,65,65,0,1
459,1428529.5797682519,1428529.5800682518,17627,65,65,0,1
460,1461538.3749719323,1461538.3752719322,17627,65,65,0,1
461,1508080.430706062,1508080.4310060614,17627,65,65,0,1
462,1659706.7741018187,1659706.7744018193,17627,65,65,0,1
463,2001465.6815410135,2001465.6818410135,17627,65,65,0,1
464,2280281.591004692,2280281.5913046957,17627,65,65,0,1
465,2361354.401675314,2361354.4019753183,17627,65,65,0,1
466,2208693.2782971496,2208693.2785971505,17627,65,65,0,1
467,2133951.512578672,2133951.512878672,17627,65,65,0,1
468,2114018.7993924813,2114216.4186717486,17627,65,67,2,2
469,2129945.7295856625,2130115.5030018426,17627,65,67,2,2
470,2186195.5002972228,2186195.5005972227,17627,65,65,0,1
471,2338642.162222734,2338642.1625227346,17627,65,65,0,1
472,2524511.3698481196,2524511.370148131,17627,65,65,0,1
473,2707297.3488487517,2707297.3491487503,17627,65,65,0,1
474,2806741.185858579,2806741.1861585784,17627,65,65,0,1
475,2780528.534891394,2780528.535191394,17627,65,65,0,1
476,2644062.761928442,2644062.762228441,17627,65,65,0,1
477,2440545.36597086,2440545.366270864,17627,65,65,0,1
478,2336533.17153548,2336533.1718354803,17627,65,65,0,1
479,2214597.1637542946,2214597.1640542946,17627,65,65,0,1
480,2073894.6546592806,2073894.6549592805,17627,65,65,0,1
481,1906882.9102405398,1906882.91054054,17627,65,65,0,1
482,1826213.1378020705,1826213.1381020704,17627,65,65,0,1
483,1779461.5359052743,1779461.5362052748,17627,65,65,0,1
484,1721654.4963788805,1721654.4966788804,17627,65,65,0,1
485,1672519.1800919324,1672519.1803919324,17627,65,65,0,1
486,1585405.339508635,1585405.339808635,17627,65,65,0,1
487,1527948.2434873548,1527948.2437873548,17627,65,65,0,1
488,1607529.3529169357,1607529.3532169354,17627,65,65,0,1
489,1688396.2205233043,1688396.2208233033,17627,65,65,0,1
490,1734756.4235033698,1734818.8163137278,17627,65,67,2,2
491,1723532.5113381562,1723643.202206951,17627,65,67,2,2
492,1635518.7316523702,1635859.2226234728,17627,65,68,3,3
493,1545565.7218120322,1553902.4315939625,17627,65,68,3,2
494,1535407.480326048,1536293.358747002,17627,65,68,3,2
495,1532310.2877623262,1532310.2880494744,17627,65,65,0,1
496,1609453.7155282635,1609453.7158282632,17627,65,65,0,1
497,1689917.6153903778,1689917.615690378,17627,65,65,0,1
498,1836789.554644886,1836789.5549448864,17627,65,65,0,1
499,1902422.2430162118,1902422.2433162117,17627,65,65,0,1
500,1763816.7011392026,1763816.7014392018,17627,65,65,0,1
501,1606505.788934282,1606505.789234282,17627,65,65,0,1
502,1596469.8810316937,1596469.8813316934,17627,65,65,0,1
503,1571673.5200353363,1571673.5203353362,17627,65,65,0,1
504,1424036.821912563,1424036.822212563,17627,65,65,0,1
505,1241217.8788509078,1241217.8790924398,17627,65,65,0,1
506,1170392.2301444535,1170392.2304444616,17627,65,65,0,1
507,1147362.3346989008,1147362.3349988991,17627,65,65,0,1
508,1161784.1814584127,1161784.181758409,17627,65,65,0,1
509,1190742.1311738994,1190742.1314738947,17627,65,65,0,1
510,1158868.7945898059,1158868.794889805,17627,65,65,0,1
511,1094418.3026784598,1094418.3029784572,17627,65,65,0,1
512,1111276.1208083292,1111276.121108322,17627,65,65,0,1
513,1180257.247967319,1180257.2482673214,17627,65,65,0,1
514,1313971.7197283206,1313971.7199731697,17627,65,65,0,1
515,1409934.8432907872,1409934.8435620454,17627,65,65,0,1
516,1524691.3768653413,1524691.3771653413,17627,65,65,0,1
517,1586527.5828844875,1586527.5831844872,17627,65,65,0,1
518,1577466.1804239939,1577466.1807239936,17627,65,65,0,1
519,1525254.0545269,1525254.0548268997,17627,65,65,0,1
520,1511209.1347066157,1511209.1350066157,17627,65,65,0,1
521,1501235.5300384075,1501235.5303384075,17627,65,65,0,1
522,1631797.971067537,1631797.971367537,17627,65,65,0,1
523,1730471.9726136154,1730471.972913615,17627,65,65,0,1
524,1691529.393678728,1691529.3939787277,17627,65,65,0,1
525,1662281.5433701014,1662281.5436701013,17627,65,65,0,1
526,1674760.7185350442,1674760.7188350437,17627,65,65,0,1
527,1711976.7664430859,1711976.7667430856,17627,65,65,0,1
528,1560827.6508920868,1560827.6511920867,17627,65,65,0,1
529,1374977.3844850915,1374977.3847841804,17627,65,65,0,1
530,1303185.573618194,1303185.5738738452,17627,65,65,0,1
531,1304379.2367233138,1304379.2369843207,17627,65,65,0,1
532,1310687.2684668126,1310687.268742753,17627,65,65,0,1
533,1351755.9260652843,1351755.9263652842,17627,65,65,0,1
534,1493178.8603308839,1493178.8606308838,17627,65,65,0,1
535,1951686.5849400014,1951686.585240001,17627,65,65,0,1
536,2280124.8982918663,2280124.8985918644,17627,65,65,0,1
537,2330706.5118508725,2330706.512150873,17627,65,65,0,1
538,2226279.4477841496,2226279.448084156,17627,65,65,0,1
539,2257141.872913362,2257141.8732133657,17627,65,65,0,1
540,2273010.675941714,2273010.676241714,17627,65,65,0,1
541,2244734.9178747013,2244734.9181747013,17627,65,65,0,1
542,2235946.5075123133,2235946.5078123133,17627,65,65,0,1
543,2248061.590135561,2248061.5904355617,17627,65,65,0,1
544,2344617.55443818,2344617.554738181,17627,65,65,0,1
545,2391468.153422514,2391468.1537225144,17627,65,65,0,1
546,2516976.0029307185,2516976.003230717,17627,65,65,0,1
547,2551972.7150407047,2551972.715340705,17627,65,65,0,1
548,2408018.4626515945,2408018.462951594,17627,65,65,0,1
549,2225897.830822028,2225897.8311220286,17627,65,65,0,1
550,2088952.6636486684,2088952.6639486682,17627,65,65,0,1
551,1903634.5800819579,1903634.5803819578,17627,65,65,0,1
552,1583252.3346299836,1583252.3349299836,17627,65,65,0,1
553,1385408.9287512791,1385408.929008101,17627,65,65,0,1
554,1266919.4278706159,1266919.4281155774,17627,65,65,0,1
555,1201881.7932621185,1201881.7935621152,17627,65,65,0,1
556,1216746.1680269,1216746.1683268924,17627,65,65,0,1
557,1278157.7711375651,1278157.7714375672,17627,65,65,0,1
558,1456412.518720089,1456412.5189567707,17627,65,65,0,1
559,1879826.557008497,1879967.9146834542,17627,65,69,2,2
560,2177115.1173080597,2177170.3887153687,17627,65,69,2,2
561,2209822.7718660105,2209921.5303847995,17627,65,69,2,2
562,2057579.1162569218,2057668.1022113157,17627,65,69,2,2
563,2007675.3976676438,2007770.0619404847,17627,65,69,2,2
564,1982710.6864351502,1982884.5278694758,17627,65,69,2,2
565,2019411.204539027,2019567.6963614265,17627,65,69,2,2
566,2119907.138999281,2120125.9909236734,17627,65,67,2,2
567,2185927.2882027174,2186148.9701234945,17627,65,67,2,2
568,2309306.1745275003,2309306.1748275007,17627,65,65,0,1
569,2330003.292931132,2330003.293231132,17627,65,65,0,1
570,2456318.5630192454,2456318.5633192468,17627,65,65,0,1
571,2559078.8857953884,2559078.8860953934,17627,65,65,0,1
572,2515876.0487520434,2515876.0490520443,17627,65,65,0,1
573,2434112.158118105,2434112.1584181054,17627,65,65,0,1
574,2360676.985617621,2360676.985917621,17627,65,65,0,1
575,2146301.9292297224,2146301.9295297214,17627,65,65,0,1
576,1863127.307640425,1863127.467211155,17627,65,67,2,2
577,1683246.332208394,1683246.3325083938,17627,65,65,0,1
578,1650324.804134822,1650324.804434822,17627,65,65,0,1
579,1617397.8935695128,1617397.8938695127,17627,65,65,0,1
580,1637938.9771370413,1637938.9774370412,17627,65,65,0,1
581,1733391.8705339287,1733391.8708339285,17627,65,65,0,1
582,1878571.0821001804,1878571.08240018,17627,65,65,0,1
583,2318606.0296042426,2318606.0299042426,17627,65,65,0,1
584,2585505.9769786764,2585505.9772786754,17627,65,65,0,1
585,2576846.8828199687,2576846.8831199673,17627,65,65,0,1
586,2427812.9878062843,2427812.9881062843,17627,65,65,0,1
587,2354704.6535937395,2354704.6538937395,17627,65,65,0,1
588,2300323.8661486083,2300323.866448609,17627,65,65,0,1
589,2250591.7701566247,2250591.7704566247,17627,65,65,0,1
590,2267182.8096055784,2267182.809905579,17627,65,65,0,1
591,2302072.1676702984,2302072.1679702983,17627,65,65,0,1
592,2397694.6169443247,2397694.6172443326,17627,65,65,0,1
593,2463103.7234199527,2463103.723719953,17627,65,65,0,1
594,2598336.9909144333,2598336.9912144328,17627,65,65,0,1
595,2700001.553950346,2700001.554250345,17627,65,65,0,1
596,2559939.314157274,2559939.3144572717,17627,65,65,0,1
597,2400744.6044500847,2400744.604750091,17627,65,65,0,1
598,2255086.117270478,2255086.117570479,17627,65,65,0,1
599,2114339.849812779,2114339.850112779,17627,65,65,0,1
600,1870402.4624198847,1870402.462719885,17627,65,65,0,1
601,1708115.9049601457,1708115.9052601461,17627,65,65,0,1
602,1625728.3675983052,1625728.367898305,17627,65,65,0,1
603,1557600.5965916563,1557600.596891656,17627,65,65,0,1
604,1553921.5521671078,1553921.5524671078,17627,65,65,0,1
605,1570814.9085204303,1570814.9088204303,17627,65,65,0,1
606,1688708.7653801376,1688708.7656801373,17627,65,65,0,1
607,2016606.5261499041,2016606.5264499036,17627,65,65,0,1
608,2215681.643875352,2215681.644175352,17627,65,65,0,1
609,2172232.659824704,2172232.660124704,17627,65,65,0,1
610,2077816.6796125988,2077871.9158998157,17627,65,70,2,2
611,2024997.3194001918,2025133.206928955,17627,65,73,2,2
612,1967693.543160888,1967950.5865187622,17627,65,71,2,2
613,1939559.5154624926,1939929.01260345,17627,65,71,2,2
614,1927915.8077086806,1928346.1790286368,17627,65,71,2,2
615,1906980.0998201878,1907430.8992493318,17627,65,74,2,2
616,1958313.8337225243,1958868.6996574856,17627,65,78,2,2
617,1967795.6089530473,1968963.9412889113,17627,65,78,2,2
618,2037661.647360927,2038442.6117888235,17627,65,79,2,2
619,2123345.5904582837,2124275.246760929,17627,65,79,2,2
620,2096616.332989642,2097318.5184956994,17627,65,79,2,2
621,1983922.5400659195,1984640.2378323216,17627,65,76,2,2
622,1903151.0564175076,1904186.1866970458,17627,65,75,2,2
623,1779330.4645152309,1780786.158029882,17627,65,71,2,2
624,1622991.198047671,1623104.0644476803,17627,65,67,2,2
625,1410745.883154568,1410810.4126509344,17627,65,67,2,2
626,1281064.0872198446,1281130.9860549015,17627,65,67,2,2
627,1236954.1257353409,1237010.6161783533,17627,65,67,2,2
628,1250479.8570892576,1250536.7765317233,17627,65,67,2,2
629,1333386.3432649514,1333476.1615013636,17627,65,67,2,2
630,1455634.9978950475,1455725.7054694414,17627,65,67,2,2
631,1840842.6378899384,1850312.880000812,17627,65,73,2,2
632,2082235.661493437,2083545.9090485445,17627,65,79,2,2
633,2184419.6067754864,2185732.8584433687,17627,65,81,2,2
634,1990422.341837034,1991274.5239520837,17627,65,79,2,2
635,1927511.4135558982,1928239.3310127505,17627,65,77,2,2
636,1947133.7593995773,1947941.9490648424,17627,65,75,2,2
637,1942452.068941708,1943187.356607055,17627,65,75,2,2
638,1946938.4441618726,1947541.5909502516,17627,65,72,2,2
639,1977194.313355528,1977722.3223733762,17627,65,71,2,2
640,2140513.329600903,2140677.75609174,17627,65,74,2,2
641,2264386.8608126906,2264386.8611126905,17627,65,65,0,1
642,2425303.1899860036,2425303.190286004,17627,65,65,0,1
643,2511178.4493634636,2511178.449663469,17627,65,65,0,1
644,2392562.8170767203,2392562.8173767203,17627,65,65,0,1
645,2237529.549314157,2237529.549614157,17627,65,65,0,1
646,2145785.391447353,2145785.391747353,17627,65,65,0,1
647,2048168.630452271,2048168.630752271,17627,65,65,0,1
648,1807045.466208125,1807045.466508125,17627,65,65,0,1
649,1594898.6465401715,1594898.6468401714,17627,65,65,0,1
650,1472724.7742427876,1472724.7745427876,17627,65,65,0,1
651,1383514.6936253961,1383514.6938567834,17627,65,65,0,1
652,1355388.0831170604,1355388.0833319179,17627,65,65,0,1
653,1289566.9567184625,1289566.9570184578,17627,65,65,0,1
654,1210009.16578539,1210009.1660853862,17627,65,65,0,1
655,1188365.718397276,1188365.7186972764,17627,65,65,0,1
656,1248967.674556627,1248967.6748566274,17627,65,65,0,1
657,1310254.3741295247,1310328.3317509857,17627,65,69,2,2
658,1354247.0466387826,1354671.020128112,17627,65,69,2,2
659,1298648.656830031,1299032.401260695,17627,65,67,2,2
660,1191792.5880951881,1191792.588395188,17627,65,65,0,1
661,1123630.2405522224,1133756.740204702,17627,65,69,4,2
662,1046270.7169220442,1100486.6757259741,17627,65,73,3,2
663,1039595.370478499,1122504.850229936,17627,65,73,2,2
664,1085405.2277189193,1171533.5627717148,17627,65,75,2,2
665,1170900.1211946688,1249479.0306734086,17627,65,75,2,2
666,1268096.6257826819,1366436.9890525949,17627,65,75,2,2
667,1358332.3405000076,1458498.4547919873,17627,65,76,2,2
668,1273453.8521801003,1368476.326378995,17627,65,73,2,2
669,1131345.0952554632,1222581.609941927,17627,65,71,2,2
670,1096187.1038845894,1169668.0099335122,17627,65,71,2,2
671,1069888.642630511,1112081.1032780295,17627,65,69,2,2
672,969873.4229945366,995943.3527922833,17627,65,69,2,2
673,848516.6603258143,876654.8339692492,17627,65,71,4,2
674,779096.4396422844,825290.6586621876,17627,65,71,4,3
675,746445.623606802,798809.9283097315,17627,65,71,4,3
676,716162.7339427151,779259.1817229502,17627,65,71,4,3
677,684834.6539099305,759702.9069090383,17627,65,71,4,3
678,642935.7191960928,742831.5968729723,17627,65,71,4,3
679,601880.337714194,680889.440684057,17627,65,71,4,3
680,641385.0004491772,742466.1213929986,17627,65,74,4,3
681,713074.7978073338,756839.825401551,17627,65,72,3,2
682,743599.5349170344,782044.4845485133,17627,65,73,1,2
683,803759.4041635403,836293.7590681026,17627,65,73,1,2
684,905624.1962339882,919912.0902660531,17627,65,69,2,2
685,984168.7531136686,996135.3697975918,17627,65,69,2,2
686,965319.9052936165,965624.8531116951,17627,65,68,2,2
687,974274.2083315576,974274.2086315581,17627,65,65,0,1
688,1038138.8256400502,1038138.8259400502,17627,65,65,0,1
689,1148829.6303536706,1148829.6306536705,17627,65,65,0,1
690,1355082.4245672007,1355085.751634212,17627,65,67,2,2
691,1509084.7095837928,1509084.7098245246,17627,65,65,0,1
692,1466833.2939788175,1466833.2942194704,17627,65,65,0,1
693,1346972.4041434478,1346972.4044389538,17627,65,65,0,1
694,1335769.454432768,1335769.4547217814,17627,65,65,0,1
695,1352957.2159556113,1352957.2161921405,17627,65,65,0,1
696,1185320.0268509472,1185320.027150943,17627,65,65,0,1
697,1057675.1378381066,1057675.1381381,17627,65,65,0,1
698,994545.581255259,994545.5815552569,17627,65,65,0,1
699,959829.9568777175,959829.9571777168,17627,65,65,0,1
700,973362.2239432943,973362.2242406409,17627,65,65,0,1
701,1049919.4791417797,1049919.4793735861,17627,65,65,0,1
702,1173866.6283016496,1173866.6285300734,17627,65,65,0,1
703,1613409.7793548,1613409.7796548,17627,65,65,0,1
704,1925561.9865125394,1925561.9868125392,17627,65,65,0,1
705,2026229.7569011967,2026229.7572011969,17627,65,65,0,1
706,2000629.1705794516,2000629.170879452,17627,65,65,0,1
707,2009755.411225523,2009755.411525523,17627,65,65,0,1
708,2026274.5418992592,2026318.169049887,17627,65,67,2,2
709,2073821.5282536973,2073821.5285536975,17627,65,65,0,1
710,2121565.8144618473,2121565.8147618473,17627,65,65,0,1
711,2143173.8348594354,2143173.835159439,17627,65,65,0,1
712,2222574.498650751,2222574.4989507506,17627,65,65,0,1
713,2232930.900707241,2232930.90100724,17627,65,65,0,1
714,2284674.930812382,2284674.931112381,17627,65,65,0,1
715,2362542.7261068234,2362542.7264068224,17627,65,65,0,1
716,2285422.765733586,2285422.766033584,17627,65,65,0,1
717,2167828.2959897174,2167828.296289722,17627,65,65,0,1
718,2126623.600907687,2126623.601207689,17627,65,65,0,1
719,2047914.7928407774,2047914.7931407783,17627,65,65,0,1
720,1865729.2472667657,1865729.2475667656,17627,65,65,0,1
721,1727210.440902369,1727210.441202369,17627,65,65,0,1
722,1653308.293401089,1653308.2937010885,17627,65,65,0,1
723,1646416.3592353365,1646416.359535336,17627,65,65,0,1
724,1654936.229151262,1654936.2294512612,17627,65,65,0,1
725,1675507.8432211191,1675507.8435211186,17627,65,65,0,1
726,1765512.685011982,1765512.6853119817,17627,65,65,0,1
727,2109059.747270099,2109059.747570099,17627,65,65,0,1
728,2364555.8074155357,2364555.8077155408,17627,65,65,0,1
729,2283484.584108174,2283484.584408174,17627,65,65,0,1
730,2140050.6063117655,2140392.72549379,17627,65,69,2,2
731,2063972.2799246565,2064307.4421009934,17627,65,69,2,2
732,2011592.2297803285,2012025.8995905262,17627,65,69,2,2
733,2073341.578838369,2073481.0583233312,17627,65,67,2,2
734,2111262.6686868607,2111325.3262958345,17627,65,67,2,2
735,2111131.516764354,2111131.517064354,17627,65,65,0,1
736,2153527.300975152,2153527.301275152,17627,65,65,0,1
737,2229618.3935838058,2229618.393883806,17627,65,65,0,1
738,2310301.2707090117,2310301.271009012,17627,65,65,0,1
739,2420611.853523477,2420611.8538234807,17627,65,65,0,1
740,2348261.5815605186,2348261.581860524,17627,65,65,0,1
741,2235129.263277785,2235129.263577786,17627,65,65,0,1
742,2170381.799096921,2170381.7993969214,17627,65,65,0,1
743,2052525.1087126099,2052525.10901261,17627,65,65,0,1
744,1798246.6258697894,1798246.6261697896,17627,65,65,0,1
745,1679804.4468297607,1679804.4471297613,17627,65,65,0,1
746,1567160.4621899603,1567160.4624899605,17627,65,65,0,1
747,1476644.6826258558,1476644.6829258557,17627,65,65,0,1
748,1447308.9191886196,1447308.9194886193,17627,65,65,0,1
749,1462479.4548285753,1462479.4551285752,17627,65,65,0,1
750,1543709.007528915,1543709.0078289146,17627,65,65,0,1
751,1870650.4293373434,1870650.4296373436,17627,65,65,0,1
752,2107403.898552286,2107403.8988522864,17627,65,65,0,1
753,2049409.7828030335,2049409.7831030334,17627,65,65,0,1
754,1880700.14487263,1880700.14517263,17627,65,65,0,1
755,1792778.9609030122,1792778.9612030121,17627,65,65,0,1
756,1692697.1542969125,1692712.7401865688,17627,65,67,2,2
757,1626821.2415009378,1626843.1670889119,17627,65,67,2,2
758,1610209.386374994,1610238.3668181663,17627,65,67,2,2
759,1676002.0538731415,1676035.985667219,17627,65,67,2,2
760,1755313.8831435046,1755367.2694653054,17627,65,67,2,2
761,1824135.0530704465,1824144.526766358,17627,65,67,2,2
762,1932930.043557693,1932948.4084715047,17627,65,69,2,2
763,2144923.4232347333,2144923.4235347337,17627,65,65,0,1
764,2060348.555667524,2060348.555967524,17627,65,65,0,1
765,1913338.7714690785,1913381.253138633,17627,65,69,2,2
766,1870619.134576439,1870672.3561611497,17627,65,69,2,2
767,1827354.9960810116,1827405.2181601524,17627,65,69,2,2
768,1664053.0903476246,1664073.8014553254,17627,65,69,2,2
769,1543572.3297433127,1543572.3300433126,17627,65,65,0,1
770,1428691.4902308765,1428691.490503581,17627,65,65,0,1
771,1402602.1157136895,1402602.115963811,17627,65,65,0,1
772,1375995.3734358968,1375995.3736662997,17627,65,65,0,1
773,1393396.9705159434,1393396.970757544,17627,65,65,0,1
774,1497057.1930293625,1497057.1933293624,17627,65,65,0,1
775,1782503.9727379011,1782562.9996058035,17627,65,69,2,2
776,2057870.410231307,2057870.4105313069,17627,65,65,0,1
777,1999467.5566968112,1999597.9814365276,17627,65,69,2,2
778,1801528.3377802265,1801943.8896994712,17627,65,69,2,2
779,1674716.4491683785,1675175.8154265697,17627,65,69,2,2
780,1596409.1497216844,1596779.4113906545,17627,65,69,2,2
781,1597406.4465204948,1597726.0511162893,17627,65,69,2,2
782,1633615.8021705775,1633926.6904224285,17627,65,69,2,2
783,1737480.3520695441,1737802.7481901175,17627,65,69,2,2
784,1899641.8947554089,1899768.576887861,17627,65,71,2,2
785,2052733.670557571,2052737.0578358048,17627,65,67,2,2
786,2202073.553661256,2202073.553961256,17627,65,65,0,1
787,2379811.6909169713,2379811.691216972,17627,65,65,0,1
788,2359088.653808022,2359088.654108022,17627,65,65,0,1
789,2327935.9123641225,2327935.9126641224,17627,65,65,0,1
790,2363023.443657079,2363023.4439570797,17627,65,65,0,1
791,2360005.407707542,2360005.408007542,17627,65,65,0,1
792,2196668.1638708604,2196668.164170861,17627,65,65,0,1
793,2065262.8709663374,2065262.8712663373,17627,65,65,0,1
794,2006307.8206727246,2006307.8209727244,17627,65,65,0,1
795,1964322.0594867477,1964322.0597867474,17627,65,65,0,1
796,1955729.2334991032,1955729.2337991036,17627,65,65,0,1
797,1978187.441951903,1978187.4422519028,17627,65,65,0,1
798,2040577.9358128875,2040577.936112887,17627,65,65,0,1
799,2329324.8336823154,2329324.8339823163,17627,65,65,0,1
800,2565278.9589237906,2565278.9592237896,17627,65,65,0,1
801,2515115.6617314178,2515115.662031418,17627,65,65,0,1
802,2276341.881968645,2276341.8822686444,17627,65,65,0,1
803,2112077.43028498,2112462.103776218,17627,65,67,2,2
804,2010007.73370313,2010362.0313731628,17627,65,69,2,2
805,2020962.1025059726,2021313.8789729318,17627,65,69,2,2
806,2045232.6587196714,2045485.4086513375,17627,65,67,2,2
807,2080847.7078453347,2080905.9689671618,17627,65,67,2,2
808,2179375.644831175,2179375.645131175,17627,65,65,0,1
809,2290379.3856771025,2290379.3859771076,17627,65,65,0,1
810,2384286.0510257725,2384286.0513257715,17627,65,65,0,1
811,2515949.289190962,2515949.289490961,17627,65,65,0,1
812,2384880.8979407717,2384880.89824077,17627,65,65,0,1
813,2174411.8681754824,2174411.868475487,17627,65,65,0,1
814,2139574.515265341,2139574.5155653493,17627,65,65,0,1
815,2156949.6635472453,2156949.663847245,17627,65,65,0,1
816,2044415.6415544008,2044415.6418544091,17627,65,65,0,1
817,1860278.8018719584,1860278.8021719586,17627,65,65,0,1
818,1742262.9580211344,1742262.9583211343,17627,65,65,0,1
819,1643994.9833593776,1643994.9836593778,17627,65,65,0,1
820,1617477.3863533214,1617477.3866533213,17627,65,65,0,1
821,1596962.8802081854,1596962.8805081851,17627,65,65,0,1
822,1548020.0081978887,1548020.0084978887,17627,65,65,0,1
823,1507593.2373008914,1507593.2376008928,17627,65,65,0,1
824,1613576.7492817193,1613576.7495817188,17627,65,65,0,1
825,1674061.4528081976,1674067.0136843678,17627,65,67,2,2
826,1594101.5232340775,1594339.9541678384,17627,65,67,2,2
827,1501211.516991748,1513111.278531241,17627,65,68,3,2
828,1409082.3085238445,1430278.065253163,17627,65,69,3,2
829,1418833.7371057847,1433993.3504020772,17627,65,68,3,2
830,1502204.3897045963,1503540.1152378249,17627,65,68,3,2
831,1662019.2093852502,1662078.8340790784,17627,65,67,2,2
832,1880045.656978751,1880059.3737751502,17627,65,67,2,2
833,2054273.929012236,2054273.9293122361,17627,65,65,0,1
834,2186213.3583119367,2186213.3586119367,17627,65,65,0,1
835,2378252.065492484,2378252.06579249,17627,65,65,0,1
836,2274733.9577506837,2274733.9580506845,17627,65,65,0,1
837,2114461.546657655,2114461.546957655,17627,65,65,0,1
838,2124126.354070465,2124126.354370465,17627,65,65,0,1
839,2142691.2803569892,2142691.280656989,17627,65,65,0,1
840,2022961.8567563966,2022961.8570563965,17627,65,65,0,1
841,1828718.227912298,1828718.228212298,17627,65,65,0,1
842,1702974.941468121,1702974.9417681205,17627,65,65,0,1
843,1645508.9705231634,1645508.9708231646,17627,65,65,0,1
844,1561881.6332555243,1561881.633555524,17627,65,65,0,1
845,1491708.5541845323,1491708.5544845322,17627,65,65,0,1
846,1408361.6940601957,1408361.6943601957,17627,65,65,0,1
847,1252303.2255263536,1252303.2257501543,17627,65,65,0,1
848,1264728.976125099,1264728.9763609986,17627,65,65,0,1
849,1319528.651670674,1319528.6518941035,17627,65,65,0,1
850,1382629.3239427074,1382629.3241502552,17627,65,65,0,1
851,1355219.8477743648,1355219.848054434,17627,65,65,0,1
852,1336984.4380912106,1336984.4383911856,17627,65,65,0,1
853,1351556.6748331408,1351556.6751331398,17627,65,65,0,1
854,1309639.0079855141,1309639.0082855169,17627,65,65,0,1
855,1368381.7451184106,1368381.7454184033,17627,65,65,0,1
856,1484212.26181986,1484212.2621198497,17627,65,65,0,1
857,1591325.9659951148,1591325.9662326325,17627,65,65,0,1
858,1713828.8167688148,1713828.8170080727,17627,65,65,0,1
859,1912644.009007541,1912650.8918715396,17627,65,67,2,2
860,1866233.04551822,1866233.04581822,17627,65,65,0,1
861,1774707.7030614568,1774707.7033452012,17627,65,65,0,1
862,1758967.082665275,1758967.0829593285,17627,65,65,0,1
863,1774714.6703832063,1774714.6706832065,17627,65,65,0,1
864,1601360.161531149,1601360.161785625,17627,65,65,0,1
865,1451379.9400601904,1451379.9402745264,17627,65,65,0,1
866,1365008.8792816724,1365008.8795323994,17627,65,65,0,1
867,1313258.561619441,1313258.5618791839,17627,65,65,0,1
868,1290886.187464842,1290886.1877376712,17627,65,65,0,1
869,1333447.6529180007,1333447.6531666217,17627,65,65,0,1
870,1457589.2572554955,1457589.2574934266,17627,65,65,0,1
871,1807012.01670382,1807053.4000983122,17627,65,69,2,2
872,2007491.7422548763,2007530.3322759005,17627,65,69,2,2
873,1970172.6492078337,1970298.3957891928,17627,65,69,2,2
874,1837911.9339753285,1838319.970447566,17627,65,69,2,2
875,1725945.8440725296,1726307.9322860155,17627,65,69,2,2
876,1615576.6406079363,1626683.7979786599,17627,65,70,3,2
877,1575854.0090227977,1588721.6089428365,17627,65,70,3,2
878,1609710.727612149,1621167.483315547,17627,65,70,3,2
879,1730817.0590735062,1746444.2981505492,17627,65,70,3,2
880,1966784.1671597962,1967192.3427096847,17627,65,69,2,2
881,2180010.3884845627,2180026.214752517,17627,65,67,2,2
882,2326889.335985206,2326889.336285206,17627,65,65,0,1
883,2519853.3197830077,2519853.3200830086,17627,65,65,0,1
884,2523005.337622142,2523005.337922143,17627,65,65,0,1
885,2430073.262707022,2430073.263007022,17627,65,65,0,1
886,2429416.5168100935,2429416.5171100935,17627,65,65,0,1
887,2369856.7354838983,2369856.7357838983,17627,65,65,0,1
888,2172886.653022007,2172886.653322007,17627,65,65,0,1
889,2059414.2119488823,2059414.2122488825,17627,65,65,0,1
890,1976188.0415996544,1976188.0418996536,17627,65,65,0,1
891,1929082.292254569,1929082.2925545687,17627,65,65,0,1
892,1934941.4583038394,1934941.458603839,17627,65,65,0,1
893,1901164.0423594043,1901164.0426594047,17627,65,65,0,1
894,1944759.3711284997,1944759.371428499,17627,65,65,0,1
895,2193908.5953870914,2193908.5956870914,17627,65,65,0,1
896,2410435.482102367,2410435.482402367,17627,65,65,0,1
897,2287034.897993863,2287281.9002157724,17627,65,71,2,2
898,2034468.072349186,2035242.2635168415,17627,65,69,2,2
899,1914951.316616272,1924094.5752539476,17627,65,70,3,3
900,1846211.3838422706,1858044.6464303273,17627,65,70,3,2
901,1770635.3338396929,1775547.1608191868,17627,65,70,3,3
902,1795631.0123879611,1796914.9842003146,17627,65,69,2,2
903,1913305.7744344366,1913729.7612044555,17627,65,69,2,2
904,2004516.1590164816,2005723.1813198577,17627,65,77,2,2
905,1962587.7486508156,1985376.922495283,17627,65,77,2,2
906,2029789.1492465714,2063772.6714538592,17627,65,79,2,2
907,2146315.0695736306,2185320.911956605,17627,65,85,2,2
908,2089521.6434423118,2174978.0384506215,17627,65,85,2,2
909,1975542.182831862,2112563.094937017,17627,65,81,2,2
910,1950807.290184772,2061291.37828603,17627,65,79,2,2
911,1843712.2904674723,1859371.5415485026,17627,65,79,2,2
912,1634924.6175331753,1674880.9348630002,17627,65,79,2,2
913,1417600.2359344831,1418438.873015551,17627,65,68,2,2
914,1299729.4055192522,1299750.270715783,17627,65,67,2,2
915,1204157.6149178697,1228721.0916668016,17627,65,69,2,2
916,1175976.0937709743,1203241.5018548386,17627,65,69,2,2
917,1186252.3009142322,1205591.82707712,17627,65,69,2,2
918,1242653.0845654493,1244981.8973944762,17627,65,67,2,2
919,1525760.368294847,1526895.9647798366,17627,65,72,2,2
920,1688235.5470716686,1690690.0161629731,17627,65,79,2,2
921,1699405.1750739398,1700722.309786874,17627,65,73,2,2
922,1595802.5142768216,1596795.179713192,17627,65,69,2,2
923,1470258.8625329398,1470788.448216497,17627,65,69,2,2
924,1383074.9752498355,1383542.615662219,17627,65,69,2,2
925,1423269.936902614,1423513.895569635,17627,65,69,2,2
926,1557866.913842348,1558715.9520384874,17627,65,69,2,2
927,1739908.225436019,1740254.011994724,17627,65,69,2,2
928,1921147.0626499227,1921496.2497960243,17627,65,69,2,2
929,2046874.142976858,2047037.2806504583,17627,65,76,2,2
930,2149441.908393547,2149636.719242128,17627,65,74,2,2
931,2281151.9171580193,2281152.6509927358,17627,65,67,2,2
932,2197317.446874299,2197574.082925674,17627,65,69,2,2
933,2015105.296757847,2015769.5377204225,17627,65,79,2,2
934,1920666.6179881585,1921818.3373951665,17627,65,81,2,2
935,1841744.6987674665,1842986.378133839,17627,65,81,2,2
936,1687245.040479565,1688784.838351611,17627,65,79,2,2
937,1519065.045393128,1547396.5700417142,17627,65,74,2,2
938,1371406.17692036,1372767.1655107532,17627,65,71,2,2
939,1293212.7949230638,1293700.4228105065,17627,65,71,2,2
940,1273335.6825969843,1273959.467972299,17627,65,69,2,2
941,1274440.963387472,1275132.7851260374,17627,65,71,2,2
942,1368163.2386814547,1370882.5610473515,17627,65,73,2,2
943,1685475.815144205,1729919.5946199284,17627,65,79,2,2
944,1892941.6604022256,1944747.329541794,17627,65,90,2,2
945,1840047.3555855236,1872988.7346119052,17627,65,90,2,2
946,1763797.700426934,1766998.326677841,17627,65,85,2,2
947,1779404.879404033,1781446.01090357,17627,65,85,2,2
948,1808453.3937756878,1824112.9648894076,17627,65,89,2,2
949,1842906.8081222682,1866208.8106840816,17627,65,88,2,2
950,1855343.8409527158,1875938.1631903157,17627,65,88,2,2
951,1925598.5182591507,1944974.6621824855,17627,65,83,2,2
952,1987775.9842602112,2005852.17373837,17627,65,83,2,2
953,1988882.774168442,2002115.2898237018,17627,65,83,2,2
954,2088006.6769094067,2098848.386534572,17627,65,81,2,2
955,2270905.75212813,2281531.8937971885,17627,65,69,2,2
956,2259425.088691527,2260068.500009259,17627,65,67,2,2
957,2155960.669809332,2155960.670109332,17627,65,65,0,1
958,2131460.4832629333,2131460.4835629337,17627,65,65,0,1
959,2151830.226365902,2151830.2266659024,17627,65,65,0,1
960,1965398.5281042568,1965398.528404257,17627,65,65,0,1
961,1808456.5769634284,1808506.8722631063,17627,65,69,2,2
962,1723892.1056378877,1723942.9566948633,17627,65,69,2,2
963,1680920.1913985675,1680976.6237868296,17627,65,69,2,2
964,1646272.0459692962,1646331.8369418895,17627,65,69,2,2
965,1645467.7637964208,1645506.4730548016,17627,65,69,2,2
966,1720974.6419915245,1721004.3767059883,17627,65,67,2,2
967,2035733.291693624,2035733.2919936243,17627,65,65,0,1
968,2175037.322610341,2175037.322910342,17627,65,65,0,1
969,2116060.1634090464,2116060.1637090463,17627,65,65,0,1
970,1986967.3890419044,1986967.3893419043,17627,65,65,0,1
971,1926396.5552558135,1926396.5555558135,17627,65,65,0,1
972,1859730.6907169416,1859730.6910169418,17627,65,65,0,1
973,1870284.3492973144,1870284.3495973144,17627,65,65,0,1
974,1878553.7201259376,1878553.7204259378,17627,65,65,0,1
975,1955012.1122635007,1955012.1125635009,17627,65,65,0,1
976,2087023.5418834828,2087023.5421834828,17627,65,65,0,1
977,2183352.6321063642,2183352.6324063647,17627,65,65,0,1
978,2322005.27655242,2322005.2768524247,17627,65,65,0,1
979,2566558.3809154574,2566558.3812154564,17627,65,65,0,1
980,2486812.4012241717,2486812.4015241717,17627,65,65,0,1
981,2390313.1533326814,2390313.153632686,17627,65,65,0,1
982,2439033.228977659,2439033.2292776587,17627,65,65,0,1
983,2404735.7525141397,2404735.7528141392,17627,65,65,0,1
984,2228424.3996129367,2228424.399912937,17627,65,65,0,1
985,2066874.1499821686,2066874.1502821685,17627,65,65,0,1
986,1953844.9297246346,1953844.9300246346,17627,65,65,0,1
987,1881874.642970473,1881874.643270473,17627,65,65,0,1
988,1880158.4076021705,1880158.4079021707,17627,65,65,0,1
989,1864990.684149877,1864990.684449877,17627,65,65,0,1
990,1832810.552913146,1832810.553213146,17627,65,65,0,1
991,1815370.8891505995,1815370.8894505994,17627,65,65,0,1
992,1901271.0519816158,1901271.0522816163,17627,65,65,0,1
993,1952758.0400212035,1952758.0403212039,17627,65,65,0,1
994,1994774.4137688805,1994774.4140688805,17627,65,65,0,1
995,1982880.1325725126,1982880.1328725126,17627,65,65,0,1
996,1864033.1821664043,1864033.1824664045,17627,65,65,0,1
997,1832636.6341370041,1832676.456757212,17627,65,67,2,2
998,1771306.449839457,1771512.6410290303,17627,65,67,2,2
999,1807958.8249724926,1808162.4609255095,17627,65,67,2,2
1000,1961886.843111978,1961942.3593868273,17627,65,67,2,2
1001,2187963.9989993214,2187963.9992993213,17627,65,65,0,1
1002,2311682.112925457,2311682.1132254573,17627,65,65,0,1
1003,2529359.7037994782,2529359.7040994787,17627,65,65,0,1
1004,2421311.683692285,2421311.6839922876,17627,65,65,0,1
1005,2312585.968935635,2312585.969235635,17627,65,65,0,1
1006,2310791.9985925816,2310791.9988925825,17627,65,65,0,1
1007,2334270.7034935523,2334270.7037935527,17627,65,65,0,1
1008,2230718.2264998555,2230718.2267998555,17627,65,65,0,1
1009,2112132.7250688476,2112132.7253688476,17627,65,65,0,1
1010,2001158.1562113701,2001158.15651137,17627,65,65,0,1
1011,1964241.1687566368,1964241.1690566367,17627,65,65,0,1
1012,1905223.827231471,1905223.8275314714,17627,65,65,0,1
1013,1856522.6902518691,1856522.6905518682,17627,65,65,0,1
1014,1816252.507145593,1816252.5074455934,17627,65,65,0,1
1015,1703790.772099508,1703790.7723995077,17627,65,65,0,1
1016,1651822.1027895585,1651822.103089558,17627,65,65,0,1
1017,1621727.9173779292,1621727.9176779287,17627,65,65,0,1
1018,1660505.6275863815,1660596.2935164808,17627,65,67,2,2
1019,1662125.971032232,1671642.419913023,17627,65,68,3,2
1020,1664266.9687860298,1681537.8845293992,17627,65,68,3,2
1021,1741689.0981566764,1760351.0562460674,17627,65,68,3,2
1022,1740112.7849861928,1757318.228304007,17627,65,68,3,2
1023,1786017.6133988334,1793342.63554307,17627,65,68,3,2
1024,1924719.7933661235,1924931.2176486626,17627,65,67,2,2
1025,2113480.7347883563,2113480.7350883563,17627,65,65,0,1
1026,2219137.026803717,2219137.027103717,17627,65,65,0,1
1027,2443548.1686453666,2443548.1689453735,17627,65,65,0,1
1028,2386561.605941206,2386561.6062412066,17627,65,65,0,1
1029,2303305.143070235,2303305.143370235,17627,65,65,0,1
1030,2320564.128519147,2320564.1288191476,17627,65,65,0,1
1031,2352976.9099690076,2352976.9102690085,17627,65,65,0,1
1032,2231387.5987826865,2231387.5990826865,17627,65,65,0,1
1033,2101243.5400152365,2101243.540315237,17627,65,65,0,1
1034,2018108.1270898166,2018108.127389817,17627,65,65,0,1
1035,2004057.68517729,2004057.6854772903,17627,65,65,0,1
1036,1948481.1159404733,1948481.1162404732,17627,65,65,0,1
1037,1954448.4326884071,1954448.4329884073,17627,65,65,0,1
1038,2025275.0145888906,2025275.0148888906,17627,65,65,0,1
1039,2351074.9206607705,2351074.9209607705,17627,65,65,0,1
1040,2551003.8505402463,2551003.850840254,17627,65,65,0,1
1041,2377640.6667416478,2377885.279843068,17627,65,67,2,2
1042,2185748.189326008,2192615.3546942985,17627,65,71,3,3
1043,2082015.8655650374,2107317.8452081676,17627,65,71,3,2
1044,2062480.2130139964,2112157.3046586816,17627,65,73,3,2
1045,2094215.3563941997,2148504.207071523,17627,65,73,3,2
1046,2104126.4835456004,2145684.6145819225,17627,65,72,3,2
1047,2152198.6811284753,2169033.999404958,17627,65,71,3,2
1048,2257143.322815108,2257934.1559813567,17627,65,69,2,2
1049,2351007.0432323217,2351087.3151830393,17627,65,69,2,2
1050,2407265.2798429085,2407265.280142909,17627,65,65,0,1
1051,2528067.9629813964,2528067.9632813963,17627,65,65,0,1
1052,2454891.0137733934,2454891.014073394,17627,65,65,0,1
1053,2354965.7261286154,2354976.2530358844,17627,65,67,2,2
1054,2388483.2012712993,2388483.201571299,17627,65,65,0,1
1055,2290837.6748421825,2290847.520298108,17627,65,67,2,2
1056,2069573.9032132009,2069591.1807969732,17627,65,67,2,2
1057,1970059.2134013106,1970060.6345702785,17627,65,67,2,2
1058,1971507.8772095235,1971507.8775095236,17627,65,65,0,1
1059,1950343.062440049,1950343.0627400489,17627,65,65,0,1
1060,1986743.800141379,1986743.8004413792,17627,65,65,0,1
1061,1987995.5670461247,1987995.5673461247,17627,65,65,0,1
1062,2068960.9636280097,2068960.9639280092,17627,65,65,0,1
1063,2342236.278831831,2342236.279131831,17627,65,65,0,1
1064,2511730.294168016,2511730.294468017,17627,65,65,0,1
1065,2518007.4242123635,2518007.424512365,17627,65,65,0,1
1066,2553843.45933838,2553843.459638381,17627,65,65,0,1
1067,2552222.3912036875,2552222.3915036884,17627,65,65,0,1
1068,2502514.3617152525,2505885.4668406784,17627,65,67,2,2
1069,2541343.1819356326,2546653.595722361,17627,65,67,2,2
1070,2547390.710565253,2550913.670306373,17627,65,67,2,2
1071,2576962.7560022846,2576962.7563022855,17627,65,65,0,1
1072,2644825.081834501,2644825.082134509,17627,65,65,0,1
1073,2691442.5844650315,2691442.58476503,17627,65,65,0,1
1074,2705309.877953004,2705309.878253003,17627,65,65,0,1
1075,2859440.3081276994,2859440.3084276994,17627,65,65,0,1
1076,2758777.5781909665,2758777.578490968,17627,65,65,0,1
1077,2609244.1300255875,2609244.1303255917,17627,65,65,0,1
1078,2520681.531485359,2520681.5317853666,17627,65,65,0,1
1079,2294927.0976085654,2294927.0979085653,17627,65,65,0,1
1080,2043293.489281027,2043293.4895810266,17627,65,65,0,1
1081,1845105.8005507265,1845105.8008507267,17627,65,65,0,1
1082,1715998.5141019025,1715998.5144019022,17627,65,65,0,1
1083,1619665.6003608988,1619665.6006608987,17627,65,65,0,1
1084,1611745.0829584142,1611745.0832584142,17627,65,65,0,1
1085,1616367.655048395,1616367.655348395,17627,65,65,0,1
1086,1657247.1019444845,1657247.1022444845,17627,65,65,0,1
1087,1997011.2839936726,1997029.7261669654,17627,65,67,2,2
1088,2211568.1377012213,2211568.138001221,17627,65,65,0,1
1089,2120517.295897136,2120817.7829919285,17627,65,73,2,2
1090,2001163.0836257795,2002213.8084712944,17627,65,69,2,2
1091,1948431.7544962736,1956570.2406936754,17627,65,70,3,3
1092,1998335.0451944503,2009680.6955309296,17627,65,70,3,2
1093,2009097.3860989076,2021976.358602573,17627,65,70,3,2
1094,1990034.117934404,2002805.6698797245,17627,65,70,3,2
1095,2003177.7058187723,2010350.2135489408,17627,65,70,3,3
1096,2121454.115869254,2122363.040688543,17627,65,71,2,2
1097,2191045.672251329,2191262.733345525,17627,65,75,2,2
1098,2248354.4316274365,2248601.7457806356,17627,65,79,2,2
1099,2473030.9364235494,2473030.9367235494,17627,65,65,0,1
1100,2456812.398492488,2456812.398792488,17627,65,65,0,1
1101,2343037.0607863413,2343037.0610863413,17627,65,65,0,1
1102,2305185.217767593,2305185.218067593,17627,65,65,0,1
1103,2162815.4916715883,2162815.491971588,17627,65,65,0,1
1104,1947615.7948895127,1947641.6370266397,17627,65,67,2,2
1105,1767518.5996563826,1767518.599956382,17627,65,65,0,1
1106,1725443.878001454,1725443.878301454,17627,65,65,0,1
1107,1677355.1308512446,1677355.1311512445,17627,65,65,0,1
1108,1695458.021958127,1695458.0222581266,17627,65,65,0,1
1109,1739753.9982676294,1739753.9985676294,17627,65,65,0,1
1110,1781819.398138573,1781834.9990190575,17627,65,67,2,2
1111,2099530.988393129,2099534.151958593,17627,65,67,2,2
1112,2226464.492932126,2226464.493232126,17627,65,65,0,1
1113,2112213.60978963,2112507.293160441,17627,65,74,2,2
1114,1957153.6127562604,1957993.1123386736,17627,65,71,2,2
1115,1864672.992768148,1865655.2729804246,17627,65,71,2,2
1116,1858724.9143188763,1859764.0456082483,17627,65,71,2,2
1117,1973332.2592051267,1974280.8086336092,17627,65,71,2,2
1118,2053493.1969767588,2054073.4436753977,17627,65,73,2,2
1119,2121238.3282508655,2121643.5074813585,17627,65,71,2,2
1120,2208876.8807871365,2209074.3956085774,17627,65,67,2,2
1121,2225421.3618143452,2225421.362114345,17627,65,65,0,1
1122,2274282.9222273873,2274282.9225273873,17627,65,65,0,1
1123,2377882.8331165034,2377882.833416504,17627,65,65,0,1
1124,2319884.203686075,2319884.2039860752,17627,65,65,0,1
1125,2204161.259493157,2204161.2597931568,17627,65,65,0,1
1126,2159838.133925571,2159838.134225571,17627,65,65,0,1
1127,2066502.824078932,2066502.824378932,17627,65,65,0,1
1128,1851615.7403643946,1851615.7406643946,17627,65,65,0,1
1129,1705989.662362176,1705989.662662175,17627,65,65,0,1
1130,1630006.2525319236,1630006.2528319235,17627,65,65,0,1
1131,1614676.8629632443,1614676.8632632438,17627,65,65,0,1
1132,1614434.9173887111,1614434.9176887115,17627,65,65,0,1
1133,1657244.6533374651,1657244.6536374646,17627,65,65,0,1
1134,1739598.130039628,1739598.1303396279,17627,65,65,0,1
1135,1965846.7420462207,1965846.7423462206,17627,65,65,0,1
1136,2179363.4274098,2179363.4277098062,17627,65,65,0,1
1137,2175341.2641420555,2175341.2644420606,17627,65,65,0,1
1138,2135355.993970393,2135355.9942704006,17627,65,65,0,1
1139,2151010.97276287,2151010.973062877,17627,65,65,0,1
1140,2162539.4760352895,2162539.4763352983,17627,65,65,0,1
1141,2147325.202162506,2147325.2024625135,17627,65,65,0,1
1142,2111528.5730588343,2111528.573358835,17627,65,65,0,1
1143,2099961.295245523,2099961.2955455235,17627,65,65,0,1
1144,2145597.654988724,2145597.6552887238,17627,65,65,0,1
1145,2167665.271842164,2167665.272142164,17627,65,65,0,1
1146,2270370.492420246,2270370.4927202514,17627,65,65,0,1
1147,2417734.871553353,2417734.8718533544,17627,65,65,0,1
1148,2337056.094442965,2337056.0947429645,17627,65,65,0,1
1149,2158989.246115708,2158989.246415708,17627,65,65,0,1
1150,2098340.1452382263,2098340.1455382262,17627,65,65,0,1
1151,1989959.8233955298,1989959.8236955297,17627,65,65,0,1
1152,1776776.9967562687,1776776.9970562686,17627,65,65,0,1
1153,1547120.5388640848,1547120.5391640847,17627,65,65,0,1
1154,1420304.185741242,1420304.1860412417,17627,65,65,0,1
1155,1319173.200262372,1319173.2005623719,17627,65,65,0,1
1156,1259608.7806114086,1259608.7809114084,17627,65,65,0,1
1157,1267126.7384517633,1267126.738751763,17627,65,65,0,1
1158,1222552.1526915727,1222552.1529805632,17627,65,65,0,1
1159,1215996.8406374548,1215996.8409131512,17627,65,65,0,1
1160,1282211.2739442121,1282211.274244212,17627,65,65,0,1
1161,1268675.6918814208,1268675.6921596206,17627,65,65,0,1
1162,1275344.1211534152,1275344.1214001018,17627,65,65,0,1
1163,1254922.0089065544,1254930.0717211561,17627,65,67,2,2
1164,1204135.5793036188,1204198.3112837763,17627,65,67,2,2
1165,1171178.0010342863,1171227.7937047912,17627,65,67,2,2
1166,1099312.4312915858,1099486.9395716982,17627,65,67,2,2
1167,1048836.4482296938,1048938.3041488922,17627,65,67,2,2
1168,1171398.7403077548,1171442.8025397537,17627,65,67,2,2
1169,1351468.7671295046,1351468.7673496653,17627,65,65,0,1
1170,1428233.9178247198,1428233.9181247198,17627,65,65,0,1
1171,1533361.9749743761,1533361.975274376,17627,65,65,0,1
1172,1459234.6296455278,1459234.6299279763,17627,65,65,0,1
1173,1312730.6170748402,1312730.6173240293,17627,65,65,0,1
1174,1264625.8164422594,1264625.8167422605,17627,65,65,0,1
1175,1264736.3318518563,1264736.3321518581,17627,65,65,0,1
1176,1163037.1625392982,1163037.1628392993,17627,65,65,0,1
1177,1097019.307279069,1097019.307579069,17627,65,65,0,1
1178,1058544.8908813337,1058544.8911694416,17627,65,65,0,1
1179,1007825.4133334538,1007825.4136007688,17627,65,65,0,1
1180,997073.004454388,997073.0047226413,17627,65,65,0,1
1181,1007669.2605010715,1007669.2607795737,17627,65,65,0,1
1182,978250.580868308,978250.5811411074,17627,65,65,0,1
1183,909175.5548301106,909175.5550831272,17627,65,65,0,1
1184,884608.5981041747,884608.5983759064,17627,65,65,0,1
1185,826859.9601334861,826859.9604334862,17627,65,65,0,1
1186,843732.8755897578,843732.875889758,17627,65,65,0,1
1187,804509.2397061631,804509.2400061633,17627,65,65,0,1
1188,850930.4024866435,850930.4027866437,17627,65,65,0,1
1189,922541.8259080728,922541.8262080727,17627,65,65,0,1
1190,889859.0932591109,889859.0935591109,17627,65,65,0,1
1191,988494.436686412,988494.4369864117,17627,65,65,0,1
1192,1127228.476650551,1127228.4769505507,17627,65,65,0,1
1193,1234724.695499544,1234724.6957995438,17627,65,65,0,1
1194,1336049.1516344363,1336049.1519344365,17627,65,65,0,1
1195,1572812.227313608,1572812.2276136025,17627,65,65,0,1
1196,1569357.0659186558,1569357.066218648,17627,65,65,0,1
1197,1508937.661876872,1508937.6621768682,17627,65,65,0,1
1198,1522678.4647631752,1522678.465063177,17627,65,65,0,1
1199,1584082.8864559247,1584082.8867559251,17627,65,65,0,1
1200,1493962.0350042663,1493962.0353042628,17627,65,65,0,1
1201,1349462.8561297697,1349462.8564297706,17627,65,65,0,1
1202,1254409.3143890915,1254409.3146890914,17627,65,65,0,1
1203,1210969.8573936326,1210969.8576936324,17627,65,65,0,1
1204,1225669.1963773407,1225669.196677341,17627,65,65,0,1
1205,1263037.1098555438,1263037.110155544,17627,65,65,0,1
1206,1271001.3069074329,1271001.3072074328,17627,65,65,0,1
1207,1472945.1414468163,1473007.2660456968,17627,65,67,2,2
1208,1583706.9253792162,1583889.6501798125,17627,65,69,2,2
1209,1573572.9386817785,1573815.8413345101,17627,65,71,2,2
1210,1537433.7397492034,1537841.5810171284,17627,65,69,2,2
1211,1499868.9071531782,1500508.2303616758,17627,65,69,2,2
1212,1479952.9475276014,1480720.1919913867,17627,65,69,2,2
1213,1457438.9890658383,1458056.8418213236,17627,65,69,2,2
1214,1464949.1035968373,1465166.1801037313,17627,65,69,2,2
1215,1546239.5460913652,1546362.2980449095,17627,65,69,2,2
1216,1667151.7422309364,1667219.107823296,17627,65,69,2,2
1217,1802100.0224061436,1802100.0226860123,17627,65,65,0,1
1218,1884940.206096078,1884940.2063001904,17627,65,65,0,1
1219,2116493.8281166567,2116749.1570242927,17627,65,69,2,2
1220,2116354.976522241,2116617.9916128223,17627,65,69,2,2
1221,2007245.9874435521,2007369.248706162,17627,65,67,2,2
1222,1964131.7863639726,1964247.2047083338,17627,65,67,2,2
1223,1870058.7854144066,1870146.6893515084,17627,65,67,2,2
1224,1665819.2260916596,1665822.333839081,17627,65,67,2,2
1225,1489486.422267755,1489545.0140604721,17627,65,67,2,2
1226,1348899.3671803125,1348901.0179941345,17627,65,67,2,2
1227,1308937.4165408742,1308937.4168408744,17627,65,65,0,1
1228,1309052.0777284761,1309063.853343518,17627,65,67,2,2
1229,1359552.8090368893,1359601.2325837417,17627,65,67,2,2
1230,1459154.7574463557,1459240.5001858016,17627,65,67,2,2
1231,1707870.8646408473,1708043.1801511701,17627,65,69,2,2
1232,1825470.7837261022,1826342.7130914296,17627,65,74,2,2
1233,1767889.6642500428,1768220.3081538049,17627,65,69,2,2
1234,1630904.7061519562,1631373.2312554726,17627,65,69,2,2
1235,1592851.0943112057,1593738.1942042084,17627,65,69,2,2
1236,1591092.6296668088,1591656.7872222718,17627,65,69,2,2
1237,1638100.1555405394,1638454.8793998768,17627,65,69,2,2
1238,1656423.0433118185,1656708.8711227225,17627,65,69,2,2
1239,1740329.4819347733,1740563.8629931018,17627,65,69,2,2
1240,1910083.3805604167,1910211.6330068645,17627,65,69,2,2
1241,1981163.3008709839,1981191.6352406917,17627,65,69,2,2
1242,2026359.5585121156,2026359.5588121153,17627,65,65,0,1
1243,2216568.848319142,2216568.848619143,17627,65,65,0,1
1244,2164541.3168675224,2164541.317167523,17627,65,65,0,1
1245,2042043.6659187544,2042043.6662187546,17627,65,65,0,1
1246,1947175.7420252955,1947175.7423252955,17627,65,65,0,1
1247,1820127.2371330336,1820127.237433034,17627,65,65,0,1
1248,1644052.5929032792,1644052.5932032797,17627,65,65,0,1
1249,1496704.085109428,1496704.085409428,17627,65,65,0,1
1250,1425658.0354063944,1425658.0357063944,17627,65,65,0,1
1251,1434555.3846363183,1434555.3849363173,17627,65,65,0,1
1252,1491627.6994138944,1491627.6997138942,17627,65,65,0,1
1253,1595107.9667603,1595107.9670602991,17627,65,65,0,1
1254,1697234.2301023132,1697234.2304023132,17627,65,65,0,1
1255,2019464.2260852982,2019464.2263852984,17627,65,65,0,1
1256,2229256.8975530565,2229256.897853063,17627,65,65,0,1
1257,2036644.7472422782,2036816.5193144204,17627,65,67,2,2
1258,1842279.609927167,1842618.73942015,17627,65,69,2,2
1259,1678910.8470790866,1679450.0666375845,17627,65,69,2,2
1260,1557704.0641602054,1559120.904694342,17627,65,68,3,3
1261,1544490.0357919654,1547473.6837188406,17627,65,68,3,3
1262,1520212.9355424982,1533385.5226075922,17627,65,68,3,2
1263,1651053.7663904638,1659151.9367166006,17627,65,68,3,2
1264,1848974.61552261,1849250.9989182223,17627,65,67,2,2
1265,1997372.7695961283,1997447.2176147718,17627,65,67,2,2
1266,2067292.3527023792,2067323.819109501,17627,65,69,2,2
1267,2155222.3126443434,2155319.0576058105,17627,65,71,2,2
1268,2035585.167186256,2035891.5843756474,17627,65,69,2,2
1269,1806723.8028417153,1806835.860559159,17627,65,67,2,2
1270,1717154.3408308914,1717408.7540372026,17627,65,67,2,2
1271,1524867.5961464928,1525009.7033861019,17627,65,69,2,2
1272,1244087.1243261928,1244087.1246261927,17627,65,65,0,1
1273,1118997.5907828389,1118997.5910828398,17627,65,65,0,1
1274,1047850.2419219493,1047903.6161604481,17627,65,67,2,2
1275,990249.7721632675,1012717.5658388482,17627,65,74,4,3
1276,1028999.4354683065,1063115.2193660433,17627,65,71,4,2
1277,1071026.1654952767,1111107.66675559,17627,65,71,4,2
1278,1230122.1564905646,1261134.099712686,17627,65,69,2,2
1279,1528632.5140289671,1529138.8629323156,17627,65,67,2,2
1280,1790001.4223956198,1843088.4362667692,17627,65,79,2,2
1281,1860641.4109934221,1862829.6936195272,17627,65,77,2,2
1282,1832932.7131207266,1834417.7614221903,17627,65,73,2,2
1283,1850066.688824538,1851432.228882776,17627,65,71,2,2
1284,1865709.3233010801,1867126.9067763467,17627,65,69,2,2
1285,1981246.2325551908,1981673.8401007508,17627,65,69,2,2
1286,2006443.030685371,2006834.3197662833,17627,65,69,2,2
1287,2035809.3560950677,2036202.4887134868,17627,65,69,2,2
1288,2068699.8202545578,2069104.7808895463,17627,65,69,2,2
1289,2066331.8636299865,2066629.0290143902,17627,65,69,2,2
1290,2114720.1340979426,2114859.927856896,17627,65,71,2,2
1291,2197953.845862773,2198131.3800886697,17627,65,75,2,2
1292,2130757.3083992633,2131005.839156614,17627,65,73,2,2
1293,1988259.3659759192,1988547.644121442,17627,65,69,2,2
1294,1887070.8937728023,1887305.9817909324,17627,65,69,2,2
1295,1769952.2139706705,1769963.3289591472,17627,65,67,2,2
1296,1556250.615661414,1556250.6159614064,17627,65,65,0,1
1297,1362224.901284665,1362224.9015846653,17627,65,65,0,1
1298,1294006.5359764704,1294006.5362764713,17627,65,65,0,1
1299,1250204.6028405125,1250204.603140513,17627,65,65,0,1
1300,1274722.8264586884,1274722.8267586888,17627,65,65,0,1
1301,1318074.6554070064,1318074.6557070066,17627,65,65,0,1
1302,1460561.894875839,1460587.3430147755,17627,65,67,2,2
1303,1746619.9074175663,1746706.2625070405,17627,65,67,2,2
1304,1926660.3812985008,1927511.8528700487,17627,65,74,2,2
1305,1881502.307350814,1881945.3530623296,17627,65,75,2,2
1306,1767991.55538625,1768539.5241683675,17627,65,70,2,2
1307,1711566.957906506,1712445.4257897031,17627,65,69,2,2
1308,1680796.9478116552,1681843.3878063813,17627,65,69,2,2
1309,1647847.4785427055,1648580.3985528573,17627,65,69,2,2
1310,1594860.2206654646,1595884.6681382356,17627,65,69,2,2
1311,1625729.9968347473,1626440.1082744543,17627,65,69,2,2
1312,1679601.4712218314,1679933.5539198115,17627,65,69,2,2
1313,1769941.9464949598,1770088.6119125446,17627,65,69,2,2
1314,1901890.6994673503,1902110.1511838743,17627,65,71,2,2
1315,2025977.335532801,2026123.0762960645,17627,65,77,2,2
1316,1963740.0092005169,1963866.6528325607,17627,65,73,2,2
1317,1849408.2591711893,1849495.7648932408,17627,65,69,2,2
1318,1841359.9477642586,1841425.102453974,17627,65,69,2,2
1319,1808910.9366090663,1808946.9487228822,17627,65,69,2,2
1320,1678450.9902348646,1678451.3765316936,17627,65,67,2,2
1321,1495708.126675765,1495708.126975765,17627,65,65,0,1
1322,1455279.900047033,1455279.900347033,17627,65,65,0,1
1323,1427092.3506737011,1427092.3509677905,17627,65,65,0,1
1324,1442880.4218222282,1442880.4221190643,17627,65,65,0,1
1325,1444622.253739815,1444622.254035054,17627,65,65,0,1
1326,1426973.4428429266,1426973.4431233245,17627,65,65,0,1
1327,1413476.1705565483,1413476.1708312742,17627,65,65,0,1
1328,1535655.256481101,1535655.2567811008,17627,65,65,0,1
1329,1599955.1758912539,1600018.962230716,17627,65,67,2,2
1330,1693224.0373257464,1693516.8009237533,17627,65,67,2,2
1331,1747052.2816106621,1747380.839454999,17627,65,69,2,2
1332,1791814.8236721263,1791967.0460476498,17627,65,67,2,2
1333,1861407.5548745045,1861482.0028047613,17627,65,67,2,2
1334,1846784.004891057,1846862.1102022096,17627,65,67,2,2
1335,1854878.3299303355,1854912.050019997,17627,65,67,2,2
1336,1923197.5368243135,1923197.537124313,17627,65,65,0,1
1337,1953519.8920312067,1953519.8923312067,17627,65,65,0,1
1338,2038732.827808584,2038732.8281085843,17627,65,65,0,1
1339,2257910.3823591033,2257910.3826591033,17627,65,65,0,1
1340,2259054.5381625947,2259054.538462595,17627,65,65,0,1
1341,2101855.277943192,2101855.278243192,17627,65,65,0,1
1342,2040557.9652928826,2040557.9655928826,17627,65,65,0,1
1343,1991970.7691751444,1991970.7694751448,17627,65,65,0,1
1344,1859693.401437246,1859693.401737246,17627,65,65,0,1
1345,1633622.052443334,1633622.0527433339,17627,65,65,0,1
1346,1500638.7382820614,1500638.7385820614,17627,65,65,0,1
1347,1440290.627792641,1440290.6280926412,17627,65,65,0,1
1348,1407244.1313877094,1407244.1316677893,17627,65,65,0,1
1349,1376791.4883593796,1376791.4886153608,17627,65,65,0,1
1350,1295479.3922692207,1295479.3924815874,17627,65,65,0,1
1351,1164668.0671571682,1164668.0674571712,17627,65,65,0,1
1352,1136793.6494766902,1136793.6497766897,17627,65,65,0,1
1353,1124085.5780261033,1124085.5783260996,17627,65,65,0,1
1354,1160391.921761332,1160418.4443145823,17627,65,67,2,2
1355,1199088.2843627068,1199191.6296463022,17627,65,67,2,2
1356,1277394.4287432279,1277554.6535440981,17627,65,69,2,2
1357,1323527.1867882595,1323668.1905655558,17627,65,69,2,2
1358,1259697.3938891038,1259804.2531504626,17627,65,69,2,2
1359,1266905.2485793023,1266957.2373400917,17627,65,69,2,2
1360,1281214.1274820908,1281214.127782091,17627,65,65,0,1
1361,1291127.6308081946,1291127.6311081953,17627,65,65,0,1
1362,1418670.5281464183,1418670.528446419,17627,65,65,0,1
1363,1693497.2841155538,1693497.2844019358,17627,65,65,0,1
1364,1777528.125702561,1777544.7261414386,17627,65,67,2,2
1365,1694275.542678915,1694275.542966433,17627,65,65,0,1
1366,1662302.6617376916,1662302.6620253846,17627,65,65,0,1
1367,1674283.5046055457,1674283.504845425,17627,65,65,0,1
1368,1486086.5550275093,1486086.555327502,17627,65,65,0,1
1369,1356238.6502829466,1356238.6505829352,17627,65,65,0,1
1370,1287857.8944146577,1287857.8947146628,17627,65,65,0,1
1371,1287550.2537503368,1287550.254050335,17627,65,65,0,1
1372,1326744.8571565128,1326744.8574565174,17627,65,65,0,1
1373,1413066.0506932228,1413066.0509378405,17627,65,65,0,1
1374,1598225.9994493017,1598225.9997358534,17627,65,65,0,1
1375,2111798.978363588,2111798.9786635884,17627,65,65,0,1
1376,2355378.7891547764,2355378.789454776,17627,65,65,0,1
1377,2274118.9646846233,2274402.4503904046,17627,65,69,2,2
1378,2154552.6344269933,2155099.0276760026,17627,65,69,2,2
1379,2152955.575169881,2153376.520485589,17627,65,69,2,2
1380,2113067.8164998684,2113802.580647289,17627,65,69,2,2
1381,2181419.4377161474,2181768.690630509,17627,65,69,2,2
1382,2104303.0667241444,2105071.4663102343,17627,65,69,2,2
1383,2066209.55818,2066998.611778965,17627,65,69,2,2
1384,2127956.5214461293,2128453.9926503142,17627,65,69,2,2
1385,2233244.8443247126,2233330.0042478354,17627,65,69,2,2
1386,2421668.213849274,2421668.214149274,17627,65,65,0,1
1387,2654342.272324498,2654342.272624496,17627,65,65,0,1
1388,2683069.2636917387,2683069.2639917373,17627,65,65,0,1
1389,2507692.5085798255,2507692.5088798287,17627,65,65,0,1
1390,2353534.19922439,2353534.19952439,17627,65,65,0,1
1391,2193857.9610237335,2193857.961323734,17627,65,65,0,1
1392,1905245.1970390114,1905245.1973390114,17627,65,65,0,1
1393,1732715.4124180647,1732715.412718064,17627,65,65,0,1
1394,1640203.1222210678,1640203.1225210677,17627,65,65,0,1
1395,1565649.8087027022,1565649.8090027021,17627,65,65,0,1
1396,1566061.9262676812,1566061.9265676811,17627,65,65,0,1
1397,1623897.067000229,1623897.0673002289,17627,65,65,0,1
1398,1759865.8730090961,1759865.873309095,17627,65,65,0,1
1399,2110254.52405428,2110254.5243542795,17627,65,65,0,1
1400,2273062.400890485,2273062.401190485,17627,65,65,0,1
1401,2202188.175108752,2202517.550488609,17627,65,69,2,2
1402,2005094.5675232513,2006035.083184655,17627,65,69,2,2
1403,1842124.8377893968,1858084.6529650374,17627,65,70,3,2
1404,1741700.0117673823,1767456.4357448805,17627,65,70,3,2
1405,1790718.3556097834,1813050.8426410183,17627,65,72,3,2
1406,1744983.5112824328,1769364.6560322123,17627,65,79,3,2
1407,1812357.0676754713,1832114.233456764,17627,65,76,3,2
1408,1970169.4163798448,1976730.0179902313,17627,65,70,3,3
1409,2083705.2157528428,2084085.9673639545,17627,65,69,2,2
1410,2153740.0300649074,2154027.8272606237,17627,65,71,2,2
1411,2274773.6163015817,2275183.6710278257,17627,65,77,2,2
1412,2227772.5717067244,2228388.2726948895,17627,65,76,2,2
1413,2007654.0220188536,2008118.483979714,17627,65,73,2,2
1414,1838310.283334475,1838802.622691874,17627,65,69,2,2
1415,1656947.7442106325,1657170.603765939,17627,65,69,2,2
1416,1404081.389089419,1404081.389389419,17627,65,65,0,1
1417,1198496.9308184986,1198496.931118499,17627,65,65,0,1
1418,1101862.4577119227,1101862.4580119234,17627,65,65,0,1
1419,1086501.5724485135,1090766.8286039266,17627,65,69,4,2
1420,1108710.9964156942,1132654.1142880612,17627,65,71,4,2
1421,1156642.128058969,1189635.7885008464,17627,65,72,4,2
1422,1306021.4774303832,1332497.6190584893,17627,65,69,2,2
1423,1621043.3226838962,1628592.4248975453,17627,65,70,2,2
1424,1768826.588293414,1780780.4418536688,17627,65,81,2,2
1425,1726228.2114103315,1749654.6834024044,17627,65,77,2,2
1426,1602124.0001150589,1620585.683820015,17627,65,72,2,2
1427,1518469.4956927584,1532951.9180121438,17627,65,70,2,2
1428,1553923.1677175753,1570179.0049587153,17627,65,73,2,2
1429,1544733.130277326,1557713.7217463357,17627,65,71,2,2
1430,1594545.8556779753,1605840.0802781095,17627,65,71,2,2
1431,1651437.4883838904,1652657.7967829166,17627,65,71,2,2
1432,1765424.6243168488,1766321.8945401462,17627,65,69,2,2
1433,1845866.5304039246,1846630.0599232411,17627,65,69,2,2
1434,1936326.4175794483,1938337.7677911832,17627,65,75,2,2
1435,2135169.17361285,2135889.357708068,17627,65,79,2,2
1436,2161314.909261953,2161993.056896383,17627,65,79,2,2
1437,1990820.7471328431,1991344.8074821942,17627,65,74,2,2
1438,1828943.496441617,1829085.1974557438,17627,65,69,2,2
1439,1601327.4035987272,1601348.3225966904,17627,65,67,2,2
1440,1327683.169438298,1327683.1697382978,17627,65,65,0,1
1441,1137202.2275448581,1137202.227844858,17627,65,65,0,1
1442,1064436.8191547429,1064436.819454743,17627,65,65,0,1
1443,1019291.9705618107,1019291.9708618115,17627,65,65,0,1
1444,1044746.8317434023,1044746.8320434031,17627,65,65,0,1
1445,1108558.8028807049,1108558.8031807058,17627,65,65,0,1
1446,1214896.8090308693,1214896.8093308695,17627,65,65,0,1
1447,1573697.0700565143,1574444.5937548,17627,65,76,2,2
1448,1690612.6714486715,1702378.6526924367,17627,65,79,2,2
1449,1490565.2344921785,1503738.4888654216,17627,65,69,2,2
1450,1269127.5478940129,1331717.5620979916,17627,65,75,2,2
1451,1176038.5868364323,1254401.5866331407,17627,65,69,1,2
1452,1229476.040765292,1262730.5369127668,17627,65,69,2,2
1453,1186927.997590634,1200424.9745445496,17627,65,68,2,2
1454,1222241.3242733865,1229738.0097586303,17627,65,67,2,2
1455,1193593.1152291403,1195119.7966804004,17627,65,67,2,2
1456,1305391.130992688,1306620.3178943933,17627,65,69,2,2
1457,1383758.9976368658,1384379.30136656,17627,65,71,2,2
1458,1553659.8273935749,1554795.1811671553,17627,65,75,2,2
1459,1740566.3121657188,1796923.6963101244,17627,65,79,2,2
1460,1786175.4145370084,1900305.0633447368,17627,65,83,2,2
1461,1653262.859863969,1670536.325115371,17627,65,79,2,2
1462,1493114.931056465,1572810.3394839366,17627,65,83,2,2
1463,1323231.599858773,1333620.357126263,17627,65,75,2,2
1464,1161800.6314481492,1168195.1395896375,17627,65,67,2,2
1465,1026247.3441886376,1046038.1844431337,17627,65,69,2,2
1466,1009758.1834908323,1017771.5678224087,17627,65,69,2,2
1467,1012907.5076833542,1012907.5079833544,17627,65,65,0,1
1468,1087410.7692249373,1087410.7695249375,17627,65,65,0,1
1469,1190560.3623331785,1190560.3626331785,17627,65,65,0,1
1470,1326960.9913545167,1327446.6273467408,17627,65,67,2,2
1471,1716913.371124849,1717876.9393314042,17627,65,71,2,2
1472,1924697.6779239173,1950270.049765455,17627,65,79,2,2
1473,1826796.0651002277,1828267.2363024221,17627,65,76,2,2
1474,1673854.8047656645,1675684.2446816768,17627,65,75,2,2
1475,1543772.0790934323,1554533.849938443,17627,65,72,2,2
1476,1507877.0541839045,1520018.915115298,17627,65,70,2,2
1477,1569501.1466534142,1570565.7632654067,17627,65,71,2,2
1478,1655629.494313948,1656451.9450828321,17627,65,69,2,2
1479,1697345.54902052,1697884.1531882163,17627,65,69,2,2
1480,1820518.930542834,1820704.502581367,17627,65,69,2,2
1481,1923071.833780955,1923276.490627755,17627,65,69,2,2
1482,2044823.836770207,2045160.575524836,17627,65,75,2,2
1483,2200999.86094939,2201545.1166954865,17627,65,79,2,2
1484,2201739.5874668993,2202369.556379604,17627,65,79,2,2
1485,1988136.505489279,1989584.223509553,17627,65,75,2,2
1486,1795103.2454812555,1795299.0370087598,17627,65,69,2,2
1487,1651335.7417523398,1651477.1939950853,17627,65,67,2,2
1488,1476347.785025485,1476386.6958586487,17627,65,67,2,2
1489,1314539.7442321996,1314539.7445322,17627,65,65,0,1
1490,1216581.0286240196,1216581.028924021,17627,65,65,0,1
1491,1197436.5082605048,1197436.508560505,17627,65,65,0,1
1492,1210706.1574014556,1210706.1577014555,17627,65,65,0,1
1493,1225390.3834354538,1225390.3837354537,17627,65,65,0,1
1494,1247228.8065232406,1247228.8068232406,17627,65,65,0,1
1495,1291757.876824938,1291757.8771249359,17627,65,65,0,1
1496,1357714.3818563859,1357714.3821563756,17627,65,65,0,1
1497,1344777.3654110744,1345174.0366671516,17627,65,69,2,2
1498,1339486.6598901963,1339486.6601901962,17627,65,65,0,1
1499,1361547.6431627437,1361805.446108444,17627,65,67,2,2
1500,1365936.8205286479,1366317.3140281336,17627,65,67,2,2
1501,1463909.2704204393,1464290.1020789107,17627,65,69,2,2
1502,1428596.0655478102,1429089.6303261095,17627,65,69,2,2
1503,1443495.0132726606,1443626.85005346,17627,65,69,2,2
1504,1515232.687514696,1515361.2068360783,17627,65,69,2,2
1505,1558284.3466095254,1558337.748044317,17627,65,69,2,2
1506,1635908.2691053664,1635919.693564866,17627,65,67,2,2
1507,1795364.3264448838,1796277.5065023012,17627,65,71,2,2
1508,1745968.7100037602,1746780.8651961787,17627,65,71,2,2
1509,1574724.734258503,1574724.7344864714,17627,65,65,0,1
1510,1495941.360225252,1495941.3604336265,17627,65,65,0,1
1511,1434011.7873398545,1434011.787580131,17627,65,65,0,1
1512,1268363.8906695256,1268363.8909695307,17627,65,65,0,1
1513,1072520.8206909928,1072520.8209909927,17627,65,65,0,1
1514,928648.9331499441,928648.9334499444,17627,65,65,0,1
1515,930933.9189353982,930933.9192353983,17627,65,65,0,1
1516,963403.6451642285,963403.6454642285,17627,65,65,0,1
1517,1004584.7623141189,1004584.762614116,17627,65,65,0,1
1518,1032290.411779916,1032290.4120799169,17627,65,65,0,1
1519,1015091.7108986564,1015091.7111986581,17627,65,65,0,1
1520,973171.7477173733,973171.7480173736,17627,65,65,0,1
1521,977078.2738814678,977098.2678207813,17627,65,67,2,2
1522,976095.4763201615,985750.3817358036,17627,65,68,3,2
1523,920432.1226208524,932123.2059914039,17627,65,67,1,2
1524,1011007.4492258087,1016612.3593957846,17627,65,68,3,2
1525,1082545.7567362718,1082641.1647835185,17627,65,67,2,2
1526,982490.8374107362,986625.4968852382,17627,65,68,3,3
1527,1069885.8776734627,1074869.7836341998,17627,65,68,3,2
1528,1278688.277186336,1278688.2774768055,17627,65,65,0,1
1529,1410862.9210395915,1410862.9213395913,17627,65,65,0,1
1530,1562150.2049180986,1562150.205218099,17627,65,65,0,1
1531,1803346.7859595355,1803346.7862595352,17627,65,65,0,1
1532,1835915.2239479446,1835915.2242479445,17627,65,65,0,1
1533,1711386.66274055,1711386.6630405502,17627,65,65,0,1
1534,1642069.5320149837,1642069.5323149827,17627,65,65,0,1
1535,1587300.4304332635,1587300.430733263,17627,65,65,0,1
1536,1339341.6910569067,1339341.6913569067,17627,65,65,0,1
1537,1140188.4943728724,1140188.4946068127,17627,65,65,0,1
1538,1028639.3735664692,1028639.37379523,17627,65,65,0,1
1539,978450.7678306934,978450.7680969124,17627,65,65,0,1
1540,952787.8025287429,952787.8028229671,17627,65,65,0,1
1541,1023170.975672991,1023170.9759219909,17627,65,65,0,1
1542,1200913.5240742487,1200913.524332347,17627,65,65,0,1
1543,1677977.8837001137,1677977.8840001132,17627,65,65,0,1
1544,1933305.153468934,1933305.153768934,17627,65,65,0,1
1545,1869834.835298805,1869983.3073511566,17627,65,69,2,2
1546,1692763.1253024978,1693341.2383530082,17627,65,69,2,2
1547,1570203.326307274,1570739.423496157,17627,65,69,2,2
1548,1523935.292657537,1525260.9586706702,17627,65,70,3,3
1549,1596448.7723650606,1597001.281791239,17627,65,69,2,2
1550,1653217.680080917,1653903.6676808468,17627,65,69,2,2
1551,1683440.3020292972,1683699.2418834085,17627,65,69,2,2
1552,1761709.1134496573,1761849.6176958168,17627,65,69,2,2
1553,1833611.479705566,1833635.978588393,17627,65,67,2,2
1554,1963252.295577665,1963252.2958776657,17627,65,65,0,1
1555,2105026.625208476,2105026.6255084826,17627,65,65,0,1
1556,2162460.5448919893,2162460.5451919925,17627,65,65,0,1
1557,1937098.6022158936,1937098.6025158938,17627,65,65,0,1
1558,1771429.42558569,1771429.4258856901,17627,65,65,0,1
1559,1552832.6913349887,1552832.6916349886,17627,65,65,0,1
1560,1286400.9566585366,1286400.9569585365,17627,65,65,0,1
1561,1157402.4221639358,1157402.4224033596,17627,65,65,0,1
1562,1094892.034925527,1094892.035148093,17627,65,65,0,1
1563,1053417.8169022591,1053417.8171676444,17627,65,65,0,1
1564,1110614.2428941587,1110614.2431385065,17627,65,65,0,1
1565,1166433.1974626398,1166433.197696507,17627,65,65,0,1
1566,1267341.9833131325,1267341.983516836,17627,65,65,0,1
1567,1708524.4887717948,1708745.2063913513,17627,65,71,2,2
1568,1874282.867693664,1874478.7794268157,17627,65,75,2,2
1569,1760805.1298998075,1761446.006259042,17627,65,73,2,2
1570,1552335.3970909677,1552916.54073548,17627,65,69,2,2
1571,1347353.017607667,1351433.209807599,17627,65,70,3,3
1572,1207891.692591298,1234684.4930637921,17627,65,72,2,2
1573,1236165.8320494606,1264706.9911944657,17627,65,72,2,2
1574,1340072.8502071984,1347807.232008389,17627,65,70,3,3
1575,1504156.9742037896,1507191.168588265,17627,65,70,3,3
1576,1685670.026536947,1686336.0963388938,17627,65,71,2,2
1577,1784189.572099135,1784774.5876347008,17627,65,73,2,2
1578,1908568.9382545569,1908984.4221133792,17627,65,79,2,2
1579,2064196.5176131027,2065044.5340825126,17627,65,79,2,2
1580,2169469.8261796706,2172359.717667367,17627,65,79,2,2
1581,2022876.4170027848,2023844.2685681323,17627,65,79,2,2
1582,1870017.1496433115,1870642.8528956892,17627,65,79,2,2
1583,1659252.3663643152,1659801.0858202286,17627,65,75,2,2
1584,1407969.2406595922,1408010.9386214935,17627,65,67,2,2
1585,1284593.471091359,1284593.4713519712,17627,65,65,0,1
1586,1220798.6145158927,1220798.614813841,17627,65,65,0,1
1587,1197252.6780326464,1197252.6783326468,17627,65,65,0,1
1588,1286933.8501968384,1286933.8504403734,17627,65,65,0,1
1589,1382139.9966179715,1382139.9968324553,17627,65,65,0,1
1590,1515065.7853168854,1515227.5605644672,17627,65,67,2,2
1591,1892522.9454628215,1892656.5625498258,17627,65,72,2,2
1592,1917428.0746420864,1917663.4400858693,17627,65,71,2,2
1593,1728944.5423232673,1729646.5545259472,17627,65,69,2,2
1594,1527298.9904971318,1542836.8003382054,17627,65,70,3,2
1595,1402863.3763170843,1428237.2376113175,17627,65,74,3,2
1596,1335208.5167517378,1356401.1252017156,17627,65,77,3,2
1597,1386266.9101527338,1408504.3753346517,17627,65,75,3,2
1598,1418207.8254311546,1444116.3731203384,17627,65,72,2,2
1599,1582706.4401634545,1596202.81634281,17627,65,70,3,2
1600,1819943.1499490351,1820397.0280191435,17627,65,69,2,2
1601,1959562.6034417877,1959783.0233668284,17627,65,69,2,2
1602,2072410.980602176,2072410.9809021764,17627,65,65,0,1
1603,2258851.1367635317,2258851.137063532,17627,65,65,0,1
1604,2281085.5080074817,2281085.5083074817,17627,65,65,0,1
1605,2091724.75303728,2091724.7533372797,17627,65,65,0,1
1606,1995845.7187341568,1995845.7190341565,17627,65,65,0,1
1607,1865816.5887156387,1865816.589015639,17627,65,65,0,1
1608,1602066.9981104387,1602066.9984104387,17627,65,65,0,1
1609,1468286.211791961,1468286.212047701,17627,65,65,0,1
1610,1434491.8057077914,1434491.805943505,17627,65,65,0,1
1611,1457693.9417781974,1457693.9420474146,17627,65,65,0,1
1612,1515316.2518409723,1515316.2521409723,17627,65,65,0,1
1613,1635463.4216387258,1635463.4219387253,17627,65,65,0,1
1614,1817804.4173998751,1817804.4176998748,17627,65,65,0,1
1615,2237052.6491449424,2237052.6494449433,17627,65,65,0,1
1616,2414927.241054685,2414927.241354688,17627,65,65,0,1
1617,2327633.779999355,2327633.780299366,17627,65,65,0,1
1618,2195091.392013505,2195091.392313505,17627,65,65,0,1
1619,2142419.3232168765,2142608.526736145,17627,65,67,2,2
1620,2093627.5168004688,2094088.170478249,17627,65,67,2,2
1621,2154636.9801129587,2155095.500511842,17627,65,67,2,2
1622,2055272.6824626983,2055861.8600505514,17627,65,69,2,2
1623,2048591.8633730167,2049190.5971193276,17627,65,69,2,2
1624,2145010.817249179,2145330.8247391186,17627,65,67,2,2
1625,2270427.623836347,2270427.624136347,17627,65,65,0,1
1626,2418037.809525678,2418037.8098256844,17627,65,65,0,1
1627,2621640.0564489365,2621640.0567489355,17627,65,65,0,1
1628,2678895.5478372364,2678895.548137237,17627,65,65,0,1
1629,2446375.683641932,2446375.683941933,17627,65,65,0,1
1630,2276476.5640741577,2276476.564374158,17627,65,65,0,1
1631,2111266.720949894,2111266.7212498947,17627,65,65,0,1
1632,1820371.7985501194,1820371.798850119,17627,65,65,0,1
1633,1698648.7581119905,1698648.7584119905,17627,65,65,0,1
1634,1657398.7046831856,1657398.7049831855,17627,65,65,0,1
1635,1649920.312411338,1649920.312711338,17627,65,65,0,1
1636,1695524.776980036,1695524.777280036,17627,65,65,0,1
1637,1802235.7307626933,1802235.7310626933,17627,65,65,0,1
1638,1908202.9942942027,1908202.994594202,17627,65,65,0,1
1639,2248122.791553729,2248122.79185373,17627,65,65,0,1
1640,2350010.8751894524,2350010.8754894524,17627,65,65,0,1
1641,2274315.2050353414,2274315.205335342,17627,65,65,0,1
1642,2053652.4248925122,2053902.7305319835,17627,65,69,2,2
1643,1865159.3003676618,1865835.7883786361,17627,65,69,2,2
1644,1724653.7792536938,1727527.9534090625,17627,65,70,3,3
1645,1739436.9059600886,1739868.0953359022,17627,65,67,2,2
1646,1705045.5100307916,1709156.3716826283,17627,65,68,3,3
1647,1741399.1440264722,1742795.0470422579,17627,65,68,3,3
1648,1884444.216999297,1884760.34950085,17627,65,69,2,2
1649,2089574.502649506,2089696.8451652,17627,65,69,2,2
1650,2308784.288405573,2308784.288705573,17627,65,65,0,1
1651,2440070.81341443,2440070.8137144297,17627,65,65,0,1
1652,2463085.040778022,2463085.0410780217,17627,65,65,0,1
1653,2260100.1931920396,2260135.6116388426,17627,65,67,2,2
1654,2171887.677961705,2171949.79696942,17627,65,71,2,2
1655,2030588.1763865596,2030610.4847325305,17627,65,69,2,2
1656,1837631.0914902822,1837631.0917902822,17627,65,65,0,1
1657,1685751.2345948252,1685751.2348948251,17627,65,65,0,1
1658,1642719.8085060462,1642719.8088024727,17627,65,65,0,1
1659,1607847.478946058,1607847.479232778,17627,65,65,0,1
1660,1619114.9484789243,1619114.9487789243,17627,65,65,0,1
1661,1622701.731528891,1622701.7318288907,17627,65,65,0,1
1662,1640026.704585507,1640026.704885507,17627,65,65,0,1
1663,1644826.4603750631,1644826.4606750633,17627,65,65,0,1
1664,1652512.7362145055,1652512.7365145055,17627,65,65,0,1
1665,1681220.305088344,1681245.0976213727,17627,65,67,2,2
1666,1691269.218059003,1691593.710951057,17627,65,67,2,2
1667,1592081.79629774,1608659.7581133605,17627,65,70,3,2
1668,1514887.8283413765,1541522.1536515518,17627,65,73,3,2
1669,1495128.8014459275,1525421.9808126064,17627,65,74,3,2
1670,1476161.2584462976,1504409.907866597,17627,65,71,3,2
1671,1540715.1936847845,1560228.298661674,17627,65,70,3,2
1672,1741441.5483953217,1749227.0960385299,17627,65,68,3,2
1673,1946407.1095216793,1946548.1764462166,17627,65,67,2,2
1674,2116641.2186158635,2116641.218915864,17627,65,65,0,1
1675,2241589.242279702,2241589.2425797023,17627,65,65,0,1
1676,2246993.7125545787,2246993.7128545786,17627,65,65,0,1
1677,2063639.6520072566,2063639.6523072566,17627,65,65,0,1
1678,2005436.321390104,2005436.3216901035,17627,65,65,0,1
1679,1939000.7447878227,1939000.7450878231,17627,65,65,0,1
1680,1843297.794446119,1843297.7947461186,17627,65,65,0,1
1681,1646649.592406555,1646649.592706555,17627,65,65,0,1
1682,1493697.330124605,1493697.330424605,17627,65,65,0,1
1683,1432665.1314646238,1432665.1317646236,17627,65,65,0,1
1684,1430320.9727980455,1430320.9730980454,17627,65,65,0,1
1685,1443432.2833949495,1443432.2836949495,17627,65,65,0,1
1686,1398594.8440032136,1398594.8443032135,17627,65,65,0,1
1687,1295435.2244967257,1295435.224757715,17627,65,65,0,1
1688,1136752.962315491,1136752.9626154886,17627,65,65,0,1
1689,1083241.5035848673,1091561.4453214193,17627,65,68,3,2
1690,1123926.2613639373,1147038.3954427512,17627,65,69,3,2
1691,1107328.5316146554,1138898.5377064506,17627,65,80,3,2
1692,1028241.5531720596,1052926.2811910922,17627,65,204,3,3
1693,1006325.2915955484,1028697.1265421761,17627,65,203,1,2
1694,942529.9822193132,961198.213506812,17627,65,76,1,2
1695,942691.7590747917,958177.5280873283,17627,65,68,1,2
1696,1046062.8869016892,1057166.7187621533,17627,65,68,3,2
1697,1262752.3719175209,1262752.3721720448,17627,65,65,0,1
1698,1472573.0579558853,1472573.0582558853,17627,65,65,0,1
1699,1634805.3837268027,1634805.384026803,17627,65,65,0,1
1700,1711500.5987155768,1711500.5990155772,17627,65,65,0,1
1701,1549918.3531407549,1549918.3534407548,17627,65,65,0,1
1702,1553376.3640607605,1553376.36436076,17627,65,65,0,1
1703,1441477.925860269,1441477.926160269,17627,65,65,0,1
1704,1366064.1303006364,1366064.130586057,17627,65,65,0,1
1705,1267067.917127854,1267067.9173439015,17627,65,65,0,1
1706,1245861.3490587494,1245861.3492619344,17627,65,65,0,1
1707,1300599.6101034177,1300599.6103491003,17627,65,65,0,1
1708,1347800.860428171,1347800.8607087869,17627,65,65,0,1
1709,1431042.2536569228,1431042.2539569226,17627,65,65,0,1
1710,1604724.1770585806,1604724.1773585803,17627,65,65,0,1
1711,2011317.963038461,2011317.9633384608,17627,65,65,0,1
1712,2114254.6121363277,2114342.274716035,17627,65,67,2,2
1713,2034648.768155653,2035527.5355764786,17627,65,69,2,2
1714,1885305.4026004076,1898733.1860856088,17627,65,71,3,2
1715,1814126.5220201272,1840794.6775373656,17627,65,70,3,2
1716,1771057.0810814297,1808367.727873249,17627,65,72,3,2
1717,1769966.1798281763,1806953.6200730884,17627,65,73,3,2
1718,1796194.2155654398,1826969.5193888503,17627,65,72,3,2
1719,1831359.8920278556,1849974.627403591,17627,65,71,3,2
1720,1966604.5983567163,1968433.298735711,17627,65,70,3,3
1721,2174878.3442677716,2175054.405593128,17627,65,69,2,2
1722,2322235.8637662795,2322235.86406628,17627,65,65,0,1
1723,2434565.623743831,2434565.6240438316,17627,65,65,0,1
1724,2516764.3578825253,2516764.3581825257,17627,65,65,0,1
1725,2326812.2811587825,2326812.281458783,17627,65,65,0,1
1726,2180593.0519978413,2180593.0522978413,17627,65,65,0,1
1727,2016630.6573656406,2016630.657665641,17627,65,65,0,1
1728,1782488.1021725708,1782488.1024725705,17627,65,65,0,1
1729,1640984.3348439476,1640984.3351439475,17627,65,65,0,1
1730,1539031.8533515674,1539031.8536363088,17627,65,65,0,1
1731,1512161.074364511,1512161.0746268537,17627,65,65,0,1
1732,1595098.160738038,1595098.1610380379,17627,65,65,0,1
1733,1658919.5640244377,1658919.5643244374,17627,65,65,0,1
1734,1747951.1027819028,1747951.1030819025,17627,65,65,0,1
1735,2079946.7306336714,2079946.730933672,17627,65,65,0,1
1736,2223811.292746523,2223876.7940651295,17627,65,67,2,2
1737,2117813.394251491,2118252.4017589753,17627,65,70,2,2
1738,1993667.7462105942,1995848.540520292,17627,65,70,3,3
1739,1902380.1694431822,1920432.2254624353,17627,65,71,3,2
1740,1949868.9855061132,1966119.4066728456,17627,65,71,3,2
1741,2037800.9647456661,2041597.5726553944,17627,65,70,3,3
1742,2155263.0153700146,2156048.436040732,17627,65,69,2,2
1743,2185720.1736768694,2186000.272864849,17627,65,71,2,2
1744,2189344.7510140766,2189454.8057108633,17627,65,71,2,2
1745,2190558.852673283,2190605.707514461,17627,65,69,2,2
1746,2256987.907950792,2257006.119358714,17627,65,69,2,2
1747,2364285.914032573,2364285.914332573,17627,65,65,0,1
1748,2478272.872223367,2478272.872523367,17627,65,65,0,1
1749,2312666.9353164574,2312666.9356164574,17627,65,65,0,1
1750,2169902.0020716777,2169902.0023716786,17627,65,65,0,1
1751,1976094.5300668553,1976096.049350692,17627,65,67,2,2
1752,1712962.8742320677,1712962.8745320677,17627,65,65,0,1
1753,1562269.4480665084,1562269.4483349167,17627,65,65,0,1
1754,1472092.0840463864,1472092.084258312,17627,65,65,0,1
1755,1445058.824992946,1445058.8251958836,17627,65,65,0,1
1756,1470362.376594461,1470362.3768251303,17627,65,65,0,1
1757,1533649.242633655,1533649.2429155353,17627,65,65,0,1
1758,1661271.0776464646,1661271.0779464643,17627,65,65,0,1
1759,2017550.815493792,2017558.5484605269,17627,65,67,2,2
1760,2226789.821000048,2226789.821300048,17627,65,65,0,1
1761,2193894.3083918276,2194072.0371465785,17627,65,69,2,2
1762,2079814.1189374314,2080043.4830734432,17627,65,75,2,2
1763,2016162.2470866698,2016620.965655699,17627,65,75,2,2
1764,1982853.6640390626,1983322.4206443343,17627,65,75,2,2
1765,1916206.8061798972,1916661.8156639338,17627,65,72,2,2
1766,1878014.2842438407,1878464.6171397862,17627,65,71,2,2
1767,1888624.9867887585,1889063.9396469123,17627,65,71,2,2
1768,1912907.839276124,1913319.757435732,17627,65,71,2,2
1769,1882998.191217931,1883336.962404262,17627,65,71,2,2
1770,1933695.6385873556,1934124.8996943126,17627,65,77,2,2
1771,2062432.1236275001,2063574.627281096,17627,65,81,2,2
1772,2243816.7141684536,2259765.749459876,17627,65,83,2,2
1773,2058622.2278591124,2059808.990533238,17627,65,81,2,2
1774,1891935.677572164,1893143.1155241595,17627,65,78,2,2
1775,1682949.0908908504,1684674.4693913888,17627,65,71,2,2
1776,1454705.9859242379,1454705.9862203188,17627,65,65,0,1
1777,1287650.2582377244,1287650.258537719,17627,65,65,0,1
1778,1259869.7193221184,1259869.7196221184,17627,65,65,0,1
1779,1261431.6899112714,1261431.6902112716,17627,65,65,0,1
1780,1334626.015149388,1334626.015449391,17627,65,65,0,1
1781,1378782.5987550917,1378782.5990550946,17627,65,65,0,1
1782,1500971.238288432,1500971.2385055213,17627,65,65,0,1
1783,1824990.5293707396,1825359.3718647356,17627,65,75,2,2
1784,1887339.8891811504,1887913.9106722495,17627,65,73,2,2
1785,1682874.878419703,1684496.4611120662,17627,65,69,2,2
1786,1411871.0820515107,1428915.9707201156,17627,65,69,2,2
1787,1230224.1350316692,1231656.0253024828,17627,65,67,2,2
1788,1148690.8871586546,1177201.1167214368,17627,65,68,2,2
1789,1098904.590076993,1131437.0792467515,17627,65,68,2,2
1790,1153708.8147863257,1178097.7141163484,17627,65,68,2,2
1791,1263360.1913553418,1263360.1916553418,17627,65,65,0,1
1792,1394750.064549062,1402299.91567809,17627,65,69,2,2
1793,1564963.9155598935,1565644.342208066,17627,65,69,2,2
1794,1743958.6420905343,1745529.557342284,17627,65,77,2,2
1795,1904816.1861900324,1906251.982657799,17627,65,81,2,2
1796,2127497.4632929945,2141083.998355091,17627,65,81,2,2
1797,1964066.151913898,1964907.6274351585,17627,65,81,2,2
1798,1792982.3465024554,1793231.6730132815,17627,65,74,2,2
1799,1607026.615700372,1607114.9593863636,17627,65,69,2,2
1800,1410007.1031180676,1410007.103374381,17627,65,65,0,1
1801,1249447.3032471316,1249447.303501942,17627,65,65,0,1
1802,1208809.0391936018,1208809.0394803535,17627,65,65,0,1
1803,1193595.1912399565,1193595.191539948,17627,65,65,0,1
1804,1256814.836033554,1256814.836284553,17627,65,65,0,1
1805,1387727.9952798518,1387727.9955320368,17627,65,65,0,1
1806,1560384.5175965764,1560384.5178965763,17627,65,65,0,1
1807,1927836.181849225,1927836.182149225,17627,65,65,0,1
1808,2013478.022315674,2013623.6373723643,17627,65,69,2,2
1809,1856886.3557594279,1858153.707181475,17627,65,70,3,3
1810,1678095.7569225244,1697465.0793171823,17627,65,70,3,2
1811,1557249.3149429713,1585189.7647525468,17627,65,72,3,2
1812,1479562.893409342,1505116.295901588,17627,65,76,3,2
1813,1465688.474504678,1487694.523700445,17627,65,76,3,2
1814,1493825.3360205637,1518018.580165754,17627,65,73,3,2
1815,1528205.6136435638,1547530.1728314697,17627,65,70,3,2
1816,1680709.2078081365,1690234.6943522987,17627,65,68,3,2
1817,1880847.5567641198,1881092.4834380518,17627,65,69,2,2
1818,2097145.773390244,2097150.2161900331,17627,65,67,2,2
1819,2247151.371081847,2247151.371381847,17627,65,65,0,1
1820,2425484.5645632846,2425484.5648632855,17627,65,65,0,1
1821,2197956.8870037273,2197956.887303727,17627,65,65,0,1
1822,2020974.3471495307,2020974.347449531,17627,65,65,0,1
1823,1835113.3247060988,1835113.3250060994,17627,65,65,0,1
1824,1616562.251232902,1616562.251532902,17627,65,65,0,1
1825,1443280.689901027,1443280.6901333944,17627,65,65,0,1
1826,1369166.2869600654,1369166.287185355,17627,65,65,0,1
1827,1318787.5508633242,1318787.5511286245,17627,65,65,0,1
1828,1366095.7931720973,1366095.7934015563,17627,65,65,0,1
1829,1416869.2991998764,1416869.2994087173,17627,65,65,0,1
1830,1466984.0105174526,1466984.010761561,17627,65,65,0,1
1831,1525513.2299801316,1525513.2302788913,17627,65,65,0,1
1832,1556330.880150104,1556330.8804227689,17627,65,65,0,1
1833,1564238.3696779422,1564380.0553036318,17627,65,67,2,2
1834,1466967.5364472358,1475243.701792045,17627,65,68,3,2
1835,1396435.1382978614,1408883.0858011874,17627,65,68,3,2
1836,1333817.7208966396,1351775.0641861386,17627,65,68,3,2
1837,1300364.566953943,1323606.2956449701,17627,65,69,3,2
1838,1274565.247569518,1296138.4153858125,17627,65,68,3,2
1839,1349132.31889243,1360019.7991976764,17627,65,68,3,2
1840,1535600.0326161261,1537566.4713339652,17627,65,68,3,2
1841,1698104.9761671503,1698104.9764671503,17627,65,65,0,1
1842,1833866.163013463,1833866.1633134624,17627,65,65,0,1
1843,1983632.0283567067,1983632.0286567076,17627,65,65,0,1
1844,2076346.9305789615,2076346.930878962,17627,65,65,0,1
1845,1904645.6422291577,1904645.6425291565,17627,65,65,0,1
1846,1830366.9975929852,1830366.9978929856,17627,65,65,0,1
1847,1758564.6183987837,1758564.6186987837,17627,65,65,0,1
1848,1626061.524423607,1626061.5247236069,17627,65,65,0,1
1849,1499760.138370194,1499760.1386506967,17627,65,65,0,1
1850,1371264.8843857825,1371264.884598443,17627,65,65,0,1
1851,1302666.1782204502,1302666.1784879197,17627,65,65,0,1
1852,1265001.5144464679,1265001.514739184,17627,65,65,0,1
1853,1262592.0979862837,1262592.098274632,17627,65,65,0,1
1854,1253322.1468570135,1253322.1471459155,17627,65,65,0,1
1855,1155687.5585411568,1155687.5588411596,17627,65,65,0,1
1856,1115560.1416067574,1115560.1419067434,17627,65,65,0,1
1857,1195164.6739604985,1195164.6742315008,17627,65,65,0,1
1858,1309631.9327202258,1309631.932968339,17627,65,65,0,1
1859,1353618.2568193758,1353618.2571193757,17627,65,65,0,1
1860,1460269.3898720818,1460296.7774576526,17627,65,67,2,2
1861,1488015.377542351,1488071.1833305224,17627,65,67,2,2
1862,1462460.3929664232,1462460.3932664231,17627,65,65,0,1
1863,1483116.2904528966,1483116.2907528963,17627,65,65,0,1
1864,1573420.4687594292,1573420.4690594291,17627,65,65,0,1
1865,1688122.4721812992,1688122.4724812992,17627,65,65,0,1
1866,1832635.5038275884,1832635.5041275877,17627,65,65,0,1
1867,2036901.873456697,2036901.873756697,17627,65,65,0,1
1868,2190493.831217247,2190493.831517247,17627,65,65,0,1
1869,2124035.9878655286,2124035.9881655285,17627,65,65,0,1
1870,2081343.7207574015,2081343.7210574013,17627,65,65,0,1
1871,2019060.0143268772,2019060.0146268771,17627,65,65,0,1
1872,1823110.484997324,1823110.4852973234,17627,65,65,0,1
1873,1632910.672039012,1632910.6723390114,17627,65,65,0,1
1874,1538359.0976708732,1538359.0979708731,17627,65,65,0,1
1875,1480869.581034922,1480869.581334922,17627,65,65,0,1
1876,1501680.5398135944,1501680.5401135944,17627,65,65,0,1
1877,1574678.6471749053,1574678.647474905,17627,65,65,0,1
1878,1796631.5821372939,1796631.582437294,17627,65,65,0,1
1879,2195868.2256462113,2195868.2259462113,17627,65,65,0,1
1880,2314326.45470646,2314326.45500646,17627,65,65,0,1
1881,2249061.044903014,2249061.045203014,17627,65,65,0,1
1882,1835741.4784167218,1849344.356355295,17627,65,70,3,2
1883,1839747.9691913053,1844963.4718103593,17627,65,70,3,3
1884,2007922.8978174727,2008369.0982445194,17627,65,67,2,2
1885,1958174.6809596084,1958545.8048214363,17627,65,69,2,2
1886,1925850.9288117827,1926190.424911853,17627,65,69,2,2
1887,1905993.2292554143,1906229.5180656377,17627,65,69,2,2
1888,1966821.4752214262,1966968.8678564813,17627,65,67,2,2
1889,2071752.2281723975,2071752.228472397,17627,65,65,0,1
1890,2240343.066511125,2240343.0668111253,17627,65,65,0,1
1891,2406044.172565064,2406044.1728650704,17627,65,65,0,1
1892,2592167.4754162217,2592167.4757162207,17627,65,65,0,1
1893,2417856.082258829,2417856.0825588317,17627,65,65,0,1
1894,2184180.2660296275,2184180.2663296275,17627,65,65,0,1
1895,1954911.1410965216,1954911.141396522,17627,65,65,0,1
1896,1721561.4740288018,1721561.4743288006,17627,65,65,0,1
1897,1595575.9747793656,1595575.9750793655,17627,65,65,0,1
1898,1513240.1428960972,1513240.143196097,17627,65,65,0,1
1899,1490186.7256961449,1490186.7259961446,17627,65,65,0,1
1900,1541355.626640217,1541355.6269402166,17627,65,65,0,1
1901,1552987.6361126134,1552987.6364126136,17627,65,65,0,1
1902,1687665.4104919017,1687665.4107919016,17627,65,65,0,1
1903,1978656.4507846911,1978656.4510846913,17627,65,65,0,1
1904,2056386.668944654,2056386.6692446542,17627,65,65,0,1
1905,1913082.2493185033,1913241.3427224995,17627,65,69,2,2
1906,1816934.7770557697,1817079.0563212384,17627,65,67,2,2
1907,1749972.3810969868,1750159.518708531,17627,65,69,2,2
1908,1675405.3536994602,1675724.6954844836,17627,65,69,2,2
1909,1639384.1198972005,1639573.336630371,17627,65,67,2,2
1910,1649566.707030416,1649727.4369235998,17627,65,67,2,2
1911,1704387.4825976999,1704556.9210926497,17627,65,67,2,2
1912,1748127.6067872471,1748306.5074617576,17627,65,67,2,2
1913,1777540.7077139078,1777666.600807193,17627,65,69,2,2
1914,1889062.4322302584,1889293.2306759558,17627,65,69,2,2
1915,2004961.992879922,2005147.6545457346,17627,65,73,2,2
1916,2150641.867168608,2150903.4551060684,17627,65,79,2,2
1917,1961951.4357652795,1962338.5636040878,17627,65,75,2,2
1918,1760778.0457245023,1761645.7731633063,17627,65,73,2,2
1919,1601384.9750010665,1601484.441209699,17627,65,69,2,2
1920,1413368.7893800759,1413368.7896623325,17627,65,65,0,1
1921,1251574.9034180131,1251574.9037180098,17627,65,65,0,1
1922,1229418.2718039374,1229418.2721039378,17627,65,65,0,1
1923,1236341.8149942516,1236341.8152942485,17627,65,65,0,1
1924,1332417.7730739424,1332417.7733739426,17627,65,65,0,1
1925,1432528.7057041368,1432528.7059238593,17627,65,65,0,1
1926,1588623.7278561245,1588623.7281561242,17627,65,65,0,1
1927,1954992.1906484633,1954992.1909484626,17627,65,65,0,1
1928,2057546.8369788595,2057594.5433854251,17627,65,67,2,2
1929,1957278.265086875,1957391.3272323015,17627,65,69,2,2
1930,1833568.4337573168,1833783.2089717002,17627,65,67,2,2
1931,1825541.1777983534,1825699.3820671379,17627,65,67,2,2
1932,1892920.6993909432,1893025.1657748676,17627,65,67,2,2
1933,1907814.187709097,1907927.3203049565,17627,65,67,2,2
1934,1884893.5255750967,1885315.4487362606,17627,65,67,2,2
1935,1823683.0086014532,1824032.3341790112,17627,65,67,2,2
1936,1848702.1836270634,1848967.2118725055,17627,65,67,2,2
1937,2010982.7577102417,2011077.3034651857,17627,65,67,2,2
1938,2270750.2688197163,2270750.2691197162,17627,65,65,0,1
1939,2485088.2486952674,2485088.2489952706,17627,65,65,0,1
1940,2697400.6203383054,2697400.6206383053,17627,65,65,0,1
1941,2464936.0088814236,2464936.0091814282,17627,65,65,0,1
1942,2226690.8049919168,2226690.8052919167,17627,65,65,0,1
1943,1986143.5065453327,1986143.5068453331,17627,65,65,0,1
1944,1765459.3581867933,1765459.3584867932,17627,65,65,0,1
1945,1554012.9304083707,1554012.9307083706,17627,65,65,0,1
1946,1492045.36056412,1492045.3608405965,17627,65,65,0,1
1947,1465098.801289355,1465098.8015506347,17627,65,65,0,1
1948,1529702.7870133454,1529702.7873133454,17627,65,65,0,1
1949,1618505.4499745562,1618505.4502745562,17627,65,65,0,1
1950,1740700.0780500122,1740700.0783500122,17627,65,65,0,1
1951,2035612.228978248,2035612.229278248,17627,65,65,0,1
1952,2001456.769038796,2001600.3708898434,17627,65,67,2,2
1953,1786196.4343454465,1792715.543509297,17627,65,68,3,2
1954,1588951.7945861814,1609157.244655685,17627,65,70,3,2
1955,1459068.3551797844,1486642.7382935414,17627,65,71,3,2
1956,1412992.3781342977,1441092.2290516936,17627,65,70,3,2
1957,1461030.1745902747,1482934.7472037808,17627,65,70,3,2
1958,1552266.7363331942,1567234.106494003,17627,65,70,3,2
1959,1605053.6053456035,1616154.9355593515,17627,65,68,3,2
1960,1732515.690799607,1732979.150929856,17627,65,68,3,3
1961,1912208.2132583158,1912417.3096225425,17627,65,67,2,2
1962,2160504.024744671,2160504.025044671,17627,65,65,0,1
1963,2320874.4222731786,2320874.4225731804,17627,65,65,0,1
1964,2517432.0974328145,2517432.0977328136,17627,65,65,0,1
1965,2319242.691054154,2319242.6913541546,17627,65,65,0,1
1966,2110994.35728014,2110994.3575801393,17627,65,65,0,1
1967,1912773.9783263975,1912773.9786263974,17627,65,65,0,1
1968,1678614.048718693,1678614.049018693,17627,65,65,0,1
1969,1599136.7673703108,1599136.7676703108,17627,65,65,0,1
1970,1529413.2745299472,1529413.2748299472,17627,65,65,0,1
1971,1519622.9708778132,1519622.9711778131,17627,65,65,0,1
1972,1565909.0693915244,1565909.0696915244,17627,65,65,0,1
1973,1647867.4919636962,1647867.4922636957,17627,65,65,0,1
1974,1791262.8010454192,1791262.8013454196,17627,65,65,0,1
1975,2063401.116627403,2063401.116927403,17627,65,65,0,1
1976,2064592.0143218036,2064592.0146218033,17627,65,65,0,1
1977,1876657.536418132,1877041.5320745055,17627,65,69,2,2
1978,1619888.8360591475,1632845.16579578,17627,65,68,3,2
1979,1503387.6955436037,1522775.027176847,17627,65,68,3,2
1980,1483948.1588583197,1504764.4944455612,17627,65,68,3,2
1981,1530480.814923174,1542637.3994154264,17627,65,68,3,2
1982,1634863.8574565595,1635871.1026969673,17627,65,68,3,3
1983,1701194.5327135173,1701396.2020227178,17627,65,67,2,2
1984,1821537.8894959805,1821554.812085749,17627,65,67,2,2
1985,1938138.2999236537,1938138.3002236537,17627,65,65,0,1
1986,2025447.5094199623,2025447.5097199623,17627,65,65,0,1
1987,2128902.013148832,2128902.013448838,17627,65,65,0,1
1988,2282856.0564769963,2282856.056776996,17627,65,65,0,1
1989,2029918.5259395526,2029918.5262395528,17627,65,65,0,1
1990,1801158.7748343295,1801158.7751343297,17627,65,65,0,1
1991,1633785.455181297,1633785.4554812966,17627,65,65,0,1
1992,1479381.8145460407,1479381.8148460407,17627,65,65,0,1
1993,1351648.9702590127,1351648.9705590124,17627,65,65,0,1
1994,1292431.622674268,1292431.622974268,17627,65,65,0,1
1995,1162565.4659064298,1162565.4662064295,17627,65,65,0,1
1996,1145521.5482277395,1145521.548465457,17627,65,65,0,1
1997,1148103.9223117698,1148103.9225304879,17627,65,65,0,1
1998,1164415.547569763,1164415.5478098812,17627,65,65,0,1
1999,1192342.8744812934,1192342.8747624801,17627,65,65,0,1
2000,1318600.6283558416,1318600.6286558413,17627,65,65,0,1
2001,1348579.4342123582,1348579.4345123577,17627,65,65,0,1
2002,1318417.3691404294,1318417.369419947,17627,65,65,0,1
2003,1237611.6569561071,1237627.7831651939,17627,65,67,2,2
2004,1134300.9411767256,1134332.2666228262,17627,65,67,2,2
2005,1064903.7391844173,1064923.1275891322,17627,65,67,2,2
2006,1031136.0667517588,1031136.0670517619,17627,65,65,0,1
2007,1030535.663799275,1030535.6640992713,17627,65,65,0,1
2008,1157574.0748759613,1157574.0751553697,17627,65,65,0,1
2009,1307430.1492085038,1307430.1494318524,17627,65,65,0,1
2010,1467580.558146419,1467580.558446419,17627,65,65,0,1
2011,1617109.642531723,1617109.6428317227,17627,65,65,0,1
2012,1843947.1132025847,1843947.113502585,17627,65,65,0,1
2013,1686958.9239606531,1686958.924260653,17627,65,65,0,1
2014,1536227.973025035,1536227.973325035,17627,65,65,0,1
2015,1414352.0094194529,1414352.009719453,17627,65,65,0,1
2016,1254420.3823376521,1254420.3825386316,17627,65,65,0,1
2017,1111985.7927861218,1111985.7930861237,17627,65,65,0,1
2018,1011260.9036370988,1011260.9039273097,17627,65,65,0,1
2019,1009736.2108455354,1009736.2111285358,17627,65,65,0,1
2020,1030164.7512432474,1030164.7515207189,17627,65,65,0,1
2021,1069134.3103380078,1069134.3106242865,17627,65,65,0,1
2022,1082565.0915322846,1082565.0918273984,17627,65,65,0,1
2023,1086367.8112190547,1086367.8115190526,17627,65,65,0,1
2024,1089183.0825885036,1089183.0828885096,17627,65,65,0,1
2025,1047891.7914277309,1050682.4626066468,17627,65,66,1,2
2026,1004493.2604634559,1012486.5173204781,17627,65,68,3,3
2027,940878.7275936394,950730.9938961829,17627,65,66,1,2
2028,931719.1662690903,938614.2644408157,17627,65,66,1,2
2029,867463.3261762606,871878.820347236,17627,65,66,1,2
2030,827348.3961672526,831238.5138604423,17627,65,66,1,2
2031,868838.30709243,870635.8610517326,17627,65,66,1,2
2032,972763.4539659806,972763.4542659805,17627,65,65,0,1
2033,1178900.0897296073,1178900.0900296108,17627,65,65,0,1
2034,1470102.7378129822,1470102.738013311,17627,65,65,0,1
2035,1626741.6238633196,1626741.6241633194,17627,65,65,0,1
2036,1741021.318944493,1741021.319244493,17627,65,65,0,1
2037,1627885.7095716882,1627885.7098716882,17627,65,65,0,1
2038,1474474.4648936281,1474474.4650939254,17627,65,65,0,1
2039,1296967.6529479185,1296967.6532479194,17627,65,65,0,1
2040,1156178.7040583699,1156178.7043583672,17627,65,65,0,1
2041,1049465.3804326556,1049465.3807326562,17627,65,65,0,1
2042,1015705.5348281278,1015705.5351281276,17627,65,65,0,1
2043,1067054.125003601,1067054.1253036004,17627,65,65,0,1
2044,1150603.7219263935,1150603.7222263804,17627,65,65,0,1
2045,1339276.0812266956,1339276.0814928005,17627,65,65,0,1
2046,1814513.3439726052,1814513.3442726047,17627,65,65,0,1
2047,2031383.2476731748,2031383.754879372,17627,65,67,2,2
2048,1906423.5344849466,1906889.6530779642,17627,65,69,2,2
2049,1637750.5681156036,1643120.259171508,17627,65,70,3,3
2050,1512959.2394629936,1515646.8952032148,17627,65,70,3,3
2051,1470888.5626987538,1471334.7205143627,17627,65,69,2,2
2052,1320467.2511392755,1322369.7321816054,17627,65,70,3,3
2053,1197592.6784155928,1200842.180647501,17627,65,68,3,2
2054,1113271.4323272156,1117550.4921119753,17627,65,66,1,2
2055,1176791.801830566,1176889.2208222325,17627,65,67,2,2
2056,1284750.5618331889,1284875.0656127515,17627,65,69,2,2
2057,1542598.9705343684,1542654.5622429368,17627,65,67,2,2
2058,1852962.579982834,1853079.4812657104,17627,65,69,2,2
2059,2016398.5051695697,2016413.312263694,17627,65,67,2,2
2060,2114739.745553402,2114739.745853402,17627,65,65,0,1
2061,1961980.5009904034,1961980.5012904033,17627,65,65,0,1
2062,1720919.8626078586,1720919.8629078586,17627,65,65,0,1
2063,1445745.8102430273,1445745.8105430272,17627,65,65,0,1
2064,1299969.1928673806,1299969.1931402797,17627,65,65,0,1
2065,1217756.5697169257,1217756.5699715766,17627,65,65,0,1
2066,1195398.3820668524,1195398.3823339911,17627,65,65,0,1
2067,1228462.140609336,1228462.1409093358,17627,65,65,0,1
2068,1331395.5249753376,1331395.5252753373,17627,65,65,0,1
2069,1544218.3385019954,1544218.338801995,17627,65,65,0,1
2070,1893980.5424457644,1893980.5427457644,17627,65,65,0,1
2071,2039594.678365406,2039594.678665406,17627,65,65,0,1
2072,1869833.2431040744,1869890.6205413067,17627,65,67,2,2
2073,1563275.7439509558,1563538.2222508208,17627,65,67,2,2
2074,1439597.7035206337,1439956.4274489472,17627,65,69,2,2
2075,1353251.235517556,1353489.468083779,17627,65,67,2,2
2076,1274800.8121704804,1274888.6021809562,17627,65,67,2,2
2077,1252198.09959081,1252316.1587471904,17627,65,67,2,2
2078,1172022.125491808,1172074.7598094195,17627,65,67,2,2
2079,1196453.7697488016,1196456.1089525635,17627,65,67,2,2
2080,1256586.7679981769,1256586.76829816,17627,65,65,0,1
2081,1403855.980111051,1403855.9804110574,17627,65,65,0,1
2082,1574219.123376002,1574219.1236088034,17627,65,65,0,1
2083,1651948.4447474862,1651993.2020895656,17627,65,67,2,2
2084,1716720.7109940213,1716892.3315362714,17627,65,67,2,2
2085,1552060.134673236,1552174.2349493173,17627,65,69,2,2
2086,1322248.9118194715,1322388.9447738659,17627,65,67,2,2
2087,1071084.206869186,1071084.2071691859,17627,65,65,0,1
2088,1000479.2864833846,1000479.2867833854,17627,65,65,0,1
2089,938717.3717017269,938717.3720017276,17627,65,65,0,1
2090,870594.7399416189,870594.7402416188,17627,65,65,0,1
2091,861265.8876272573,861265.8879272571,17627,65,65,0,1
2092,945374.5456934456,945374.5459934466,17627,65,65,0,1
2093,1088966.5745854292,1088966.5748854293,17627,65,65,0,1
2094,1456585.0990655655,1457372.679246042,17627,65,69,2,2
2095,1643845.6378027915,1645251.4013407892,17627,65,78,2,2
2096,1539566.617303921,1540450.911483244,17627,65,77,2,2
2097,1340569.6790174947,1341491.244560826,17627,65,69,2,2
2098,1236884.4554749106,1237140.69390402,17627,65,67,2,2
2099,1200931.013789531,1201089.0515237043,17627,65,67,2,2
2100,1151291.2441842179,1151291.2444842174,17627,65,65,0,1
2101,1202981.2319176043,1202981.232217604,17627,65,65,0,1
2102,1228531.6604728876,1228531.6607728878,17627,65,65,0,1
2103,1251377.7444473498,1251377.7447473498,17627,65,65,0,1
2104,1336317.0502238441,1336508.9858113062,17627,65,67,2,2
2105,1476874.43161637,1477309.3835391204,17627,65,69,2,2
2106,1555537.9832164631,1556257.2814555136,17627,65,69,2,2
2107,1624481.9278216339,1625462.1922986659,17627,65,71,2,2
2108,1640580.764789657,1648016.9404011513,17627,65,72,2,2
2109,1439946.554563301,1450278.3238018742,17627,65,67,2,2
2110,1175031.2972660926,1244200.2143263167,17627,65,72,2,2
2111,992940.8261454034,1091106.3844374372,17627,65,73,2,2
2112,838146.4022313961,920977.836489562,17627,65,77,4,3
2113,748389.0644477279,830021.5102776003,17627,65,77,4,3
2114,698718.832221972,789037.0440747436,17627,65,77,4,3
2115,713267.4749331223,817782.0728716352,17627,65,77,4,3
2116,731323.5245481177,846982.1703953577,17627,65,74,4,3
2117,881225.565471803,955741.3584700986,17627,65,73,2,2
2118,1272775.4560007784,1297676.623773851,17627,65,71,2,2
2119,1459398.8765430285,1476568.148268828,17627,65,75,2,2
2120,1340468.1185281721,1356434.1776892915,17627,65,72,2,2
2121,1134589.0396518148,1216100.7673979236,17627,65,79,1,2
2122,1061308.3582749388,1165313.0486300397,17627,65,81,1,2
2123,1042594.5903296311,1174516.5136413567,17627,65,83,1,2
2124,896550.1167802238,1080234.2009671624,17627,65,338,1,2
2125,863106.5091111343,1045025.0043479976,17627,65,342,1,2
2126,807057.9163319651,982481.3631955324,17627,65,337,1,2
2127,838263.9466318185,996710.2207193195,17627,65,94,1,2
2128,959505.662437688,1040653.6081963048,17627,65,73,1,2
2129,1186096.1657353202,1188409.5543759256,17627,65,67,2,2
2130,1403429.4859965602,1404393.458605037,17627,65,71,2,2
2131,1553822.611167257,1555404.9941626466,17627,65,75,2,2
2132,1654759.191412523,1655409.0654022293,17627,65,71,2,2
2133,1537563.6462598927,1537804.7310699932,17627,65,67,2,2
2134,1315728.2050373512,1315787.0463011437,17627,65,67,2,2
2135,1037407.1548077049,1037407.1551077048,17627,65,65,0,1
2136,814601.0821217905,814601.0823889098,17627,65,65,0,1
2137,669256.3192444807,673405.6067845306,17627,65,71,4,3
2138,601909.8546688254,667567.7191389005,17627,65,71,4,3
2139,612344.9151358256,700882.800071907,17627,65,73,4,3
2140,667059.2430900119,780235.9546821733,17627,65,75,4,3
2141,861722.3759635186,972363.7647475717,17627,65,75,4,3
2142,1256368.5613809326,1347235.342939612,17627,65,73,2,2
2143,1421957.6081429354,1510595.8664386338,17627,65,74,2,2
2144,1402031.2384672863,1466300.6562922325,17627,65,75,3,2
2145,1299079.7423166072,1375862.504453513,17627,65,79,3,2
2146,1283976.6829551866,1359868.180155034,17627,65,75,3,2
2147,1249958.0395133253,1305058.9153171382,17627,65,75,3,2
2148,1117048.3012551265,1239662.352661777,17627,65,77,1,2
2149,1015110.5276849557,1183256.5290215933,17627,65,342,1,2
2150,933782.7025551522,1099420.226053528,17627,65,353,1,2
2151,921343.5969091791,1078220.5278944036,17627,65,334,1,2
2152,990002.6594773326,1079796.1480549867,17627,65,80,1,2
2153,1126074.2828988621,1202949.738693955,17627,65,79,3,2
2154,1201956.6255514978,1285115.5568429339,17627,65,74,2,2
2155,1281318.5194506831,1364800.7106780354,17627,65,76,2,2
2156,1322025.9447603184,1396894.9253175631,17627,65,76,2,2
2157,1210049.3307218333,1299250.0713319858,17627,65,73,2,2
2158,1075273.821566334,1169063.3050773034,17627,65,72,2,2
2159,918234.5064424861,1015316.4689366508,17627,65,73,2,2
2160,758449.4725564981,865152.3555161271,17627,65,75,4,3
2161,687420.0198216849,800641.3197905126,17627,65,77,4,3
2162,635470.3978579325,754944.0059092161,17627,65,77,4,3
2163,626839.4857335915,753809.3441564464,17627,65,77,4,3
2164,605961.824250963,732681.6866619915,17627,65,77,4,3
2165,594551.7563571128,722006.7229430818,17627,65,77,4,3
2166,656044.6338580514,785015.8496357277,17627,65,77,4,3
2167,742379.7960582431,827689.173053772,17627,65,74,4,3
2168,764206.3996166416,822265.6216115425,17627,65,73,3,2
2169,672309.835022367,752002.5827592328,17627,65,73,3,2
2170,618864.3559526164,708702.2680111702,17627,65,73,3,2
2171,521865.50578940223,625319.6132856598,17627,65,80,1,2
2172,395616.1108215689,542215.9515636642,17627,65,83,1,2
2173,362647.9506233282,488811.26799906336,17627,65,77,1,2
2174,330695.7833780801,438685.49865008076,17627,65,75,1,2
2175,370215.8829871549,474043.1857683071,17627,65,75,1,2
2176,491459.6720392647,545309.7707095438,17627,65,73,1,2
2177,713037.503270468,713037.5035704703,17627,65,65,0,1
2178,938561.6898497955,938561.6901497964,17627,65,65,0,1
2179,1066128.624079564,1066128.624379564,17627,65,65,0,1
2180,1120538.6300790561,1120538.630379056,17627,65,65,0,1
2181,1145281.7808803096,1145281.7811803096,17627,65,65,0,1
2182,1054160.6316259755,1054160.6319259754,17627,65,65,0,1
2183,938661.2428659385,938661.2431519891,17627,65,65,0,1
2184,794141.529160903,794141.5293852348,17627,65,65,0,1
2185,713394.0483000015,715527.3134618055,17627,65,69,2,2
2186,711420.5805118701,712398.9304314697,17627,65,69,2,2
2187,733846.6104015781,733934.5105776073,17627,65,67,2,2
2188,813874.1240243288,813874.1242478808,17627,65,65,0,1
2189,848079.1835727084,848079.1838223224,17627,65,65,0,1
2190,856802.0766476,856802.0769184087,17627,65,65,0,1
2191,840989.891183557,840989.8914764925,17627,65,65,0,1
2192,822660.4245686196,822660.42486862,17627,65,65,0,1
2193,759015.7959386458,759015.7962386464,17627,65,65,0,1
2194,647034.5457257972,647034.5460258018,17627,65,65,0,1
2195,607185.6055993335,631983.3519809893,17627,65,69,2,2
2196,577885.7345250086,640791.4658286092,17627,65,69,1,2
2197,509520.2286015693,569105.8286058904,17627,65,69,2,2
2198,439798.9139164265,492436.36282517895,17627,65,69,2,2
2199,457220.2663282872,507918.29135430715,17627,65,69,2,2
2200,556161.1247357681,580821.0724324547,17627,65,69,2,2
2201,824895.5626405822,824895.5629405826,17627,65,65,0,1
2202,1127823.0613347818,1127823.0616347818,17627,65,65,0,1
2203,1333056.151225775,1333100.84646165,17627,65,67,2,2
2204,1504402.7187706959,1504402.7190402644,17627,65,65,0,1
2205,1558802.4009355896,1558802.401136371,17627,65,65,0,1
2206,1532276.612655095,1532276.6128674366,17627,65,65,0,1
2207,1375044.5421080526,1375044.5423905083,17627,65,65,0,1
2208,1272624.308772237,1272624.3090722347,17627,65,65,0,1
2209,1212407.7337111128,1212407.7340111106,17627,65,65,0,1
2210,1205622.79744668,1205622.7977466816,17627,65,65,0,1
2211,1222644.6784883833,1222644.6787883858,17627,65,65,0,1
2212,1324079.42515068,1324079.4254506812,17627,65,65,0,1
2213,1538268.3458718904,1538268.346123335,17627,65,65,0,1
2214,1906445.3716431465,1906454.0369029236,17627,65,67,2,2
2215,2104225.7529307366,2104225.753230737,17627,65,65,0,1
2216,2039445.973936434,2039546.2078732732,17627,65,69,2,2
2217,1932923.3964245922,1933221.594796953,17627,65,71,2,2
2218,1871294.6185483693,1871840.6244286678,17627,65,69,2,2
2219,1871092.4651765397,1871685.1835460956,17627,65,69,2,2
2220,1871494.8365452331,1871978.3501980072,17627,65,69,2,2
2221,1866293.950797438,1866536.6840957932,17627,65,69,2,2
2222,1840271.2211744487,1840445.910281836,17627,65,69,2,2
2223,1925981.4543909377,1926054.573725794,17627,65,67,2,2
2224,1977925.036848199,1977958.1420242884,17627,65,67,2,2
2225,2122664.3527447823,2122664.3530447823,17627,65,65,0,1
2226,2256221.804488292,2256221.804788292,17627,65,65,0,1
2227,2297070.6322088116,2297070.632508811,17627,65,65,0,1
2228,2371545.06994073,2371545.0702407346,17627,65,65,0,1
2229,2301492.4821238215,2301492.482423822,17627,65,65,0,1
2230,2119326.230658486,2119326.2309584855,17627,65,65,0,1
2231,1913429.3782461702,1913429.37854617,17627,65,65,0,1
2232,1786509.3631745446,1786509.3634745453,17627,65,65,0,1
2233,1708960.2076825488,1708960.2079825483,17627,65,65,0,1
2234,1696450.08173091,1696450.0820309098,17627,65,65,0,1
2235,1733815.4293407907,1733815.4296407907,17627,65,65,0,1
2236,1804289.4100326723,1804289.4103326718,17627,65,65,0,1
2237,1958120.1426374584,1958120.1429374581,17627,65,65,0,1
2238,2271195.080498351,2271195.0807983507,17627,65,65,0,1
2239,2433871.61118684,2433871.6114868424,17627,65,65,0,1
2240,2438357.719854744,2438357.7201547455,17627,65,65,0,1
2241,2262013.5533906,2262013.5536905997,17627,65,65,0,1
2242,2141709.1702763913,2141728.295761824,17627,65,67,2,2
2243,2014493.4318924118,2014603.9031772143,17627,65,67,2,2
2244,1888316.6838020873,1888441.6069897595,17627,65,67,2,2
2245,1769444.4459942612,1769614.4694420565,17627,65,67,2,2
2246,1663351.401637638,1663549.5681289267,17627,65,67,2,2
2247,1681897.5838799782,1682084.640860679,17627,65,67,2,2
2248,1633604.0162390308,1633852.774158834,17627,65,68,3,3
2249,1761212.597121756,1761381.3022935044,17627,65,67,2,2
2250,1944086.8784862862,1944086.878786286,17627,65,65,0,1
2251,2045482.4077448398,2045482.4080448397,17627,65,65,0,1
2252,2067422.5388107905,2067422.5391107905,17627,65,65,0,1
2253,2009117.1136293444,2009117.1139293439,17627,65,65,0,1
2254,1801303.8756311173,1801303.8759311172,17627,65,65,0,1
2255,1595247.0685991696,1595247.0688991696,17627,65,65,0,1
2256,1482438.099650894,1482438.0999508938,17627,65,65,0,1
2257,1465245.578128113,1465245.578428113,17627,65,65,0,1
2258,1426633.641790928,1426633.6420909278,17627,65,65,0,1
2259,1476226.7252200216,1476226.7255200213,17627,65,65,0,1
2260,1611317.9406383648,1611317.9409383633,17627,65,65,0,1
2261,1761936.4877596365,1761936.4880596357,17627,65,65,0,1
2262,2062730.206285806,2062730.2065858059,17627,65,65,0,1
2263,2187521.530479882,2187521.530779882,17627,65,65,0,1
2264,2098499.418455979,2098792.7642353247,17627,65,67,2,2
2265,1871878.355143368,1882379.2195940963,17627,65,70,3,2
2266,1792336.5927917259,1814310.2608768751,17627,65,70,3,2
2267,1768629.6365371854,1797499.9400694622,17627,65,71,3,2
2268,1743636.3648718353,1764901.872961065,17627,65,68,3,2
2269,1746838.4273174056,1763175.7095739453,17627,65,68,3,2
2270,1756592.2210797383,1768151.934025274,17627,65,68,3,2
2271,1831823.1171962284,1833184.2888562107,17627,65,68,3,3
2272,1880747.3695214316,1881161.1230804948,17627,65,67,2,2
2273,2002481.5081851217,2002608.7545277392,17627,65,67,2,2
2274,2204390.6351962034,2204390.6354962033,17627,65,65,0,1
2275,2273698.195905151,2273698.1962051513,17627,65,65,0,1
2276,2274005.698943899,2274005.699243899,17627,65,65,0,1
2277,2146666.737238338,2146666.737538338,17627,65,65,0,1
2278,1977204.5537197855,1977204.5540197855,17627,65,65,0,1
2279,1770378.7248523822,1770378.7251523822,17627,65,65,0,1
2280,1604250.6996288253,1604250.6999288253,17627,65,65,0,1
2281,1541914.2987230285,1541914.2990230285,17627,65,65,0,1
2282,1518841.531618658,1518841.531918658,17627,65,65,0,1
2283,1493111.1608166518,1493111.1611166517,17627,65,65,0,1
2284,1545520.5057666078,1545520.5060666082,17627,65,65,0,1
2285,1631205.8927395386,1631205.893039538,17627,65,65,0,1
2286,1891168.8568888921,1891168.8571888926,17627,65,65,0,1
2287,2003620.5603602591,2003620.5606602593,17627,65,65,0,1
2288,1992690.5652136249,1992690.5655136246,17627,65,65,0,1
2289,1904971.2860540748,1905090.7249501855,17627,65,67,2,2
2290,1895313.8833053412,1895457.4618865347,17627,65,67,2,2
2291,1898574.5321302419,1898766.194896902,17627,65,67,2,2
2292,1829958.2915732558,1830081.1860402564,17627,65,67,2,2
2293,1744817.0821572978,1745009.2205197131,17627,65,69,2,2
2294,1691877.017905253,1692373.876675426,17627,65,69,2,2
2295,1721529.1001670088,1721865.3571317936,17627,65,69,2,2
2296,1668498.0731781179,1668845.6820178991,17627,65,67,2,2
2297,1808727.7196998377,1808789.8819498587,17627,65,67,2,2
2298,1970129.3448562394,1970129.345156239,17627,65,65,0,1
2299,2034083.7907767703,2034083.79107677,17627,65,65,0,1
2300,2038643.7278591658,2038643.7281591655,17627,65,65,0,1
2301,1985360.100514196,1985360.1008141958,17627,65,65,0,1
2302,1861642.6607788387,1861642.661078839,17627,65,65,0,1
2303,1657363.4275875965,1657363.4278875957,17627,65,65,0,1
2304,1512553.1303727466,1512553.1306727468,17627,65,65,0,1
2305,1473830.00024355,1473830.0005435497,17627,65,65,0,1
2306,1420254.0727805253,1420254.0730805253,17627,65,65,0,1
2307,1397897.5055217296,1397897.5058217293,17627,65,65,0,1
2308,1365078.2371239513,1365078.2374239513,17627,65,65,0,1
2309,1252139.9365744046,1252139.9368301725,17627,65,65,0,1
2310,1111306.7262566602,1111306.7265162442,17627,65,65,0,1
2311,1046362.8989855035,1046362.8992855109,17627,65,65,0,1
2312,927315.7334200041,927315.733720004,17627,65,65,0,1
2313,785428.3046786882,790891.8040829066,17627,65,66,1,2
2314,739128.5448083499,739128.5450901454,17627,65,65,0,1
2315,742122.934235675,742122.9345308796,17627,65,65,0,1
2316,679958.6120732876,679958.6123576588,17627,65,65,0,1
2317,580743.8959238704,580743.8961788869,17627,65,65,0,1
2318,502844.18585876573,502844.18610830687,17627,65,65,0,1
2319,501560.6744704066,501560.67471027694,17627,65,65,0,1
2320,612008.6818106282,612008.6820972923,17627,65,65,0,1
2321,821432.8561129861,821432.8564129856,17627,65,65,0,1
2322,1141415.135328636,1141415.1355811597,17627,65,65,0,1
2323,1286193.4069532687,1286193.4072532686,17627,65,65,0,1
2324,1370233.460867792,1370233.4611677916,17627,65,65,0,1
2325,1381409.3927483843,1381409.3930483842,17627,65,65,0,1
2326,1315909.0931701916,1315909.0934701916,17627,65,65,0,1
2327,1203493.0788625898,1203493.0791367723,17627,65,65,0,1
2328,1070300.428495029,1070300.4287302322,17627,65,65,0,1
2329,1012696.7698617717,1012696.770151398,17627,65,65,0,1
2330,991444.8608692922,991444.8611692869,17627,65,65,0,1
2331,989855.0293950387,989855.029695037,17627,65,65,0,1
2332,1042932.163456088,1042932.1637407924,17627,65,65,0,1
2333,1077726.249432867,1077726.249692017,17627,65,65,0,1
2334,1092455.649333838,1092455.649578367,17627,65,65,0,1
2335,1094000.9351721234,1094000.935425392,17627,65,65,0,1
2336,1109535.3342927038,1109535.3345817458,17627,65,65,0,1
2337,1077930.7615740504,1083421.19124175,17627,65,68,3,2
2338,991744.5075661719,1010845.9835225658,17627,65,68,3,2
2339,973527.3792726554,995197.2979177764,17627,65,71,3,2
2340,964354.5801090875,984886.9545377089,17627,65,70,3,2
2341,925734.7934944353,942087.2668887079,17627,65,69,3,2
2342,920695.1343107938,936070.7884625309,17627,65,68,3,2
2343,932764.4218680995,945091.2877646069,17627,65,68,3,2
2344,984103.0539674754,990799.6954381586,17627,65,68,3,2
2345,1178081.588234689,1178081.5884689617,17627,65,65,0,1
2346,1455852.0647272833,1455852.065027283,17627,65,65,0,1
2347,1565502.2212082646,1565502.2215082636,17627,65,65,0,1
2348,1580766.5425822288,1580766.5428822297,17627,65,65,0,1
2349,1574961.672019353,1574961.6723193526,17627,65,65,0,1
2350,1504624.1642212684,1504624.1645212683,17627,65,65,0,1
2351,1366435.7326735067,1366435.7329735067,17627,65,65,0,1
2352,1207848.8622368448,1207848.86251664,17627,65,65,0,1
2353,1142200.9283386334,1142200.9285636568,17627,65,65,0,1
2354,1125574.7671453566,1125574.7673491964,17627,65,65,0,1
2355,1109980.0754140692,1109980.075628839,17627,65,65,0,1
2356,1129838.8623068286,1129838.8625204982,17627,65,65,0,1
2357,1119549.1044635053,1119549.1046937937,17627,65,65,0,1
2358,1066480.772345432,1066480.7726286312,17627,65,65,0,1
2359,967309.6861726218,967309.6864726129,17627,65,65,0,1
2360,846237.8765606895,848705.1719592923,17627,65,66,1,2
2361,730190.8345538939,740971.3028388866,17627,65,67,1,2
2362,660722.3193442405,660722.3196442397,17627,65,65,0,1
2363,640987.0645841078,641071.0261699029,17627,65,66,1,2
2364,610977.7860899933,611167.5854187489,17627,65,68,1,2
2365,513179.690304652,543950.1459699228,17627,65,73,3,3
2366,467516.4618684484,495406.82002327667,17627,65,69,1,2
2367,478506.5254455993,480141.60462487326,17627,65,66,1,2
2368,608278.9005341928,608278.9008325422,17627,65,65,0,1
2369,957312.8157599226,961229.1185595713,17627,65,66,1,2
2370,1301299.3895943789,1301299.3897957995,17627,65,65,0,1
2371,1478634.4929580633,1478634.4932580632,17627,65,65,0,1
2372,1547407.1547534415,1547407.1550534412,17627,65,65,0,1
2373,1575263.522802649,1575263.5231026488,17627,65,65,0,1
2374,1506126.172927712,1506126.173227712,17627,65,65,0,1
2375,1378389.5278705466,1378389.528138581,17627,65,65,0,1
2376,1190313.7735767863,1190313.7738585342,17627,65,65,0,1
2377,1091989.3678779537,1091989.368161957,17627,65,65,0,1
2378,1016770.1140804009,1016770.1143375328,17627,65,65,0,1
2379,987556.3604054272,987556.3606536925,17627,65,65,0,1
2380,1007590.4209661961,1007590.4212264623,17627,65,65,0,1
2381,1020695.8252506346,1020695.8255199909,17627,65,65,0,1
2382,1008498.671410296,1008498.6716834116,17627,65,65,0,1
2383,937566.0960991246,937566.0963828161,17627,65,65,0,1
2384,872762.251710681,878612.1896284057,17627,65,66,1,2
2385,857467.9941592517,862639.3845444861,17627,65,66,1,2
2386,884101.0833776717,884101.0836776716,17627,65,65,0,1
2387,931536.6036691456,931549.4199841107,17627,65,66,1,2
2388,926562.2174844205,926669.2749261201,17627,65,68,1,2
2389,855347.2080265261,855473.7089038467,17627,65,68,1,2
2390,836584.346863685,836653.9013983144,17627,65,66,1,2
2391,903997.7413238205,903997.7416238203,17627,65,65,0,1
2392,1019538.6634936236,1032500.2205290302,17627,65,67,1,2
2393,1239680.421281513,1239680.4215815102,17627,65,65,0,1
2394,1465607.4761113753,1465607.4763422187,17627,65,65,0,1
2395,1541846.0596375368,1541846.0599375365,17627,65,65,0,1
2396,1543145.5156701445,1543145.515969478,17627,65,65,0,1
2397,1564485.3501785211,1564485.3504701068,17627,65,65,0,1
2398,1463429.4509359077,1463429.4511392438,17627,65,65,0,1
2399,1259776.7890721094,1259776.7893721014,17627,65,65,0,1
2400,1040890.4246655314,1040890.4249655306,17627,65,65,0,1
2401,946289.9876016721,946289.9879016719,17627,65,65,0,1
2402,910650.9823701486,910650.9826701485,17627,65,65,0,1
2403,910431.8097662855,910431.8100662854,17627,65,65,0,1
2404,927832.2775563343,927832.2778563341,17627,65,65,0,1
2405,1034088.7035624417,1034088.7038624415,17627,65,65,0,1
2406,1390127.9136069855,1390127.91390698,17627,65,65,0,1
2407,1612073.4462879011,1612073.4465126488,17627,65,65,0,1
2408,1733233.1048688001,1733233.1051688,17627,65,65,0,1
2409,1631958.261418576,1632117.5080960868,17627,65,67,2,2
2410,1474892.9337436038,1475104.9872511034,17627,65,69,2,2
2411,1360935.1293786373,1361303.6543147839,17627,65,67,2,2
2412,1278161.932670258,1278161.9329702577,17627,65,65,0,1
2413,1314526.8298345446,1314658.0354044884,17627,65,67,2,2
2414,1322519.1517703598,1322717.8334925147,17627,65,67,2,2
2415,1374504.5088304565,1374965.7892205094,17627,65,67,2,2
2416,1426063.3209454096,1426522.6082089709,17627,65,67,2,2
2417,1574738.2737609257,1575033.8107931884,17627,65,69,2,2
2418,1760071.9030435374,1760637.5753863622,17627,65,69,2,2
2419,1851061.8312994507,1853428.0990032726,17627,65,71,2,2
2420,1886459.2460783087,1908216.0653992374,17627,65,73,2,2
2421,1827856.0333516835,1833742.3938114285,17627,65,71,2,2
2422,1667335.2008736664,1667434.8615927051,17627,65,69,2,2
2423,1489098.23711841,1489098.237418411,17627,65,65,0,1
2424,1368097.759849784,1368097.7601497807,17627,65,65,0,1
2425,1304413.604956009,1304413.605256007,17627,65,65,0,1
2426,1283094.9587859646,1283094.9590859674,17627,65,65,0,1
2427,1276824.5068245973,1276824.5071245912,17627,65,65,0,1
2428,1360594.340169049,1360594.340426995,17627,65,65,0,1
2429,1511408.322193813,1511408.3224484413,17627,65,65,0,1
2430,1812569.410276752,1812578.0796795164,17627,65,69,2,2
2431,1902749.2490366634,1902832.1371257699,17627,65,69,2,2
2432,1804186.3777334637,1804561.2056533187,17627,65,69,2,2
2433,1570604.5306899664,1578253.7723141455,17627,65,70,3,3
2434,1423555.563226709,1442500.420269054,17627,65,72,3,2
2435,1323585.4422187353,1339358.3268376975,17627,65,75,3,2
2436,1211561.5246141884,1212387.7044869016,17627,65,67,1,2
2437,1193371.9046207056,1193402.1971563792,17627,65,67,1,2
2438,1141126.0719340108,1141136.2696178737,17627,65,67,1,2
2439,1171208.9279095663,1171208.9282095663,17627,65,65,0,1
2440,1291814.5708997606,1298520.4552140518,17627,65,66,1,2
2441,1550008.0173233636,1550367.088029327,17627,65,69,2,2
2442,1811008.7459890011,1811086.1721916683,17627,65,69,2,2
2443,1877282.7666391693,1877520.6875274326,17627,65,71,2,2
2444,1854621.710861805,1856368.9750098188,17627,65,75,2,2
2445,1775891.7666059555,1776466.908619563,17627,65,73,2,2
2446,1582587.5073988703,1582968.7340843224,17627,65,75,2,2
2447,1311855.9012589892,1312013.075016113,17627,65,67,2,2
2448,1128437.6852824646,1128437.685582465,17627,65,65,0,1
2449,1075826.9417852974,1079822.8107977936,17627,65,69,2,2
2450,1087326.4574064547,1087329.1348920432,17627,65,67,2,2
2451,1163761.776969031,1163761.7772690312,17627,65,65,0,1
2452,1257756.2244645096,1257756.2247645096,17627,65,65,0,1
2453,1381908.869595473,1382011.0413306751,17627,65,67,2,2
2454,1702230.7083900403,1703046.876616693,17627,65,71,2,2
2455,1882618.445374398,1883840.9617572215,17627,65,75,2,2
2456,1827197.5803508672,1827660.491419096,17627,65,75,2,2
2457,1642743.1273133154,1643907.5974358171,17627,65,69,2,2
2458,1586742.2421485907,1588238.0060755352,17627,65,69,2,2
2459,1553223.3844739809,1554778.1697215908,17627,65,70,2,2
2460,1443255.3126196554,1448928.26041863,17627,65,69,2,2
2461,1427513.5546654346,1429991.0744523457,17627,65,69,2,2
2462,1375436.7583124312,1382098.5688328105,17627,65,69,2,2
2463,1409567.2603259003,1410751.3798800441,17627,65,69,2,2
2464,1530607.6250857194,1530955.8796741716,17627,65,69,2,2
2465,1774279.0427135236,1774493.2519227453,17627,65,69,2,2
2466,2003384.877737139,2003441.4387079054,17627,65,69,2,2
2467,2141579.0159095284,2141579.016209528,17627,65,65,0,1
2468,2212525.2625300423,2212525.262830042,17627,65,65,0,1
2469,2175746.9014708325,2175746.9017708325,17627,65,65,0,1
2470,2039584.689972873,2039584.6902728733,17627,65,65,0,1
2471,1807110.073893562,1807110.0741935614,17627,65,65,0,1
2472,1643345.7070260393,1643345.7073260392,17627,65,65,0,1
2473,1568972.3574549933,1568972.3577549933,17627,65,65,0,1
2474,1541702.446628758,1541702.446928758,17627,65,65,0,1
2475,1583096.7148823095,1583096.7151823095,17627,65,65,0,1
2476,1608450.6695609996,1608450.6698609996,17627,65,65,0,1
2477,1708943.3668212867,1708943.3671212867,17627,65,65,0,1
2478,1945215.3981410032,1945215.3984410034,17627,65,65,0,1
2479,2067552.0676597487,2067598.8337488081,17627,65,67,2,2
2480,1949864.1157577508,1950580.3290287012,17627,65,69,2,2
2481,1700864.9667889043,1716235.7192816758,17627,65,70,3,2
2482,1490965.0506007432,1516787.7098577605,17627,65,73,2,2
2483,1354005.2422948598,1361117.5778049058,17627,65,75,3,3
2484,1273833.9267369937,1277536.019166449,17627,65,71,2,2
2485,1198075.407073657,1223908.169958614,17627,65,78,2,2
2486,1137254.0502047022,1160695.0235769807,17627,65,70,2,2
2487,1156460.5352632266,1166590.857741122,17627,65,68,2,2
2488,1294237.1228052187,1294237.1231052186,17627,65,65,0,1
2489,1579159.987271305,1579344.4003648956,17627,65,69,2,2
2490,1847034.0912707632,1847099.9623264053,17627,65,67,2,2
2491,1965572.0340468858,1965781.9683617721,17627,65,69,2,2
2492,1996835.0809193836,1996940.4053883546,17627,65,69,2,2
2493,1986657.6726828006,1986721.981173664,17627,65,69,2,2
2494,1794584.6192850075,1794584.6195850074,17627,65,65,0,1
2495,1569693.5417488639,1569693.5420275168,17627,65,65,0,1
2496,1437187.7644448292,1437187.7646516678,17627,65,65,0,1
2497,1352405.5203185575,1352405.5205544508,17627,65,65,0,1
2498,1350833.8509311941,1350833.8511587852,17627,65,65,0,1
2499,1359682.0133608612,1359682.0135838971,17627,65,65,0,1
2500,1379727.2653974798,1379727.265618047,17627,65,65,0,1
2501,1386537.6458608336,1386537.6460904842,17627,65,65,0,1
2502,1419552.533246247,1419552.533461591,17627,65,65,0,1
2503,1385657.5355053095,1385657.535785106,17627,65,65,0,1
2504,1293042.1562827602,1293159.5090718865,17627,65,67,2,2
2505,1132694.4830120206,1132999.9140572445,17627,65,66,1,2
2506,996325.3140752548,996515.76665838,17627,65,67,2,2
2507,848872.5543304702,865187.2458873237,17627,65,68,2,2
2508,755223.2298187504,818260.9503031438,17627,65,79,1,2
2509,689552.3030336024,783079.9091822901,17627,65,82,1,2
2510,657284.1611436611,751315.5255019115,17627,65,80,1,2
2511,718139.016044163,752995.5109985906,17627,65,69,1,2
2512,906182.0033993934,906208.38383462,17627,65,67,2,2
2513,1195363.4737144373,1195363.474014437,17627,65,65,0,1
2514,1483026.8490795062,1483026.849379511,17627,65,65,0,1
2515,1556583.7248642473,1556583.7250839213,17627,65,65,0,1
2516,1579263.7542083072,1579263.7544256558,17627,65,65,0,1
2517,1602540.5738743814,1602540.5741308045,17627,65,65,0,1
2518,1503946.8932782481,1503946.8934856863,17627,65,65,0,1
2519,1351543.3157044197,1351543.3159800703,17627,65,65,0,1
2520,1185534.5397361931,1185534.53995313,17627,65,65,0,1
2521,1089497.4527608915,1089497.4529763835,17627,65,65,0,1
2522,1064410.9801446528,1064410.980365336,17627,65,65,0,1
2523,1064347.8589255633,1064347.8591404553,17627,65,65,0,1
2524,1106442.6107615218,1106442.6109715672,17627,65,65,0,1
2525,1112336.0400228538,1112336.0402480979,17627,65,65,0,1
2526,1078063.5644188356,1078063.5646445127,17627,65,65,0,1
2527,1044744.1995890444,1044744.1998339735,17627,65,65,0,1
2528,1032580.7916101668,1032909.5165050277,17627,65,66,1,2
2529,951224.3323441789,958530.5901214182,17627,65,66,1,2
2530,878523.7101867939,878523.7104867932,17627,65,65,0,1
2531,875932.5184750065,875932.518775006,17627,65,65,0,1
2532,856786.4655309224,856786.4658309219,17627,65,65,0,1
2533,797079.0551132835,797079.055413283,17627,65,65,0,1
2534,796970.2902196667,796970.2905196664,17627,65,65,0,1
2535,909618.6666886234,909618.6669886233,17627,65,65,0,1
2536,1075377.6006987048,1075377.6009987046,17627,65,65,0,1
2537,1282683.3516980805,1282683.3519980623,17627,65,65,0,1
2538,1492613.582823387,1492613.583036657,17627,65,65,0,1
2539,1547103.1320708308,1547103.1323684845,17627,65,65,0,1
2540,1524661.8930216338,1524661.893318242,17627,65,65,0,1
2541,1509271.7601306415,1509271.7604306415,17627,65,65,0,1
2542,1492587.6622734498,1492587.6625734498,17627,65,65,0,1
2543,1287606.7142324483,1287606.7144693583,17627,65,65,0,1
2544,1179962.7280286404,1179962.7283286299,17627,65,65,0,1
2545,1119569.6411783823,1119569.641478389,17627,65,65,0,1
2546,1103026.8184762315,1103026.8187762364,17627,65,65,0,1
2547,1119547.4943354942,1119547.4946354833,17627,65,65,0,1
2548,1194408.064675766,1194408.0649757627,17627,65,65,0,1
2549,1419213.081907834,1419213.082150341,17627,65,65,0,1
2550,1816232.9107255726,1816232.9110255735,17627,65,65,0,1
2551,2009806.8213191899,2009825.6231593257,17627,65,67,2,2
2552,1969890.2387663836,1970120.6853102932,17627,65,69,2,2
2553,1851301.0553535377,1851745.0820687592,17627,65,69,2,2
2554,1718479.2311199345,1732759.8772992352,17627,65,68,3,2
2555,1610954.8312880197,1635362.4866557429,17627,65,70,3,2
2556,1510230.894024984,1535642.8369462583,17627,65,73,3,2
2557,1422509.1795638944,1454230.089156595,17627,65,78,3,2
2558,1344131.3198142229,1373122.485161949,17627,65,77,3,2
2559,1364336.8288765973,1384231.0060145766,17627,65,70,3,2
2560,1451217.0700608413,1454695.3146130848,17627,65,70,3,3
2561,1596884.9735456551,1597145.185418199,17627,65,67,2,2
2562,1839760.5167738083,1839908.6639760856,17627,65,69,2,2
2563,1991792.2216005786,1991816.8926036165,17627,65,69,2,2
2564,2038242.5613086375,2038268.1262226182,17627,65,69,2,2
2565,2058993.433441612,2058999.1937892837,17627,65,67,2,2
2566,1911407.285095303,1911407.2853953035,17627,65,65,0,1
2567,1686961.9802913852,1686961.9805913852,17627,65,65,0,1
2568,1596473.2106293775,1596473.2109293775,17627,65,65,0,1
2569,1627027.0207273846,1627027.0210273843,17627,65,65,0,1
2570,1620253.828031637,1620253.8283316367,17627,65,65,0,1
2571,1674158.542796744,1674158.543096744,17627,65,65,0,1
2572,1735615.3495248356,1735615.3498248355,17627,65,65,0,1
2573,1863031.7298967198,1863031.730196721,17627,65,65,0,1
2574,2193819.218432488,2193819.218732488,17627,65,65,0,1
2575,2218856.6209620107,2218856.6212620107,17627,65,65,0,1
2576,1897210.5490044844,1897715.6755246297,17627,65,67,2,2
2577,1544840.5261377306,1566506.8108222024,17627,65,68,3,2
2578,1341299.5847793447,1375127.6641941685,17627,65,85,3,2
2579,1269145.6139518716,1291397.1654366832,17627,65,200,1,2
2580,1197144.9225897174,1209311.906953362,17627,65,71,1,2
2581,1131538.6707317461,1135402.2148431013,17627,65,68,1,2
2582,1099811.5851721708,1101058.5224658414,17627,65,68,1,2
2583,1164935.8902894293,1171421.407806579,17627,65,66,1,2
2584,1259450.260134588,1275351.9856325455,17627,65,69,1,2
2585,1558025.8331103493,1562892.68149471,17627,65,68,3,2
2586,1855282.5175533893,1855282.5178533893,17627,65,65,0,1
2587,2011829.061059372,2011829.0613593718,17627,65,65,0,1
2588,2081768.9874809287,2081768.987780929,17627,65,65,0,1
2589,2059030.177449772,2059030.177749772,17627,65,65,0,1
2590,1886175.135234714,1886175.1355347137,17627,65,65,0,1
2591,1627459.088509852,1627459.088809852,17627,65,65,0,1
2592,1460552.0304683568,1460552.030723661,17627,65,65,0,1
2593,1380823.3895093706,1380823.3897386382,17627,65,65,0,1
2594,1359985.8088023278,1359985.809043794,17627,65,65,0,1
2595,1428139.5348774656,1428139.5351774655,17627,65,65,0,1
2596,1502011.2116762165,1502011.2119762162,17627,65,65,0,1
2597,1674103.4356079744,1674103.4359079734,17627,65,65,0,1
2598,2060177.2449868722,2060177.2452868721,17627,65,65,0,1
2599,2138607.969107138,2138607.969407138,17627,65,65,0,1
2600,2003203.1045999064,2003427.1492409143,17627,65,67,2,2
2601,1699718.744596201,1713068.4537699635,17627,65,68,3,2
2602,1501239.7910953988,1526552.5599632834,17627,65,69,3,2
2603,1410396.2213286567,1459363.1502550473,17627,65,76,3,2
2604,1359308.3489987126,1407915.1488338057,17627,65,205,3,2
2605,1389298.6893944622,1447910.3696070763,17627,65,105,3,2
2606,1364974.5939467628,1413720.812323309,17627,65,79,3,2
2607,1442016.259175711,1468836.5612328656,17627,65,69,3,2
2608,1542256.751953397,1559892.5094927244,17627,65,68,3,2
2609,1697289.677784533,1697377.6075189319,17627,65,67,2,2
2610,1927092.5841024918,1927092.5844024913,17627,65,65,0,1
2611,2049381.2583797243,2049381.2586797238,17627,65,65,0,1
2612,2035924.4586313441,2035924.458931344,17627,65,65,0,1
2613,1994701.8298591024,1994701.8301591026,17627,65,65,0,1
2614,1802078.203673576,1802078.203973577,17627,65,65,0,1
2615,1557006.8663700435,1557006.8666700434,17627,65,65,0,1
2616,1412132.5049198046,1412132.505198235,17627,65,65,0,1
2617,1335746.6218879744,1335746.6221213005,17627,65,65,0,1
2618,1282913.6670023224,1282913.6672050878,17627,65,65,0,1
2619,1356974.6468239694,1356974.6470832378,17627,65,65,0,1
2620,1425823.144417802,1425823.144717802,17627,65,65,0,1
2621,1533323.156804312,1533323.157104312,17627,65,65,0,1
2622,1912724.4256556681,1912724.4259556679,17627,65,65,0,1
2623,2057409.0932825108,2057409.0935825112,17627,65,65,0,1
2624,1938621.6839105678,1939255.4094900857,17627,65,69,2,2
2625,1624546.994698164,1639091.35389145,17627,65,70,3,2
2626,1427796.6847230373,1452215.3156806487,17627,65,70,3,2
2627,1369741.760638624,1412070.420632449,17627,65,76,3,2
2628,1248404.287402592,1271949.8776772,17627,65,99,3,3
2629,1185233.2787934553,1194673.6903772312,17627,65,70,1,2
2630,1148638.147301555,1153663.3797022053,17627,65,66,1,2
2631,1211737.643032187,1227351.9415303953,17627,65,68,1,2
2632,1339323.203185949,1357171.08382328,17627,65,70,3,2
2633,1640620.809105265,1641261.7843608726,17627,65,68,3,3
2634,1950269.1622850625,1950328.4388070572,17627,65,67,2,2
2635,2101038.767502331,2101038.7678023316,17627,65,65,0,1
2636,2122352.554438864,2122352.554738864,17627,65,65,0,1
2637,2154731.1624865485,2154731.1627865485,17627,65,65,0,1
2638,1969122.7782998402,1969122.7785998401,17627,65,65,0,1
2639,1710494.4666211936,1710494.466921193,17627,65,65,0,1
2640,1602996.4721247978,1602996.4724247977,17627,65,65,0,1
2641,1518755.9979522733,1518755.998252273,17627,65,65,0,1
2642,1504257.809830881,1504257.8101308807,17627,65,65,0,1
2643,1522328.6701787114,1522328.6704787114,17627,65,65,0,1
2644,1566993.2500490327,1566993.2503490325,17627,65,65,0,1
2645,1657490.8749004724,1657490.8752004723,17627,65,65,0,1
2646,1953278.030123804,1953278.030423804,17627,65,65,0,1
2647,1976988.6056313457,1977088.4790447652,17627,65,69,2,2
2648,1718594.1983530214,1719148.2101018173,17627,65,69,2,2
2649,1361293.0108794027,1372448.3609513687,17627,65,70,3,2
2650,1165958.4929375974,1176329.8747632336,17627,65,72,3,3
2651,1086177.145707628,1086177.1460076277,17627,65,65,0,1
2652,992037.9406159059,1008559.4431117203,17627,65,72,2,2
2653,946856.2846980105,964412.1531972872,17627,65,70,2,2
2654,892622.7561543955,907345.0885703181,17627,65,68,2,2
2655,962020.7991620293,963330.7840563852,17627,65,67,2,2
2656,1119210.0070925104,1119210.0073925103,17627,65,65,0,1
2657,1419671.3744421918,1419930.7533479917,17627,65,69,2,2
2658,1666658.6088419142,1666658.6090521454,17627,65,65,0,1
2659,1807258.0160980308,1807258.0163980308,17627,65,65,0,1
2660,1863388.990006614,1863413.8943154158,17627,65,67,2,2
2661,1902768.0107674836,1902814.344279902,17627,65,69,2,2
2662,1772866.2673016235,1772866.2676016232,17627,65,65,0,1
2663,1490854.0395926316,1490854.0398366994,17627,65,65,0,1
2664,1318090.5271306112,1318090.5274306166,17627,65,65,0,1
2665,1264594.1904721316,1264594.1907721339,17627,65,65,0,1
2666,1248461.0967739832,1248461.0970739746,17627,65,65,0,1
2667,1250769.163207104,1250769.1635071042,17627,65,65,0,1
2668,1276954.5240342405,1276954.5243342374,17627,65,65,0,1
2669,1270557.3646724906,1270557.3649724915,17627,65,65,0,1
2670,1302997.4598289663,1302997.460128958,17627,65,65,0,1
2671,1318843.8405267955,1318843.8408267847,17627,65,65,0,1
2672,1249080.7323416905,1249124.7311029902,17627,65,67,2,2
2673,1145696.7175901355,1156901.2658621324,17627,65,68,3,2
2674,1060940.6160088703,1075190.163852002,17627,65,68,1,2
2675,1029003.5437129707,1043517.5990304243,17627,65,68,1,2
2676,967292.105612484,972989.5555408329,17627,65,66,1,2
2677,922012.9592023143,922012.9595023136,17627,65,65,0,1
2678,884734.5393033433,884734.5396033427,17627,65,65,0,1
2679,940354.297778401,940354.2980784009,17627,65,65,0,1
2680,1072932.0469728229,1088276.8356160154,17627,65,69,1,2
2681,1347451.6164298241,1349489.4563941732,17627,65,68,3,2
2682,1642823.1299304375,1642823.1302243806,17627,65,65,0,1
2683,1766170.259974707,1766170.2602747069,17627,65,65,0,1
2684,1714848.3341113008,1714848.3344113005,17627,65,65,0,1
2685,1725244.8074434905,1725244.8077434902,17627,65,65,0,1
2686,1637877.3945287992,1637877.3948287992,17627,65,65,0,1
2687,1443357.300578741,1443357.3008678313,17627,65,65,0,1
2688,1264243.0400504156,1264243.0402835065,17627,65,65,0,1
2689,1140275.3710746649,1140275.3713746667,17627,65,65,0,1
2690,1113580.6808665076,1113580.6811665087,17627,65,65,0,1
2691,1102003.7741057305,1102003.7743894632,17627,65,65,0,1
2692,1110071.1820706176,1110071.1823404054,17627,65,65,0,1
2693,1107285.4399042763,1107285.4401609222,17627,65,65,0,1
2694,1042430.6321941915,1042430.6324291709,17627,65,65,0,1
2695,1008559.1252956116,1008559.1255338896,17627,65,65,0,1
2696,954887.3592383051,955863.7533062593,17627,65,66,1,2
2697,886136.2370120673,895532.0657219539,17627,65,66,1,2
2698,790055.8082030469,790055.8084998414,17627,65,65,0,1
2699,719236.6578456142,719306.1296756475,17627,65,66,1,2
2700,635933.6559307403,640214.5551441814,17627,65,68,1,2
2701,592083.7624332886,613955.2708075185,17627,65,68,3,3
2702,555806.3673236422,571657.6169490693,17627,65,66,1,2
2703,629637.9494789494,629645.6231742004,17627,65,66,1,2
2704,748005.9830307759,748005.9832682429,17627,65,65,0,1
2705,1071067.7920931475,1073226.0080195004,17627,65,66,1,2
2706,1457976.7456584235,1457976.745958058,17627,65,65,0,1
2707,1608005.2914216318,1608005.2917216322,17627,65,65,0,1
2708,1609866.5433008927,1609866.5436008922,17627,65,65,0,1
2709,1656900.8079919778,1656900.8082919777,17627,65,65,0,1
2710,1644041.847299591,1644041.8475995911,17627,65,65,0,1
2711,1480826.7316918643,1480826.7319918643,17627,65,65,0,1
2712,1334369.883993178,1334369.884275633,17627,65,65,0,1
2713,1268651.0888833813,1268651.0891200483,17627,65,65,0,1
2714,1259899.9140887754,1259899.9143200354,17627,65,65,0,1
2715,1287010.8725862869,1287010.8728406732,17627,65,65,0,1
2716,1395747.0851129512,1395747.0854129512,17627,65,65,0,1
2717,1611591.835851967,1611591.8361519668,17627,65,65,0,1
2718,1986206.3028788264,1986206.3031788266,17627,65,65,0,1
2719,2121767.7306023864,2121767.7309023864,17627,65,65,0,1
2720,1972640.6330086852,1973215.2007754124,17627,65,69,2,2
2721,1704609.4912674008,1721959.2922764686,17627,65,68,3,2
2722,1572450.1048670872,1605729.0501667536,17627,65,71,3,2
2723,1471923.6529022818,1524671.0914434972,17627,65,79,3,2
2724,1395609.6254910652,1460120.0971028614,17627,65,95,3,2
2725,1358319.0035531526,1405571.3113965224,17627,65,93,3,2
2726,1369998.2795450147,1405048.5358631043,17627,65,72,3,2
2727,1500407.59685288,1516950.9413086763,17627,65,68,3,2
2728,1650328.6946696746,1651772.5796946557,17627,65,68,3,3
2729,1863366.7646067971,1863601.7988876428,17627,65,67,2,2
2730,2112895.6288585854,2112895.629158585,17627,65,65,0,1
2731,2233142.5304103047,2233142.5307103046,17627,65,65,0,1
2732,2232884.015597197,2232884.015897197,17627,65,65,0,1
2733,2155264.0006790645,2155264.000979064,17627,65,65,0,1
2734,1946044.4307044265,1946044.4310044264,17627,65,65,0,1
2735,1640366.0002033252,1640366.000503325,17627,65,65,0,1
2736,1426449.298669607,1426449.2988819538,17627,65,65,0,1
2737,1330768.1368173806,1330768.137111802,17627,65,65,0,1
2738,1297713.170690755,1297713.170990754,17627,65,65,0,1
2739,1320089.5343672505,1320089.5346672488,17627,65,65,0,1
2740,1408523.8548804722,1408523.8551744178,17627,65,65,0,1
2741,1590843.8911034777,1590843.891340478,17627,65,65,0,1
2742,1976884.8522891607,1976884.8525891602,17627,65,65,0,1
2743,2141203.7997193765,2141203.8000193764,17627,65,65,0,1
2744,2137467.077300283,2137496.1671081013,17627,65,67,2,2
2745,1924967.7635621303,1925131.7838133518,17627,65,69,2,2
2746,1865878.747817126,1866232.6633762254,17627,65,69,2,2
2747,1846584.0093566754,1846931.9453590326,17627,65,69,2,2
2748,1794357.6469607037,1794657.4962920311,17627,65,67,2,2
2749,1782683.891420121,1782887.3765830502,17627,65,67,2,2
2750,1761623.5135854536,1761740.035112516,17627,65,67,2,2
2751,1794829.1157777095,1794937.4560715416,17627,65,67,2,2
2752,1826293.729338545,1826400.7072382374,17627,65,67,2,2
2753,1914295.7785885395,1914462.5146674078,17627,65,67,2,2
2754,2075345.3674489937,2075391.8891782528,17627,65,67,2,2
2755,2190913.0082152006,2190913.008515201,17627,65,65,0,1
2756,2170504.84812619,2170504.8484261897,17627,65,65,0,1
2757,2170577.015749354,2170577.016049354,17627,65,65,0,1
2758,1944241.3748967894,1944241.37519679,17627,65,65,0,1
2759,1643923.5600626094,1643923.560362609,17627,65,65,0,1
2760,1415445.6364365793,1415445.6366433208,17627,65,65,0,1
2761,1335327.0304031908,1335327.030656469,17627,65,65,0,1
2762,1358479.9419415824,1358479.9421673508,17627,65,65,0,1
2763,1425630.890979392,1425630.8912117481,17627,65,65,0,1
2764,1552738.7435877654,1552738.7438877653,17627,65,65,0,1
2765,1734654.7893460472,1734654.7896460474,17627,65,65,0,1
2766,2057658.7138171876,2057658.714117188,17627,65,65,0,1
2767,2189159.7354170824,2189159.7357170824,17627,65,65,0,1
2768,2049605.2837938522,2049660.1974558756,17627,65,67,2,2
2769,1829812.0278836126,1830098.7020988178,17627,65,67,2,2
2770,1677278.627052588,1677425.6337046733,17627,65,67,2,2
2771,1633786.4897777177,1633916.28235447,17627,65,67,2,2
2772,1595370.8091815496,1595558.913737541,17627,65,67,2,2
2773,1634939.6696489349,1635129.0420766412,17627,65,67,2,2
2774,1690571.615252228,1690696.9346130646,17627,65,67,2,2
2775,1776875.5949468757,1777052.6204921436,17627,65,67,2,2
2776,1794417.0080838664,1794491.8282878308,17627,65,67,2,2
2777,1877507.4276165026,1877507.4279165026,17627,65,65,0,1
2778,2001691.8506325975,2001691.8509325974,17627,65,65,0,1
2779,2039847.7106159676,2039847.710915968,17627,65,65,0,1
2780,2014598.1256035094,2014598.1259035098,17627,65,65,0,1
2781,1955143.6774120892,1955143.6777120891,17627,65,65,0,1
2782,1769516.4750148584,1769516.4753148584,17627,65,65,0,1
2783,1515742.894455208,1515742.894755208,17627,65,65,0,1
2784,1329384.212354732,1329384.212601746,17627,65,65,0,1
2785,1215154.803606094,1215154.8038598488,17627,65,65,0,1
2786,1143728.7188930246,1143728.7191930255,17627,65,65,0,1
2787,1123827.5953798282,1123827.5956798196,17627,65,65,0,1
2788,1154904.3572044484,1154904.3575044535,17627,65,65,0,1
2789,1318942.8711472468,1318942.8713759077,17627,65,65,0,1
2790,1712123.0707657936,1712123.0710657933,17627,65,65,0,1
2791,1857524.7548048021,1857524.7551048019,17627,65,65,0,1
2792,1796708.6960149275,1796841.1499491655,17627,65,67,2,2
2793,1597913.1434874935,1598807.3587153088,17627,65,68,3,3
2794,1438825.03368075,1448284.541757417,17627,65,68,3,2
2795,1346356.8804724445,1358803.919402812,17627,65,68,3,2
2796,1218151.7714345716,1233897.401561372,17627,65,68,3,2
2797,1255954.5412943466,1269543.3838966712,17627,65,68,3,2
2798,1299830.2179826656,1306932.6518491865,17627,65,68,3,2
2799,1365438.4598929277,1365555.57833684,17627,65,67,2,2
2800,1374541.121000208,1374589.572680884,17627,65,67,2,2
2801,1447806.7288717264,1447806.729169831,17627,65,65,0,1
2802,1646374.4499889286,1646374.4502889286,17627,65,65,0,1
2803,1776480.6741976212,1776480.6744976214,17627,65,65,0,1
2804,1795275.194379559,1795275.194679559,17627,65,65,0,1
2805,1779548.2218389888,1779548.222138989,17627,65,65,0,1
2806,1612692.9157345882,1612692.9160345877,17627,65,65,0,1
2807,1367743.7984025404,1367743.7986981077,17627,65,65,0,1
2808,1217802.4958107427,1217802.4960300457,17627,65,65,0,1
2809,1085436.7424048544,1085436.742660038,17627,65,65,0,1
2810,1077836.4063810387,1077836.406628164,17627,65,65,0,1
2811,1157689.4330185298,1157689.4332308602,17627,65,65,0,1
2812,1257326.9749047675,1257326.9751868418,17627,65,65,0,1
2813,1428382.9443281116,1428382.9446281116,17627,65,65,0,1
2814,1763871.8912123386,1763871.8915123385,17627,65,65,0,1
2815,1837278.0340523892,1837325.6036837958,17627,65,67,2,2
2816,1663418.4390722187,1665718.1288830726,17627,65,68,3,3
2817,1418296.4841400816,1434746.6104168042,17627,65,68,3,2
2818,1259873.2304187887,1280013.4840880868,17627,65,68,3,2
2819,1191843.3616003504,1212558.6097214413,17627,65,68,3,2
2820,1159092.1616527922,1185815.469679239,17627,65,69,3,2
2821,1176973.5801535614,1202296.6561469422,17627,65,71,3,2
2822,1150362.3406772283,1167648.4916278864,17627,65,69,3,2
2823,1215218.3144132132,1231692.9954846988,17627,65,70,3,2
2824,1272028.2618057681,1278951.9670450261,17627,65,70,3,2
2825,1492782.9891798457,1492954.0071271397,17627,65,67,2,2
2826,1703197.6385874175,1703327.1830719449,17627,65,67,2,2
2827,1833617.7031089207,1833617.7034089207,17627,65,65,0,1
2828,1805423.7530792982,1805423.7533792986,17627,65,65,0,1
2829,1755808.3708475581,1755808.371147558,17627,65,65,0,1
2830,1563417.3162999162,1563417.3165999162,17627,65,65,0,1
2831,1347451.2919254526,1347451.292198039,17627,65,65,0,1
2832,1213304.5370881269,1213304.5373311169,17627,65,65,0,1
2833,1136954.3689716647,1136954.3692716614,17627,65,65,0,1
2834,1146563.4987601514,1146563.4990601481,17627,65,65,0,1
2835,1143302.9787693736,1143302.9790693747,17627,65,65,0,1
2836,1179704.2108378713,1179704.2111323643,17627,65,65,0,1
2837,1187035.2091151122,1187035.209415113,17627,65,65,0,1
2838,1163237.1615715306,1163237.161871524,17627,65,65,0,1
2839,1151194.823068298,1151194.8233683011,17627,65,65,0,1
2840,1097588.0937341496,1097636.1994833865,17627,65,67,2,2
2841,991862.5179516992,994100.2201074332,17627,65,66,1,2
2842,922358.7397384711,922358.7400384707,17627,65,65,0,1
2843,969890.2314779724,969890.2317779723,17627,65,65,0,1
2844,1020215.8763864109,1022441.0316164935,17627,65,66,1,2
2845,995322.9594436674,997699.1180888107,17627,65,66,1,2
2846,941143.5455203662,941143.5458203661,17627,65,65,0,1
2847,967437.6061724154,967437.6064724153,17627,65,65,0,1
2848,1070429.1453310207,1073528.0600320194,17627,65,66,1,2
2849,1316226.09396781,1316226.094267814,17627,65,65,0,1
2850,1532883.8596327023,1532883.8598649208,17627,65,65,0,1
2851,1582007.1031665003,1582007.1034614088,17627,65,65,0,1
2852,1507749.1052150351,1507749.1054488842,17627,65,65,0,1
2853,1495678.7078548395,1495678.708065804,17627,65,65,0,1
2854,1384551.9427144947,1384551.9429990125,17627,65,65,0,1
2855,1180758.2213125941,1180758.2216125936,17627,65,65,0,1
2856,977933.4212344422,977933.4215344419,17627,65,65,0,1
2857,934722.2221971786,934722.2224822673,17627,65,65,0,1
2858,872141.8995503096,872141.8998034747,17627,65,65,0,1
2859,853596.9928005885,853596.9930390989,17627,65,65,0,1
2860,890851.3941124163,890851.3943540164,17627,65,65,0,1
2861,957221.8347706806,957221.8350337003,17627,65,65,0,1
2862,946461.437857976,946461.4381258673,17627,65,65,0,1
2863,924781.6213827054,924781.6216643885,17627,65,65,0,1
2864,891313.4167915239,891689.082977091,17627,65,66,1,2
2865,949220.9625237673,950595.9868644674,17627,65,66,1,2
2866,932655.5655891537,935521.8327612224,17627,65,66,1,2
2867,912130.1732282588,913729.8929566989,17627,65,66,1,2
2868,794693.8476553715,794693.8479553715,17627,65,65,0,1
2869,634681.6681445679,634681.6684445676,17627,65,65,0,1
2870,597392.8273635164,597392.8276635163,17627,65,65,0,1
2871,623974.97993404,623974.980232247,17627,65,65,0,1
2872,740091.3389617424,740091.3392617423,17627,65,65,0,1
2873,1001260.2442221133,1001707.127171986,17627,65,66,1,2
2874,1328648.0451704932,1328648.0454403348,17627,65,65,0,1
2875,1474895.999016095,1474895.9992955714,17627,65,65,0,1
2876,1548667.0332691786,1548667.0335691788,17627,65,65,0,1
2877,1616931.861955736,1616931.8622557358,17627,65,65,0,1
2878,1535841.0148847904,1535841.0151847904,17627,65,65,0,1
2879,1303748.545901212,1303748.5461554162,17627,65,65,0,1
2880,1197510.0563484125,1197510.0566484116,17627,65,65,0,1
2881,1097680.530889849,1097680.5311898459,17627,65,65,0,1
2882,1080767.064202086,1080767.0645020748,17627,65,65,0,1
2883,1074165.6491111307,1074165.6494111263,17627,65,65,0,1
2884,1151996.35100618,1151996.3513061807,17627,65,65,0,1
2885,1274787.6618112063,1274787.6620929874,17627,65,65,0,1
2886,1523434.8344503408,1523434.8347503408,17627,65,65,0,1
2887,1703335.5951085077,1703335.5954085076,17627,65,65,0,1
2888,1753863.0454155502,1753908.2762369835,17627,65,67,2,2
2889,1585122.1848882646,1585209.3104954276,17627,65,67,2,2
2890,1464003.4941225054,1472609.6500903664,17627,65,68,3,2
2891,1361279.7228451497,1373115.064015056,17627,65,68,3,2
2892,1266633.9975500396,1288998.0845198738,17627,65,69,3,2
2893,1223860.4326781712,1242243.1382480115,17627,65,68,3,2
2894,1216375.648035044,1229931.4523611218,17627,65,68,3,2
2895,1285252.913748957,1289749.7737717754,17627,65,68,3,2
2896,1283149.5879399998,1286240.2419646443,17627,65,68,3,2
2897,1325627.5647542914,1325661.8711852108,17627,65,66,1,2
2898,1488654.8549023364,1488654.8551830868,17627,65,65,0,1
2899,1510849.2213177062,1510849.221617706,17627,65,65,0,1
2900,1463918.8698432853,1463918.8701432855,17627,65,65,0,1
2901,1423679.7147537344,1423679.7150537341,17627,65,65,0,1
2902,1261817.518873639,1261817.5190821288,17627,65,65,0,1
2903,1100188.1449716515,1100188.1452686952,17627,65,65,0,1
2904,958397.8526488447,958397.8529488356,17627,65,65,0,1
2905,886083.2243034701,886083.2245888065,17627,65,65,0,1
2906,839481.9872736253,839481.9875372967,17627,65,65,0,1
2907,832827.0189308613,832827.0191925209,17627,65,65,0,1
2908,856541.4743738885,856541.4746387708,17627,65,65,0,1
2909,868102.1815136839,868102.1817815076,17627,65,65,0,1
2910,850080.2775839872,850080.2778458799,17627,65,65,0,1
2911,844281.941674075,844281.9419533183,17627,65,65,0,1
2912,797064.441300116,801678.6661559212,17627,65,66,1,2
2913,720958.2724783134,732333.3920035858,17627,65,67,1,2
2914,723300.4641680932,733903.9425718253,17627,65,66,1,2
2915,709285.5875177975,722106.2496062429,17627,65,67,1,2
2916,699417.9819632723,705298.4357635934,17627,65,66,1,2
2917,657265.2864437894,657265.2867265829,17627,65,65,0,1
2918,734134.3478277428,740135.7710750554,17627,65,66,1,2
2919,869730.6637435723,869730.6640227872,17627,65,65,0,1
2920,967928.684686876,967928.6849733064,17627,65,65,0,1
2921,1206986.120466441,1206986.1207648066,17627,65,65,0,1
2922,1448843.5881094513,1448843.5883735858,17627,65,65,0,1
2923,1502116.6841248567,1502116.6844248567,17627,65,65,0,1
2924,1588027.3700736193,1588027.3703736193,17627,65,65,0,1
2925,1716390.6884053135,1716390.6887053137,17627,65,65,0,1
2926,1458172.4751274488,1458172.4754215493,17627,65,65,0,1
2927,1262469.925656359,1262469.9259322898,17627,65,65,0,1
2928,1208880.7336692787,1208880.7339692758,17627,65,65,0,1
2929,1116614.3852920614,1116614.385592048,17627,65,65,0,1
2930,1082405.8980163082,1082405.8983163084,17627,65,65,0,1
2931,1098584.8225694895,1098584.8228694894,17627,65,65,0,1
2932,1108583.8310813569,1108583.8313813573,17627,65,65,0,1
2933,1211083.720516369,1211083.720816373,17627,65,65,0,1
2934,1636980.063589465,1636980.063889465,17627,65,65,0,1
2935,1955275.3061606337,1955275.3064606334,17627,65,65,0,1
2936,2019691.7658622442,2019786.1900928186,17627,65,69,2,2
2937,1916030.523401599,1916305.0564105478,17627,65,69,2,2
2938,1811995.4556801538,1812180.552465495,17627,65,69,2,2
2939,1675605.0583675667,1675734.8582094552,17627,65,69,2,2
2940,1649927.3593172084,1650031.4760603933,17627,65,69,2,2
2941,1637726.3328769319,1637773.9543645133,17627,65,67,2,2
2942,1564740.3927980093,1564740.3930980058,17627,65,65,0,1
2943,1523975.0142236203,1523975.014523614,17627,65,65,0,1
2944,1502258.263066886,1502271.324221089,17627,65,67,2,2
2945,1618584.9465174617,1618584.9468174612,17627,65,65,0,1
2946,1755403.982829596,1755403.9830452139,17627,65,65,0,1
2947,1807525.8437270091,1807525.844011325,17627,65,65,0,1
2948,1737031.7836008868,1737031.7838550182,17627,65,65,0,1
2949,1621815.0984213147,1621815.098642995,17627,65,65,0,1
2950,1375261.7177900516,1375261.7180900509,17627,65,65,0,1
2951,1131171.0994419202,1131171.09974192,17627,65,65,0,1
2952,981834.7397004012,981834.7400004012,17627,65,65,0,1
2953,936042.4825239455,936042.4828114222,17627,65,65,0,1
2954,922329.0422229299,922329.0425002397,17627,65,65,0,1
2955,956362.7313478971,956362.7316339471,17627,65,65,0,1
2956,1048191.5612849897,1048191.5615849894,17627,65,65,0,1
2957,1203116.8680815713,1203116.868381571,17627,65,65,0,1
2958,1541920.25868555,1541920.258917123,17627,65,65,0,1
2959,1745520.380075681,1745589.3935362566,17627,65,67,2,2
2960,1662945.7376730083,1663213.8328361965,17627,65,69,2,2
2961,1472608.2516612243,1473082.347522763,17627,65,69,2,2
2962,1405942.2402530895,1413266.1390525158,17627,65,70,3,3
2963,1441232.3611865216,1444209.5936634568,17627,65,70,3,3
2964,1354924.5662878295,1365693.7337470588,17627,65,70,3,2
2965,1350923.8290243882,1363751.4877043029,17627,65,68,3,2
2966,1388441.274781237,1407646.7575179879,17627,65,68,3,2
2967,1480751.9261741785,1492800.951809104,17627,65,68,3,2
2968,1674694.2902337876,1674798.1440101208,17627,65,67,2,2
2969,1921705.9431926918,1921729.915183282,17627,65,67,2,2
2970,2120610.085712686,2120610.086012686,17627,65,65,0,1
2971,2186666.822824772,2186666.823124772,17627,65,65,0,1
2972,2086072.297326867,2086072.297626867,17627,65,65,0,1
2973,1951359.4307084784,1951359.4310084786,17627,65,65,0,1
2974,1634940.308364489,1634940.3086021969,17627,65,65,0,1
2975,1278934.990534463,1278934.9908344632,17627,65,65,0,1
2976,1122894.6292331193,1122894.629533119,17627,65,65,0,1
2977,1003260.1478410901,1003260.1481410901,17627,65,65,0,1
2978,927201.4211632139,927201.4214632146,17627,65,65,0,1
2979,899759.859301713,899759.8596017135,17627,65,65,0,1
2980,941652.1850291356,941652.1853291363,17627,65,65,0,1
2981,1054424.3062207813,1054424.3065207817,17627,65,65,0,1
2982,1318869.3640474766,1318869.3643474765,17627,65,65,0,1
2983,1485184.333714658,1485310.6295879057,17627,65,69,2,2
2984,1382126.3476056599,1382126.3479056596,17627,65,65,0,1
2985,1118541.0545519206,1112029.2275897765,17627,65,65,0,1
2986,955852.6719416245,967551.6365541576,17627,65,68,2,2
2987,925155.5675889857,925251.7816877657,17627,65,67,2,2
2988,872285.2652024019,876634.9800631409,17627,65,67,2,2
2989,779097.920564529,808781.1691366811,17627,65,68,2,2
2990,743472.1279371139,774213.7052019159,17627,65,69,2,2
2991,807315.8458691287,832377.4698128076,17627,65,68,2,2
2992,912326.0926485228,928624.8393572022,17627,65,67,2,2
2993,1120790.2265916637,1120790.2268916639,17627,65,65,0,1
2994,1366032.354992127,1366041.3792914487,17627,65,67,2,2
2995,1608601.4145149665,1608601.4148010719,17627,65,65,0,1
2996,1652962.8722955596,1652962.8725031316,17627,65,65,0,1
2997,1519431.7582493122,1519431.7585218488,17627,65,65,0,1
2998,1329575.1575352233,1329575.1578352246,17627,65,65,0,1
2999,1192079.902302132,1192079.902602132,17627,65,65,0,1
3000,1092589.4467167985,1092589.4470167987,17627,65,65,0,1
3001,990989.9312085377,990989.9315085369,17627,65,65,0,1
3002,943632.1804649003,943632.1807649003,17627,65,65,0,1
3003,946741.7635690036,946741.7638690023,17627,65,65,0,1
3004,995147.0438784241,995147.0441784234,17627,65,65,0,1
3005,1023444.0829586213,1023444.0832586219,17627,65,65,0,1
3006,1079096.24821558,1079096.2485155794,17627,65,65,0,1
3007,1152917.2361853165,1152917.2364853153,17627,65,65,0,1
3008,1089297.4247023484,1089297.4250023484,17627,65,65,0,1
3009,1044552.5819542151,1037541.2654633332,17627,65,65,0,1
3010,1033120.395258103,1028870.7597016431,17627,65,65,0,1
3011,991767.3638774735,987309.1061828175,17627,65,65,0,1
3012,877123.7672935927,898063.8088599029,17627,65,68,2,2
3013,839918.2622697762,862343.0415419759,17627,65,68,2,2
3014,764947.1540182164,787275.4436145126,17627,65,72,1,2
3015,806573.4094000994,824246.0488373853,17627,65,68,2,2
3016,894346.8402206135,896709.1906381173,17627,65,67,2,2
3017,1076714.6869643833,1076714.6872643835,17627,65,65,0,1
3018,1283480.5769394038,1283480.5772394035,17627,65,65,0,1
3019,1358518.8724560472,1358518.8727560472,17627,65,65,0,1
3020,1254355.2384786697,1254355.2387786703,17627,65,65,0,1
3021,1221979.4019605839,1221979.4022605838,17627,65,65,0,1
3022,1122611.5088715588,1122611.5091715585,17627,65,65,0,1
3023,980533.4715601641,980533.4718601643,17627,65,65,0,1
3024,811273.3665414137,811273.3668414144,17627,65,65,0,1
3025,711058.6936329879,711058.6939329879,17627,65,65,0,1
3026,677000.2087831558,677000.2090721545,17627,65,65,0,1
3027,696081.8664542524,696081.8667430041,17627,65,65,0,1
3028,712356.569753697,712356.5700396975,17627,65,65,0,1
3029,729260.3026383836,729260.3029273291,17627,65,65,0,1
3030,716388.1672321057,716388.1675204167,17627,65,65,0,1
3031,666291.8086345961,666291.8089315789,17627,65,65,0,1
3032,628795.2260565468,628795.2263565504,17627,65,65,0,1
3033,632690.6579552481,632690.6582552509,17627,65,65,0,1
3034,665683.4017252409,665683.4020252476,17627,65,65,0,1
3035,789014.6742122201,789014.6745122201,17627,65,65,0,1
3036,839368.8998414816,839368.9001414815,17627,65,65,0,1
3037,774912.293677421,774912.293977421,17627,65,65,0,1
3038,732248.6280391908,732248.6283391907,17627,65,65,0,1
3039,799788.1640836787,799788.1643836785,17627,65,65,0,1
3040,966935.3181982785,970888.690663794,17627,65,66,1,2
3041,1295978.3031348558,1295978.303434854,17627,65,65,0,1
3042,1516691.2133391271,1516691.2136013235,17627,65,65,0,1
3043,1669345.3622520098,1669345.3625520095,17627,65,65,0,1
3044,1657650.1952951471,1657650.1955951469,17627,65,65,0,1
3045,1686792.5540737435,1686792.5543737435,17627,65,65,0,1
3046,1625030.5931776213,1625030.5934776212,17627,65,65,0,1
3047,1415559.1833977413,1415559.1836930118,17627,65,65,0,1
3048,1299341.6609655125,1299341.6611695455,17627,65,65,0,1
3049,1220525.5171938888,1220525.5174554167,17627,65,65,0,1
3050,1221210.74364697,1221210.7439112042,17627,65,65,0,1
3051,1293632.5300187236,1293632.530228306,17627,65,65,0,1
3052,1345473.590853349,1345473.5910806595,17627,65,65,0,1
3053,1511368.9921947997,1511368.9924947997,17627,65,65,0,1
3054,1936607.2068942739,1936607.2071942734,17627,65,65,0,1
3055,2122139.7772312816,2122139.7775312816,17627,65,65,0,1
3056,2036020.555420236,2036235.5607453943,17627,65,69,2,2
3057,1830143.9361190323,1837079.1334654985,17627,65,68,3,3
3058,1714838.1411399725,1745367.0305388742,17627,65,69,3,2
3059,1664997.243242272,1705358.2400894114,17627,65,70,3,2
3060,1572326.383179022,1602589.323799191,17627,65,71,3,2
3061,1540465.2589534568,1564830.2765916786,17627,65,69,3,2
3062,1561892.6949655702,1578991.5330978201,17627,65,68,3,2
3063,1607277.9759110562,1616506.7339432146,17627,65,68,3,2
3064,1734538.1549543827,1734588.870251217,17627,65,67,2,2
3065,1899331.5213153427,1899351.54985499,17627,65,67,2,2
3066,2043904.7402613023,2043904.7405613023,17627,65,65,0,1
3067,2104964.417264404,2104964.4175644037,17627,65,65,0,1
3068,2049080.6278096503,2049080.6281096502,17627,65,65,0,1
3069,1986912.660288491,1986912.6605884908,17627,65,65,0,1
3070,1714460.103273593,1714460.1035735924,17627,65,65,0,1
3071,1348705.6383548747,1348705.6386246327,17627,65,65,0,1
3072,1243562.7626212488,1243562.7629212546,17627,65,65,0,1
3073,1207229.0815219549,1207229.0818219574,17627,65,65,0,1
3074,1153281.1209677607,1153281.1212677602,17627,65,65,0,1
3075,1164175.4768979764,1164175.477197972,17627,65,65,0,1
3076,1200136.9514493127,1200136.9517493055,17627,65,65,0,1
3077,1293852.2883787977,1293852.2886787956,17627,65,65,0,1
3078,1541364.7943055006,1541364.7945401263,17627,65,65,0,1
3079,1623662.670400886,1623662.6706741625,17627,65,65,0,1
3080,1479453.0656503662,1479529.9515057467,17627,65,67,2,2
3081,1253489.5362812374,1259780.369269492,17627,65,68,3,3
3082,952505.5064990831,944339.9895103546,17627,65,66,1,2
3083,934080.3694481124,927154.1457857948,17627,65,65,0,1
3084,880120.045759631,876454.7328931286,17627,65,65,0,1
3085,887653.1789469552,884188.4530676875,17627,65,67,2,2
3086,992656.0295215312,992656.0298215314,17627,65,65,0,1
3087,1060460.6340371715,1060460.634337172,17627,65,65,0,1
3088,1102819.1536531264,1102819.1539531264,17627,65,65,0,1
3089,1293992.8817031113,1294220.9899859244,17627,65,67,2,2
3090,1567682.4606743301,1567682.4609553688,17627,65,65,0,1
3091,1665338.7155232248,1665338.7157687186,17627,65,65,0,1
3092,1626253.151868116,1626253.1520874614,17627,65,65,0,1
3093,1610110.4196125949,1610110.4198205578,17627,65,65,0,1
3094,1378431.0028250224,1378431.0031250187,17627,65,65,0,1
3095,1124395.8484433624,1124395.8487433624,17627,65,65,0,1
3096,986051.9293459516,986051.9296459516,17627,65,65,0,1
3097,929010.3123173002,929010.3126173003,17627,65,65,0,1
3098,927384.9756296816,927384.9759296816,17627,65,65,0,1
3099,950466.9876125022,950466.9879125019,17627,65,65,0,1
3100,1036098.2363026915,1036098.2366026915,17627,65,65,0,1
3101,1182966.9576532925,1182966.9579532929,17627,65,65,0,1
3102,1529733.794254467,1529733.7945544631,17627,65,65,0,1
3103,1671647.390271403,1671746.5955241187,17627,65,69,2,2
3104,1555232.12675412,1555554.0277908929,17627,65,69,2,2
3105,1377592.1609041647,1378336.36343641,17627,65,69,2,2
3106,1241109.0877275835,1241472.7969732243,17627,65,68,3,3
3107,1181396.1691599132,1185164.9460449545,17627,65,66,1,2
3108,1056958.2044659448,1056958.2047659447,17627,65,65,0,1
3109,1049907.8354456816,1049907.8357456815,17627,65,65,0,1
3110,1039846.704885792,1045494.7029729984,17627,65,66,1,2
3111,1104394.236016984,1120976.366521588,17627,65,68,3,2
3112,1243644.9719323139,1255420.5615234093,17627,65,68,3,2
3113,1538905.2066073664,1539092.2199407779,17627,65,67,2,2
3114,1851217.4065372057,1851248.755264693,17627,65,67,2,2
3115,1939063.440762699,1939063.4410626995,17627,65,65,0,1
3116,1924908.766541372,1924908.7668413725,17627,65,65,0,1
3117,1880862.7593410634,1880862.7596410639,17627,65,65,0,1
3118,1664274.562331989,1664274.5626319898,17627,65,65,0,1
3119,1358098.199619946,1358098.1998771108,17627,65,65,0,1
3120,1225030.8064319603,1225030.8066966115,17627,65,65,0,1
3121,1104490.977781369,1104490.9780813658,17627,65,65,0,1
3122,1062060.593607057,1062060.5939070568,17627,65,65,0,1
3123,1094952.210529121,1094952.2108291239,17627,65,65,0,1
3124,1126863.493401182,1126863.4937011802,17627,65,65,0,1
3125,1273809.243876724,1273809.2441556975,17627,65,65,0,1
3126,1559463.5285275464,1559463.5288275462,17627,65,65,0,1
3127,1646672.5037825075,1646738.4456743007,17627,65,67,2,2
3128,1476995.504341721,1477217.4176747575,17627,65,67,2,2
3129,1299697.9006931677,1306096.089137603,17627,65,70,3,3
3130,1151666.280648464,1170661.6472304496,17627,65,70,3,2
3131,1052140.0779537447,1065254.1874428424,17627,65,67,1,2
3132,930640.0984302436,930640.0987302435,17627,65,65,0,1
3133,877202.1278249817,877202.1281249813,17627,65,65,0,1
3134,853046.9555254945,853046.9558254941,17627,65,65,0,1
3135,967504.1195216142,974587.6894068851,17627,65,66,1,2
3136,1085940.679467397,1094807.2457822708,17627,65,68,3,2
3137,1424187.723664936,1424288.0509894886,17627,65,67,2,2
3138,1708452.5731456934,1708499.422708639,17627,65,67,2,2
3139,1840091.092732396,1840091.0930323957,17627,65,65,0,1
3140,1821675.9987681576,1821675.9990681575,17627,65,65,0,1
3141,1759704.7645163275,1759704.764816327,17627,65,65,0,1
3142,1491428.6559719215,1491428.6562719212,17627,65,65,0,1
3143,1310116.7212246805,1310116.7214300004,17627,65,65,0,1
3144,1219928.630619858,1219928.6308789987,17627,65,65,0,1
3145,1195135.0321786795,1195135.0324484396,17627,65,65,0,1
3146,1189895.2016486372,1189895.2019236365,17627,65,65,0,1
3147,1211027.9841313956,1211027.984400354,17627,65,65,0,1
3148,1277177.3541770484,1277177.3544184912,17627,65,65,0,1
3149,1424649.0314547243,1424649.0317027725,17627,65,65,0,1
3150,1804183.1290960126,1804183.129396013,17627,65,65,0,1
3151,1938778.0077986922,1938826.8412762564,17627,65,67,2,2
3152,1829540.7273082393,1829852.6982634743,17627,65,69,2,2
3153,1580090.647172676,1584011.3257398244,17627,65,68,3,3
3154,1344243.579519089,1359432.9495239672,17627,65,70,3,2
3155,1262143.0029392336,1274317.874044595,17627,65,70,3,2
3156,1201922.6580136598,1205826.5656959803,17627,65,66,1,2
3157,1104616.4708157037,1104695.0318819822,17627,65,67,2,2
3158,1074336.4023575315,1087786.300949923,17627,65,68,2,2
3159,1094007.4988909883,1095366.2143562825,17627,65,67,2,2
3160,1131093.9807925061,1131171.526264945,17627,65,67,2,2
3161,1284624.2872912535,1284624.2875912534,17627,65,65,0,1
3162,1460909.6228641993,1461063.0147700212,17627,65,69,2,2
3163,1572298.0671406907,1572356.522776573,17627,65,67,2,2
3164,1563191.5516377462,1563191.5518931677,17627,65,65,0,1
3165,1541974.6819082636,1541974.68213601,17627,65,65,0,1
3166,1422631.7826585202,1422631.782926967,17627,65,65,0,1
3167,1287738.3025342193,1287738.3028271988,17627,65,65,0,1
3168,1240532.5444967018,1240532.544777252,17627,65,65,0,1
3169,1174236.0694682794,1174236.0697412905,17627,65,65,0,1
3170,1133296.7553053494,1133296.755582683,17627,65,65,0,1
3171,1153539.0051136867,1153539.0054136866,17627,65,65,0,1
3172,1160707.8767071348,1160707.8770071347,17627,65,65,0,1
3173,1180087.442106699,1180087.4424066986,17627,65,65,0,1
3174,1229598.7291596942,1229598.7294596874,17627,65,65,0,1
3175,1264048.1531290489,1264048.1534290495,17627,65,65,0,1
3176,1229337.671910509,1229337.6722105087,17627,65,65,0,1
3177,1129189.7946224085,1129189.7949224082,17627,65,65,0,1
3178,1068056.5963663866,1068091.0713726515,17627,65,67,2,2
3179,973761.4297581802,973894.4431175236,17627,65,67,2,2
3180,904291.4147548391,904294.6549303951,17627,65,67,2,2
3181,885182.3927359646,885182.3930359639,17627,65,65,0,1
3182,866485.0447118464,866485.0450118459,17627,65,65,0,1
3183,920341.4793960359,920341.4796960357,17627,65,65,0,1
3184,1047008.1792351829,1047565.525841733,17627,65,66,1,2
3185,1274707.3274178468,1274715.904810811,17627,65,67,2,2
3186,1531808.0761848153,1531808.076424266,17627,65,65,0,1
3187,1656642.607405792,1656642.6077057917,17627,65,65,0,1
3188,1609544.0067033942,1609544.007003394,17627,65,65,0,1
3189,1625515.3362655467,1625515.3365655467,17627,65,65,0,1
3190,1596511.172893738,1596511.1731937374,17627,65,65,0,1
3191,1389732.2894076898,1389732.2896128478,17627,65,65,0,1
3192,1219929.2725206888,1219929.272820686,17627,65,65,0,1
3193,1135611.3773031891,1135611.377603183,17627,65,65,0,1
3194,1077588.916765095,1077588.9170650928,17627,65,65,0,1
3195,1048921.6816027751,1048921.6819027767,17627,65,65,0,1
3196,1071600.9793309013,1071600.9796309078,17627,65,65,0,1
3197,1050443.2946045548,1050443.294904542,17627,65,65,0,1
3198,974864.6414037467,974864.6417037457,17627,65,65,0,1
3199,911989.9794845178,911989.9797845169,17627,65,65,0,1
3200,796262.9555911388,801883.448561975,17627,65,66,1,2
3201,720118.8939597927,720118.8942597925,17627,65,65,0,1
3202,755379.1553508095,761201.5274819044,17627,65,66,1,2
3203,751928.5569778054,759367.7808397922,17627,65,66,1,2
3204,726488.0194772459,737379.5841292413,17627,65,67,1,2
3205,708151.6087879254,714211.3322378609,17627,65,66,1,2
3206,697688.95080475,700893.7318911146,17627,65,66,1,2
3207,795599.1015267792,795599.1018267781,17627,65,65,0,1
3208,906740.8101076006,906740.8104076004,17627,65,65,0,1
3209,1120040.597522899,1120040.5978228888,17627,65,65,0,1
3210,1377696.3030582545,1377696.3033190512,17627,65,65,0,1
3211,1537353.2702886576,1537353.2705886576,17627,65,65,0,1
3212,1554222.5192369954,1554222.5195369953,17627,65,65,0,1
3213,1589017.1571146245,1589017.157414625,17627,65,65,0,1
3214,1597702.5688208719,1597702.5691208714,17627,65,65,0,1
3215,1367326.6292473418,1367326.6295473415,17627,65,65,0,1
3216,1178434.7564494275,1178434.7566694277,17627,65,65,0,1
3217,1057618.6980689794,1057618.6983689833,17627,65,65,0,1
3218,1020137.7573797125,1020137.7576797155,17627,65,65,0,1
3219,1034405.1603298697,1034405.1606298726,17627,65,65,0,1
3220,1123975.049841628,1123975.050104297,17627,65,65,0,1
3221,1247857.8251542193,1247857.8253820112,17627,65,65,0,1
3222,1616751.2587214855,1616751.2590214852,17627,65,65,0,1
3223,1752273.7269497165,1752273.7272497164,17627,65,65,0,1
3224,1724115.940921175,1724373.164713033,17627,65,67,2,2
3225,1470027.0378049975,1475641.5564228687,17627,65,68,3,2
3226,1278416.2520062544,1294799.3800132088,17627,65,68,3,2
3227,1093556.3823283901,1114010.9314517428,17627,65,68,3,2
3228,905476.3044057449,926247.6168888598,17627,65,87,1,2
3229,826020.2050498946,834235.068155475,17627,65,66,1,2
3230,787610.1077556503,789308.2612562377,17627,65,66,1,2
3231,839706.194060558,851143.170796843,17627,65,67,1,2
3232,949991.6352933429,965475.1493758295,17627,65,69,3,3
3233,1248120.8274721983,1253342.9748352165,17627,65,68,3,2
3234,1578292.4859830746,1578313.5258685926,17627,65,67,2,2
3235,1846290.7961506946,1846290.7964506943,17627,65,65,0,1
3236,1887620.303471303,1887620.303771303,17627,65,65,0,1
3237,1887307.880438214,1887307.8807382144,17627,65,65,0,1
3238,1729745.1611145523,1729745.1614145522,17627,65,65,0,1
3239,1472883.3189346106,1472883.3192346105,17627,65,65,0,1
3240,1369946.733799092,1369946.7340912113,17627,65,65,0,1
3241,1310751.0700446349,1310751.0702726664,17627,65,65,0,1
3242,1282854.7310010719,1282854.7312062588,17627,65,65,0,1
3243,1297327.7748427866,1297327.775047579,17627,65,65,0,1
3244,1317335.3988533206,1317335.3990543897,17627,65,65,0,1
3245,1407284.0864340328,1407284.0866950941,17627,65,65,0,1
3246,1739059.1234272572,1739059.1237272574,17627,65,65,0,1
3247,1895633.3906171874,1895691.7895377062,17627,65,67,2,2
3248,1874792.6068244476,1875075.9416465429,17627,65,69,2,2
3249,1715318.4367317534,1715508.9576565835,17627,65,67,2,2
3250,1646494.5703174407,1646710.977082473,17627,65,67,2,2
3251,1663514.4739180966,1663686.950789261,17627,65,67,2,2
3252,1557472.2028503944,1557576.8768445484,17627,65,67,2,2
3253,1523521.7015239578,1523554.7496470844,17627,65,67,2,2
3254,1441819.6267655357,1441819.6270655338,17627,65,65,0,1
3255,1478866.8090306476,1478866.809325487,17627,65,65,0,1
3256,1466330.4594826484,1466360.9279730264,17627,65,67,2,2
3257,1562369.5547803468,1562388.9282479899,17627,65,67,2,2
3258,1736047.3645768038,1736047.364811932,17627,65,65,0,1
3259,1848030.9904155303,1848123.4309237818,17627,65,69,2,2
3260,1794036.7101413612,1794303.6015028034,17627,65,69,2,2
3261,1745119.0260194745,1745430.001316366,17627,65,69,2,2
3262,1562316.6701226328,1562316.6703353543,17627,65,65,0,1
3263,1327984.8379081506,1327984.8382081457,17627,65,65,0,1
3264,1169770.7757802987,1169770.7760802987,17627,65,65,0,1
3265,1109179.372432656,1109179.3727264223,17627,65,65,0,1
3266,1080082.103856408,1080082.1041255163,17627,65,65,0,1
3267,1105290.35057591,1105290.3508410836,17627,65,65,0,1
3268,1193047.8960696312,1193047.8963628418,17627,65,65,0,1
3269,1334186.0735797822,1334186.07385628,17627,65,65,0,1
3270,1628714.590786618,1628714.5910866177,17627,65,65,0,1
3271,1724713.059896002,1724771.7471021495,17627,65,67,2,2
3272,1556663.3588816088,1557393.4423042606,17627,65,67,2,2
3273,1298831.538071386,1306150.1879396744,17627,65,70,3,3
3274,1097545.9073253248,1097545.9076253248,17627,65,65,0,1
3275,1061355.3403114416,1061355.3406114413,17627,65,65,0,1
3276,890854.0050524926,890874.8303565059,17627,65,67,2,2
3277,824603.8788861425,824759.1291884494,17627,65,67,2,2
3278,828559.6331211543,828680.6868705793,17627,65,67,2,2
3279,888420.4156854176,888448.2128449993,17627,65,67,2,2
3280,983247.6867631187,983247.6870631188,17627,65,65,0,1
3281,1256211.0212146207,1256280.7215854041,17627,65,67,2,2
3282,1548271.1848205272,1548271.1850226324,17627,65,65,0,1
3283,1751321.8707739187,1751321.8710739184,17627,65,65,0,1
3284,1780729.7177720314,1780729.7180720316,17627,65,65,0,1
3285,1830418.0121076582,1830418.0124076577,17627,65,65,0,1
3286,1843706.7108941323,1843706.711194132,17627,65,65,0,1
3287,1642741.4352277021,1642741.4355277019,17627,65,65,0,1
3288,1565187.6764858295,1565187.6767858292,17627,65,65,0,1
3289,1497458.3708036998,1497458.3711036998,17627,65,65,0,1
3290,1453478.9965378437,1453478.9968378437,17627,65,65,0,1
3291,1451448.035811921,1451448.036111921,17627,65,65,0,1
3292,1433525.6626027205,1433525.6629027205,17627,65,65,0,1
3293,1323225.2217777623,1323225.2219743305,17627,65,65,0,1
3294,1219757.5478565013,1219757.5481565015,17627,65,65,0,1
3295,1105921.0007403335,1105921.0010403348,17627,65,65,0,1
3296,990527.2972362303,994634.4014626757,17627,65,66,1,2
3297,878771.2162606599,878771.2165606597,17627,65,65,0,1
3298,770046.1342932829,770046.1345932824,17627,65,65,0,1
3299,736949.1277970375,736982.8373444038,17627,65,66,1,2
3300,669738.7466119548,659826.6639097715,17627,65,67,2,2
3301,613086.5525697072,599737.6477580954,17627,65,67,2,2
3302,594605.213315508,581400.4185906404,17627,65,65,0,1
3303,672711.8875050058,672711.8878050054,17627,65,65,0,1
3304,774404.8669982555,774404.8672982553,17627,65,65,0,1
3305,982796.3707343643,983896.8750897631,17627,65,66,1,2
3306,1204614.587153784,1204614.5874537854,17627,65,65,0,1
3307,1302291.718146892,1302291.718446891,17627,65,65,0,1
3308,1307984.2311199193,1307984.2314199107,17627,65,65,0,1
3309,1304668.8460967634,1304668.8463967554,17627,65,65,0,1
3310,1243280.1156985601,1243280.11599856,17627,65,65,0,1
3311,1123599.0410091472,1123599.0413091464,17627,65,65,0,1
3312,975185.2582306562,975185.2585192176,17627,65,65,0,1
3313,892491.7385532917,892491.7388015608,17627,65,65,0,1
3314,896404.8042404624,896404.8044898161,17627,65,65,0,1
3315,882702.1512361644,882702.1514853926,17627,65,65,0,1
3316,912439.5558560272,912439.5561282249,17627,65,65,0,1
3317,1027955.3110833555,1027955.3113833554,17627,65,65,0,1
3318,1221454.7625833715,1221454.7628833707,17627,65,65,0,1
3319,1276822.2343690475,1276822.234669047,17627,65,65,0,1
3320,1221273.8637323752,1221653.9069918238,17627,65,66,1,2
3321,1069240.2063562614,1069240.2066562613,17627,65,65,0,1
3322,912285.423222449,912285.4235224489,17627,65,65,0,1
3323,854050.9313682739,854050.9316682734,17627,65,65,0,1
3324,856503.3818024984,856503.3821024979,17627,65,65,0,1
3325,872656.1206432536,872656.120943253,17627,65,65,0,1
3326,894683.9325716383,894683.9328716379,17627,65,65,0,1
3327,1120273.768715512,1120273.769015512,17627,65,65,0,1
3328,1362796.3718328648,1365511.7198526468,17627,65,66,1,2
3329,1590912.8612586514,1591044.022327446,17627,65,69,2,2
3330,1834950.503743408,1834950.5040434077,17627,65,65,0,1
3331,1952111.2929547061,1952111.2932547065,17627,65,65,0,1
3332,1888517.0996358162,1888517.0999358161,17627,65,65,0,1
3333,1812734.9977604533,1812734.9980604535,17627,65,65,0,1
3334,1672424.4254245493,1672424.4257245492,17627,65,65,0,1
3335,1494489.6602394274,1494489.660488246,17627,65,65,0,1
3336,1355878.5230726686,1355878.5233213953,17627,65,65,0,1
3337,1250003.2271445417,1250003.2274445365,17627,65,65,0,1
3338,1199576.7666217715,1199576.7669217736,17627,65,65,0,1
3339,1149149.1484053005,1149149.148705299,17627,65,65,0,1
3340,1202896.7492166744,1202896.7495166636,17627,65,65,0,1
3341,1230650.6250110916,1230650.6253110836,17627,65,65,0,1
3342,1305950.2485938969,1305950.2488606507,17627,65,65,0,1
3343,1353146.0714436006,1353146.0717378603,17627,65,65,0,1
3344,1349673.3301914195,1349673.330491399,17627,65,65,0,1
3345,1248978.3534943033,1258127.0204333358,17627,65,68,3,2
3346,1148603.8845260395,1163923.7551060591,17627,65,69,3,2
3347,1121913.8127406584,1137497.048979408,17627,65,69,3,2
3348,1101868.6622121949,1115272.4514521072,17627,65,68,3,2
3349,1019836.046428978,1030511.5190900133,17627,65,66,1,2
3350,953114.3502100966,966532.5509028868,17627,65,67,1,2
3351,990198.4316342748,1003631.1051064741,17627,65,67,1,2
3352,1081318.3842653898,1090294.7683189365,17627,65,66,1,2
3353,1328436.5525095484,1328436.552809534,17627,65,65,0,1
3354,1543249.999609687,1543249.9998704991,17627,65,65,0,1
3355,1705053.2778768917,1705053.2781768907,17627,65,65,0,1
3356,1643518.0362405616,1643518.0365405614,17627,65,65,0,1
3357,1650348.6011156496,1650348.6014156495,17627,65,65,0,1
3358,1571679.5506499468,1571679.5509499467,17627,65,65,0,1
3359,1387151.371043881,1387151.3712907324,17627,65,65,0,1
3360,1207967.1804932395,1207967.180781679,17627,65,65,0,1
3361,1107260.6172387435,1107260.6175387492,17627,65,65,0,1
3362,1032997.3621746239,1032997.3624746217,17627,65,65,0,1
3363,1039181.2451782033,1039181.2454782,17627,65,65,0,1
3364,1077624.9646161539,1077624.9649161452,17627,65,65,0,1
3365,1087226.2349603828,1087226.235260376,17627,65,65,0,1
3366,1063682.9045608798,1063682.9048608723,17627,65,65,0,1
3367,1018844.3403707495,1018844.3406707476,17627,65,65,0,1
3368,962106.2500684413,971239.2091315298,17627,65,66,1,2
3369,923089.5764988537,923089.5767988535,17627,65,65,0,1
3370,878829.5682405612,878829.5685405605,17627,65,65,0,1
3371,937511.2191555827,943588.7144855001,17627,65,66,1,2
3372,891559.7917082509,892064.2703348936,17627,65,66,1,2
3373,769305.5061274453,769305.5064274446,17627,65,65,0,1
3374,713205.7240404,713205.7243403994,17627,65,65,0,1
3375,739848.0695247729,739848.0698247724,17627,65,65,0,1
3376,839700.3527205051,839700.353020505,17627,65,65,0,1
3377,1104597.3031842837,1105762.2594072653,17627,65,66,1,2
3378,1434113.2176149702,1434113.2178279867,17627,65,65,0,1
3379,1699506.891364421,1699506.8916644221,17627,65,65,0,1
3380,1696534.4206870035,1696534.4209870035,17627,65,65,0,1
3381,1648151.7574712061,1648151.7577712056,17627,65,65,0,1
3382,1621016.3832523492,1621016.3835523492,17627,65,65,0,1
3383,1443312.86320714,1443312.86350714,17627,65,65,0,1
3384,1293366.394333506,1293366.3945780664,17627,65,65,0,1
3385,1198092.7069657776,1198092.7071968657,17627,65,65,0,1
3386,1150567.0900841397,1150567.0903529155,17627,65,65,0,1
3387,1148923.3163540568,1148923.316623614,17627,65,65,0,1
3388,1183703.194964273,1183703.1952023697,17627,65,65,0,1
3389,1351331.5397766414,1351331.5400587497,17627,65,65,0,1
3390,1756777.0222147272,1756777.0225147263,17627,65,65,0,1
3391,1898055.9044727725,1898098.809974608,17627,65,67,2,2
3392,1891511.956253771,1891911.7744784418,17627,65,67,2,2
3393,1794477.992772045,1802632.7847620186,17627,65,68,3,2
3394,1676794.9406191248,1699742.844806612,17627,65,68,3,2
3395,1562509.6636314518,1590188.1538038477,17627,65,71,3,2
3396,1426515.6186582164,1465528.7818001686,17627,65,75,3,2
3397,1442119.7619407591,1471288.715383394,17627,65,73,3,2
3398,1490991.9891512995,1514208.9443183234,17627,65,68,3,2
3399,1552177.588788713,1569538.4232322222,17627,65,68,3,2
3400,1643297.659538401,1647435.7097794036,17627,65,68,3,2
3401,1802034.305777495,1802324.0667657554,17627,65,67,2,2
3402,1999753.8029297718,1999753.803229772,17627,65,65,0,1
3403,2142061.289300683,2142061.289600683,17627,65,65,0,1
3404,2089132.7905263596,2089132.7908263595,17627,65,65,0,1
3405,2004915.0156804642,2004915.0159804642,17627,65,65,0,1
3406,1833633.8818763697,1833633.88217637,17627,65,65,0,1
3407,1611088.5535674836,1611088.5538674833,17627,65,65,0,1
3408,1529383.033119013,1529383.033419013,17627,65,65,0,1
3409,1436682.156452674,1436682.156752674,17627,65,65,0,1
3410,1393867.0810183864,1393867.0812801041,17627,65,65,0,1
3411,1406872.6292796163,1406872.6295510845,17627,65,65,0,1
3412,1466687.1689094203,1466687.1692094202,17627,65,65,0,1
3413,1573385.8813948627,1573385.8816948624,17627,65,65,0,1
3414,1873716.463410629,1873716.463710629,17627,65,65,0,1
3415,2008146.0620210571,2008146.0623210575,17627,65,65,0,1
3416,1995916.454322488,1995974.0879978666,17627,65,67,2,2
3417,1839057.5630652423,1839429.319216247,17627,65,67,2,2
3418,1725391.366619637,1730124.395978189,17627,65,68,3,3
3419,1697838.229661758,1707657.169970147,17627,65,68,3,2
3420,1619029.8646799878,1625661.7447400487,17627,65,68,3,2
3421,1628045.2695308106,1628238.3210857762,17627,65,67,2,2
3422,1663214.1895056923,1663345.2403000342,17627,65,67,2,2
3423,1702809.5383620851,1702933.2949811998,17627,65,67,2,2
3424,1770463.1696339916,1770605.6567469384,17627,65,67,2,2
3425,1895295.7808386618,1895422.205681345,17627,65,67,2,2
3426,2103834.1176778395,2103836.150685205,17627,65,67,2,2
3427,2223174.0998452688,2223174.1001452687,17627,65,65,0,1
3428,2192233.428165009,2192233.4284650087,17627,65,65,0,1
3429,2154417.045639159,2154417.045939159,17627,65,65,0,1
3430,2002701.4964992679,2002701.4967992683,17627,65,65,0,1
3431,1762454.5343001937,1762454.534600194,17627,65,65,0,1
3432,1622192.1362068183,1622192.136506818,17627,65,65,0,1
3433,1546460.7240384012,1546460.7243384009,17627,65,65,0,1
3434,1509647.6896412857,1509647.6899412856,17627,65,65,0,1
3435,1507854.806108649,1507854.8064086486,17627,65,65,0,1
3436,1589766.8930522143,1589766.893352214,17627,65,65,0,1
3437,1709997.8940970725,1709997.894397072,17627,65,65,0,1
3438,2071535.8779191147,2071535.8782191142,17627,65,65,0,1
3439,2196013.4981047288,2196013.498404729,17627,65,65,0,1
3440,2075370.936950757,2075703.2953600525,17627,65,69,2,2
3441,1857409.2244667318,1870637.6382795672,17627,65,68,3,2
3442,1745110.1468151528,1768583.5131644283,17627,65,68,3,2
3443,1707979.3862229162,1741975.6985501493,17627,65,70,3,2
3444,1650506.5684578517,1684833.8994124634,17627,65,74,3,2
3445,1651404.6526410202,1683627.8474320928,17627,65,72,3,2
3446,1672975.8382451888,1702565.605311827,17627,65,70,3,2
3447,1764174.3026883637,1788820.4198077836,17627,65,69,3,2
3448,1894688.119829137,1907619.8956056826,17627,65,68,3,2
3449,2083987.5558498637,2084328.457488527,17627,65,67,2,2
3450,2300816.1906705117,2300816.1909705116,17627,65,65,0,1
3451,2394621.291221752,2394621.2915217527,17627,65,65,0,1
3452,2316095.761388885,2316095.761688885,17627,65,65,0,1
3453,2253763.9226878616,2253763.922987862,17627,65,65,0,1
3454,2096614.5948873907,2096614.5951873912,17627,65,65,0,1
3455,1869952.4719745426,1869952.4722745433,17627,65,65,0,1
3456,1691302.4926146665,1691302.4929146662,17627,65,65,0,1
3457,1566318.9407226914,1566318.941022691,17627,65,65,0,1
3458,1494587.734240958,1494587.734540958,17627,65,65,0,1
3459,1502537.422257999,1502537.4225579984,17627,65,65,0,1
3460,1551171.6217556638,1551171.6220556637,17627,65,65,0,1
3461,1661974.360919769,1661974.3612197689,17627,65,65,0,1
3462,2004734.2613209826,2004734.2616209823,17627,65,65,0,1
3463,2183345.01482504,2183345.0151250395,17627,65,65,0,1
3464,2123480.2421022654,2123500.041209391,17627,65,67,2,2
3465,1908545.2960555828,1908711.8462545753,17627,65,67,2,2
3466,1766002.4254937568,1767624.712629245,17627,65,68,3,3
3467,1780896.9886987538,1784842.756779377,17627,65,68,3,3
3468,1711443.8158384096,1718969.423111412,17627,65,68,3,2
3469,1703183.2809894853,1711279.3682102356,17627,65,68,3,2
3470,1717701.0440031746,1723175.1238578912,17627,65,68,3,2
3471,1760958.4256924726,1763609.9697522845,17627,65,68,3,2
3472,1746563.2523938743,1746670.93525672,17627,65,67,2,2
3473,1808173.9527888335,1808199.8490749048,17627,65,67,2,2
3474,1951163.5195405097,1951200.1874897736,17627,65,67,2,2
3475,2082877.504544235,2082877.5048442353,17627,65,65,0,1
3476,2067895.016097519,2067895.016397519,17627,65,65,0,1
3477,1936897.5092099283,1936897.509509928,17627,65,65,0,1
3478,1744135.2865739735,1744135.2868739734,17627,65,65,0,1
3479,1543571.1681445264,1543571.1684295398,17627,65,65,0,1
3480,1419947.7320897959,1419947.7322944005,17627,65,65,0,1
3481,1327403.2838529027,1327403.284120124,17627,65,65,0,1
3482,1262383.8796856476,1262383.879985645,17627,65,65,0,1
3483,1272934.9934092674,1272934.9937092625,17627,65,65,0,1
3484,1349952.7674642694,1349952.767700643,17627,65,65,0,1
3485,1490784.7645475366,1490784.764817667,17627,65,65,0,1
3486,1836347.1827655858,1836347.1830655853,17627,65,65,0,1
3487,1948953.5152830766,1949022.1432122353,17627,65,67,2,2
3488,1844353.1257358566,1844614.3682879822,17627,65,67,2,2
3489,1618556.2300577415,1626378.8176106673,17627,65,68,3,2
3490,1461341.3128951772,1476761.8349938039,17627,65,68,3,2
3491,1363638.610785276,1381242.8386510361,17627,65,68,3,2
3492,1346358.4263796574,1352552.8070149347,17627,65,68,3,2
3493,1281945.5603413447,1284951.5102759781,17627,65,68,3,2
3494,1204179.8808258832,1207166.3580503892,17627,65,68,3,2
3495,1209614.5903634313,1210092.688699227,17627,65,68,3,3
3496,1219715.292809075,1219731.6506708257,17627,65,67,2,2
3497,1350552.6627468155,1350567.6127652721,17627,65,67,2,2
3498,1571348.06630047,1571348.0665430978,17627,65,65,0,1
3499,1787094.3300169434,1787094.3303169431,17627,65,65,0,1
3500,1807839.1690448257,1807839.1693448254,17627,65,65,0,1
3501,1729439.565063374,1729439.5653633738,17627,65,65,0,1
3502,1665271.864031989,1665271.8643319889,17627,65,65,0,1
3503,1488880.4529413502,1488880.453168433,17627,65,65,0,1
3504,1381365.1186326933,1381365.1188848384,17627,65,65,0,1
3505,1264795.0698875128,1264795.0701875053,17627,65,65,0,1
3506,1167647.3867154312,1167647.3870154247,17627,65,65,0,1
3507,1153354.7123054746,1153354.712600887,17627,65,65,0,1
3508,1156629.6239610496,1156629.6242580973,17627,65,65,0,1
3509,1149251.0658665434,1149251.0661665378,17627,65,65,0,1
3510,1221621.796031646,1221621.7963316482,17627,65,65,0,1
3511,1261258.1586969444,1261258.1589969476,17627,65,65,0,1
3512,1221861.3815428675,1224532.4245644596,17627,65,68,3,2
3513,1083133.3934072745,1093491.5104438376,17627,65,66,1,2
3514,950855.3756530648,952200.6274556415,17627,65,66,1,2
3515,856048.2463272652,856048.2466272647,17627,65,65,0,1
3516,745503.6433512205,745503.64365122,17627,65,65,0,1
3517,656370.328398032,656370.3286980314,17627,65,65,0,1
3518,622169.3428830672,622169.3431554418,17627,65,65,0,1
3519,649748.0503574971,649748.0506246443,17627,65,65,0,1
3520,765339.3960133477,765339.3963036874,17627,65,65,0,1
3521,1034173.0875855477,1037028.2905038276,17627,65,66,1,2
3522,1349754.7398630735,1349754.7400881175,17627,65,65,0,1
3523,1521683.4751232958,1521683.4754232955,17627,65,65,0,1
3524,1507159.7314059236,1507159.7317059233,17627,65,65,0,1
3525,1422319.1327869864,1422319.1330869864,17627,65,65,0,1
3526,1332538.0983280523,1332538.0985539565,17627,65,65,0,1
3527,1143444.2787753178,1143444.2790753194,17627,65,65,0,1
3528,983067.0991824793,983067.0994824793,17627,65,65,0,1
3529,840591.7244370627,840591.7247356146,17627,65,65,0,1
3530,752818.6060650938,752818.6063374241,17627,65,65,0,1
3531,717137.5620765332,717137.5623387723,17627,65,65,0,1
3532,713875.241873194,713875.2421408463,17627,65,65,0,1
3533,699830.1480997326,699830.1483712578,17627,65,65,0,1
3534,692814.0363354844,692814.0366121413,17627,65,65,0,1
3535,629083.1788590981,629083.1791576968,17627,65,65,0,1
3536,548953.2305981668,548953.2308981665,17627,65,65,0,1
3537,524001.67639282066,524001.6766928245,17627,65,65,0,1
3538,492239.620105127,492239.6204051356,17627,65,65,0,1
3539,462340.78892641864,462340.78922642255,17627,65,65,0,1
3540,403487.94121956464,407460.39157144254,17627,65,68,2,2
3541,304433.9393445037,315930.00669852877,17627,65,68,2,2
3542,281362.727072317,281362.7273377283,17627,65,65,0,1
3543,288321.9976781457,288321.99795387516,17627,65,65,0,1
3544,386138.91436782986,386138.914632401,17627,65,65,0,1
3545,600470.4540401275,600470.4543401275,17627,65,65,0,1
3546,965951.2413767651,965951.2416767648,17627,65,65,0,1
3547,1233890.9383884913,1233890.9386884938,17627,65,65,0,1
3548,1286976.2625394273,1286976.2627896862,17627,65,65,0,1
3549,1278144.8036747496,1278144.8039135092,17627,65,65,0,1
3550,1299684.8774633848,1299684.8776699307,17627,65,65,0,1
3551,1193841.3411844592,1193841.3414549225,17627,65,65,0,1
3552,1073104.2683775865,1073104.2686775872,17627,65,65,0,1
3553,968673.9157691734,968673.9160661888,17627,65,65,0,1
3554,935563.4751557307,935563.4754409911,17627,65,65,0,1
3555,932025.7382579766,932025.7385403721,17627,65,65,0,1
3556,922484.61239363,922484.6126717642,17627,65,65,0,1
3557,922018.5361624174,922018.5364438936,17627,65,65,0,1
3558,916104.5003137158,916104.5005996906,17627,65,65,0,1
3559,866114.6039479873,866114.6042479869,17627,65,65,0,1
3560,805264.0988370823,808478.6772572638,17627,65,66,1,2
3561,720615.134637701,720615.1349377008,17627,65,65,0,1
3562,634516.632925404,634516.6332254037,17627,65,65,0,1
3563,586387.1530444002,586387.1533443998,17627,65,65,0,1
3564,567535.7489615446,567535.7492615443,17627,65,65,0,1
3565,516129.7194301102,516129.71973011,17627,65,65,0,1
3566,480600.95298889483,480600.95328889956,17627,65,65,0,1
3567,518177.1781420581,518177.17844205786,17627,65,65,0,1
3568,649976.3101066123,649976.310406612,17627,65,65,0,1
3569,858693.1276066772,858693.1279066772,17627,65,65,0,1
3570,1075947.7854271224,1075947.7857271219,17627,65,65,0,1
3571,1199282.0972736995,1199282.0975736994,17627,65,65,0,1
3572,1212005.7990442147,1212005.7993442146,17627,65,65,0,1
3573,1200773.6817819471,1200773.6820819473,17627,65,65,0,1
3574,1173805.2405578387,1173805.2408578387,17627,65,65,0,1
3575,1020027.454941582,1020027.455241582,17627,65,65,0,1
3576,905675.7126482741,905675.7129482741,17627,65,65,0,1
3577,868557.8863518013,868557.8866362434,17627,65,65,0,1
3578,848021.136076465,848021.1363466249,17627,65,65,0,1
3579,858154.0381182139,858154.0383897496,17627,65,65,0,1
3580,920433.5058974784,920433.5061965269,17627,65,65,0,1
3581,1107797.154021044,1107797.1543210442,17627,65,65,0,1
3582,1487914.1829843866,1487914.1832770107,17627,65,65,0,1
3583,1577354.6657885574,1577486.6779398352,17627,65,67,2,2
3584,1524143.4377979524,1524370.841271115,17627,65,69,2,2
3585,1337116.3369742252,1340104.5730417604,17627,65,70,3,3
3586,1233646.611626043,1236757.0414180672,17627,65,66,1,2
3587,1195873.295777721,1195873.296077721,17627,65,65,0,1
3588,1159148.0068565295,1159148.0071565295,17627,65,65,0,1
3589,1140442.9610950812,1140442.9613950811,17627,65,65,0,1
3590,1160669.4536009072,1160669.4539009067,17627,65,65,0,1
3591,1199367.4670378626,1199367.4673378621,17627,65,65,0,1
3592,1335816.7896628617,1336369.4287286517,17627,65,69,2,2
3593,1514694.6176217922,1514797.6882568686,17627,65,67,2,2
3594,1785176.60962401,1785176.6099128667,17627,65,65,0,1
3595,1986968.1042675152,1986980.0036719574,17627,65,67,2,2
3596,1972281.5879233698,1972281.5882233696,17627,65,65,0,1
3597,1906976.494394643,1906976.4946946432,17627,65,65,0,1
3598,1795108.7481075604,1795108.7484075604,17627,65,65,0,1
3599,1589829.8548347596,1589829.8551181317,17627,65,65,0,1
3600,1483150.7654913417,1483150.7657027778,17627,65,65,0,1
3601,1389315.0235414787,1389315.0237974592,17627,65,65,0,1
3602,1320183.2103225612,1320183.2106225616,17627,65,65,0,1
3603,1301473.9176484593,1301473.917948463,17627,65,65,0,1
3604,1358106.3211640716,1358106.3214640715,17627,65,65,0,1
3605,1467568.9234305848,1467568.9236719345,17627,65,65,0,1
3606,1780656.2021296162,1780656.2024296161,17627,65,65,0,1
3607,1890593.8961059684,1890726.604136649,17627,65,67,2,2
3608,1771933.6650498512,1772049.4450758463,17627,65,67,2,2
3609,1544713.1372668548,1544962.2856877053,17627,65,69,2,2
3610,1362272.9109998138,1362893.2608579425,17627,65,69,2,2
3611,1279207.7521920265,1279207.752492026,17627,65,65,0,1
3612,1225497.5880849115,1225497.5883849112,17627,65,65,0,1
3613,1230522.0883646784,1230522.0886646784,17627,65,65,0,1
3614,1266073.7488887436,1266073.7491887435,17627,65,65,0,1
3615,1279484.2850292616,1279484.2853292613,17627,65,65,0,1
3616,1327126.5121135693,1327126.5124135693,17627,65,65,0,1
3617,1476932.7541350971,1476969.491717177,17627,65,69,2,2
3618,1638468.5390906164,1638493.7711415582,17627,65,67,2,2
3619,1728357.0858062562,1728374.3098265133,17627,65,67,2,2
3620,1706382.445821608,1706418.1634756133,17627,65,67,2,2
3621,1646116.2805229565,1646169.221259289,17627,65,67,2,2
3622,1565979.3103575953,1566041.2397699268,17627,65,67,2,2
3623,1350954.577364207,1350954.5776642077,17627,65,65,0,1
3624,1274981.361368711,1274981.3616687113,17627,65,65,0,1
3625,1252015.0778402002,1252015.0781402006,17627,65,65,0,1
3626,1213994.581001805,1213994.581301805,17627,65,65,0,1
3627,1219610.3691816013,1219610.3694816008,17627,65,65,0,1
3628,1274050.454103446,1274050.4544034414,17627,65,65,0,1
3629,1435053.4861291456,1435053.4863879734,17627,65,65,0,1
3630,1813806.3125994527,1813806.3128994524,17627,65,65,0,1
3631,1942134.0135731543,1942223.275582737,17627,65,69,2,2
3632,1898253.3026404371,1898598.3472218916,17627,65,69,2,2
3633,1758473.17375781,1758823.8116607356,17627,65,67,2,2
3634,1711768.8553147374,1718956.2401132851,17627,65,70,3,2
3635,1710038.667202659,1723747.2750080922,17627,65,70,3,2
3636,1644191.721486329,1665632.5136617147,17627,65,68,3,2
3637,1585427.7319303208,1607972.9643961578,17627,65,68,3,2
3638,1599843.770346745,1621648.2248284651,17627,65,68,3,2
3639,1667463.2433726257,1683273.7518622077,17627,65,68,3,2
3640,1666667.9071557648,1676989.2986109427,17627,65,68,3,2
3641,1733197.5660452168,1733228.9968035768,17627,65,67,2,2
3642,1860803.5528617506,1860827.877924538,17627,65,67,2,2
3643,1914344.772705466,1914344.773005465,17627,65,65,0,1
3644,1821531.3251686865,1821531.3254686866,17627,65,65,0,1
3645,1729104.880772627,1729104.881072627,17627,65,65,0,1
3646,1500305.619447349,1500305.6196492643,17627,65,65,0,1
3647,1253605.305218135,1253605.305518135,17627,65,65,0,1
3648,1093790.0151360831,1093790.015436083,17627,65,65,0,1
3649,1007539.1478393838,1007539.1481393836,17627,65,65,0,1
3650,969154.7978471386,969154.7981471386,17627,65,65,0,1
3651,974437.1412423337,974437.1415423342,17627,65,65,0,1
3652,1004581.8697985513,1004581.8700985517,17627,65,65,0,1
3653,1069097.4200903946,1069097.4203903947,17627,65,65,0,1
3654,1345569.8890974699,1345569.88939747,17627,65,65,0,1
3655,1406941.2397740157,1406941.2400740152,17627,65,65,0,1
3656,1349995.587691085,1349995.587991085,17627,65,65,0,1
3657,1242108.5060247323,1242351.0464849751,17627,65,67,2,2
3658,1207141.3515351072,1221780.3872919194,17627,65,69,2,2
3659,1214916.2551635357,1244321.4952405973,17627,65,69,1,2
3660,1155002.7369460117,1210608.4480644043,17627,65,69,1,2
3661,1118573.7901520145,1179624.0402071876,17627,65,71,1,2
3662,1123184.9694330113,1168313.1028385186,17627,65,69,1,2
3663,1178254.2592024356,1196515.6159354544,17627,65,69,2,2
3664,1223250.6744910828,1227319.016872805,17627,65,68,2,2
3665,1351936.2796728825,1351936.2799728825,17627,65,65,0,1
3666,1456098.0550826713,1456331.8090313943,17627,65,67,2,2
3667,1465501.1368301767,1466066.778900916,17627,65,69,2,2
3668,1386956.192213271,1387100.0888219122,17627,65,67,2,2
3669,1319258.3312292832,1319258.3315292832,17627,65,65,0,1
3670,1327402.0446987734,1327402.0449987734,17627,65,65,0,1
3671,1188436.2660922632,1188436.2663922631,17627,65,65,0,1
3672,1120091.6831484367,1120091.6834484367,17627,65,65,0,1
3673,1031250.2872875854,1031250.2875875856,17627,65,65,0,1
3674,999981.7205970939,999981.7208970941,17627,65,65,0,1
3675,1003667.7736044151,1003667.7739044152,17627,65,65,0,1
3676,1049897.0974057908,1049897.0977057908,17627,65,65,0,1
3677,1053868.1952875247,1053868.1955875247,17627,65,65,0,1
3678,1114150.9200054745,1114150.9203054742,17627,65,65,0,1
3679,1103325.0270313695,1103325.0273313695,17627,65,65,0,1
3680,1020487.9665770045,1020487.9668770048,17627,65,65,0,1
3681,964006.0201839635,964233.6850595999,17627,65,67,2,2
3682,936237.6876777112,939057.3730889084,17627,65,68,2,2
3683,867335.1807982811,868253.0453467248,17627,65,68,2,2
3684,786263.4127508248,789166.4089647384,17627,65,68,2,2
3685,708013.7640976799,711117.6975865442,17627,65,67,2,2
3686,678443.8938500967,678443.8941500965,17627,65,65,0,1
3687,750455.363079757,750455.3633757393,17627,65,65,0,1
3688,879914.2196757171,879914.2199741405,17627,65,65,0,1
3689,1109869.2755222907,1109869.2758222902,17627,65,65,0,1
3690,1391844.0177552998,1391844.0180553016,17627,65,65,0,1
3691,1639891.2167582847,1639891.2170582844,17627,65,65,0,1
3692,1616140.7308270645,1616140.7311270644,17627,65,65,0,1
3693,1564797.925444404,1564797.9257444039,17627,65,65,0,1
3694,1584927.9658428342,1584927.9661428342,17627,65,65,0,1
3695,1466392.3355102204,1466392.3357971308,17627,65,65,0,1
3696,1354061.9362113557,1354061.9364253369,17627,65,65,0,1
3697,1245190.8611117734,1245190.8613667577,17627,65,65,0,1
3698,1179596.4977756878,1179596.4980677913,17627,65,65,0,1
3699,1139181.7089157104,1139181.7091938981,17627,65,65,0,1
3700,1135943.3618673445,1135943.3621494297,17627,65,65,0,1
3701,1113215.8268420477,1113215.827122367,17627,65,65,0,1
3702,1069143.652765855,1069143.6530281722,17627,65,65,0,1
3703,999026.8082580697,999026.808545371,17627,65,65,0,1
3704,948058.8638678945,957487.3857937268,17627,65,66,1,2
3705,967426.2525431634,983633.9431455221,17627,65,69,1,2
3706,1026188.6384862047,1042468.671930233,17627,65,69,1,2
3707,1030573.112767844,1040166.8200761206,17627,65,69,1,2
3708,1001951.317290698,1004138.9068751006,17627,65,68,1,2
3709,944963.4955491421,945143.2896906956,17627,65,68,1,2
3710,900513.5366631162,900574.9288547321,17627,65,66,1,2
3711,941802.7794701759,943341.1878583464,17627,65,66,1,2
3712,1014019.1744485562,1030487.7801186237,17627,65,69,1,2
3713,1267296.208328574,1272039.39940582,17627,65,68,3,2
3714,1549573.5961320647,1549573.5964078037,17627,65,65,0,1
3715,1638071.5803768006,1638071.5806768,17627,65,65,0,1
3716,1545234.426186379,1545234.426486379,17627,65,65,0,1
3717,1492157.5887849997,1492157.589048333,17627,65,65,0,1
3718,1467552.0820138631,1467552.082236541,17627,65,65,0,1
3719,1334400.5763363207,1334400.576634251,17627,65,65,0,1
3720,1264563.2638455299,1264563.2641455284,17627,65,65,0,1
3721,1165055.1167975983,1165055.1170975985,17627,65,65,0,1
3722,1106506.5549328579,1106506.5552328578,17627,65,65,0,1
3723,1106631.8065776164,1106631.8068776156,17627,65,65,0,1
3724,1190331.4583789164,1190331.4586789152,17627,65,65,0,1
3725,1347372.3770351422,1347372.3773309374,17627,65,65,0,1
3726,1765203.4606071636,1765203.4609071633,17627,65,65,0,1
3727,1909571.56386603,1909836.5019878217,17627,65,67,2,2
3728,1848786.6983721906,1849280.7281383225,17627,65,69,2,2
3729,1644983.30098355,1663678.3137229406,17627,65,70,3,2
3730,1550085.2135949829,1574796.1621142095,17627,65,72,3,2
3731,1518280.4540931052,1553686.4619450117,17627,65,76,3,2
3732,1418319.9555072417,1476229.988756152,17627,65,82,3,2
3733,1378911.7832317473,1426884.0831069062,17627,65,84,3,2
3734,1379690.4153043919,1423580.2251920179,17627,65,73,3,2
3735,1455855.5617739742,1477141.1011175918,17627,65,70,3,2
3736,1610422.4031095393,1610650.9222402086,17627,65,67,2,2
3737,1755277.2240979378,1755379.0552669805,17627,65,67,2,2
3738,1890777.0969342156,1890788.0200557744,17627,65,67,2,2
3739,1918007.2869314067,1918007.2872314057,17627,65,65,0,1
3740,1819353.6224997984,1819353.6227997984,17627,65,65,0,1
3741,1685118.7187626152,1685118.7190626152,17627,65,65,0,1
3742,1525681.2328278613,1525681.233032341,17627,65,65,0,1
3743,1371616.9451385206,1371616.9454385159,17627,65,65,0,1
3744,1250335.8749324584,1250335.8752324537,17627,65,65,0,1
3745,1225340.4128246494,1225340.4131246503,17627,65,65,0,1
3746,1216301.4252483244,1216301.425548314,17627,65,65,0,1
3747,1236188.9579916704,1236188.9582916694,17627,65,65,0,1
3748,1313588.7777758373,1313588.7780758324,17627,65,65,0,1
3749,1461478.7691556565,1461478.7693573246,17627,65,65,0,1
3750,1786995.2834525981,1786995.2837525979,17627,65,65,0,1
3751,1811799.4597346932,1811953.5455120266,17627,65,67,2,2
3752,1683749.11812292,1684031.5823535707,17627,65,67,2,2
3753,1468135.6781886797,1474312.116778779,17627,65,70,3,3
3754,1382304.383840396,1401189.9175191422,17627,65,70,3,2
3755,1319485.1112185877,1330656.5884102127,17627,65,71,1,2
3756,1209841.1426553414,1209841.142955341,17627,65,65,0,1
3757,1179598.9623163345,1179609.3698776213,17627,65,67,1,2
3758,1178362.7409263882,1178362.741226388,17627,65,65,0,1
3759,1241454.5289568834,1241454.529256883,17627,65,65,0,1
3760,1326260.2824973362,1335943.5723316036,17627,65,66,1,2
3761,1531836.763246399,1533984.4365975917,17627,65,68,3,3
3762,1767100.054102395,1767100.054402395,17627,65,65,0,1
3763,1977702.0859192754,1977702.0862192756,17627,65,65,0,1
3764,1978988.3194673914,1978988.3197673925,17627,65,65,0,1
3765,1902110.3436715174,1902110.3439715179,17627,65,65,0,1
3766,1772365.6880190647,1772365.6883190647,17627,65,65,0,1
3767,1536171.6214152947,1536171.6216981788,17627,65,65,0,1
3768,1394336.5203085204,1394336.520527586,17627,65,65,0,1
3769,1293313.00442995,1293313.0047226562,17627,65,65,0,1
3770,1277217.2222853878,1277217.2225853838,17627,65,65,0,1
3771,1292438.5273249366,1292438.5276191202,17627,65,65,0,1
3772,1384147.4716820738,1384147.471908564,17627,65,65,0,1
3773,1517158.8431384303,1517158.8434100817,17627,65,65,0,1
3774,1827372.2529937644,1827372.2532937652,17627,65,65,0,1
3775,1886354.6511616202,1886547.2448943064,17627,65,67,2,2
3776,1817301.5931006419,1818026.3436205636,17627,65,68,3,3
3777,1670360.8112942048,1690140.5112794521,17627,65,68,3,2
3778,1694117.6155822657,1721387.6633847542,17627,65,71,3,2
3779,1683599.119655252,1717198.7217137031,17627,65,71,3,2
3780,1618965.9131477787,1649884.4053986287,17627,65,75,3,2
3781,1531219.4482449847,1563120.02878762,17627,65,74,3,2
3782,1483526.258815953,1513056.573252876,17627,65,71,3,2
3783,1492619.0014246963,1516344.9121559404,17627,65,70,3,2
3784,1489364.2477024454,1504725.4093873175,17627,65,68,3,2
3785,1610452.08192382,1616073.7448799172,17627,65,68,3,2
3786,1794061.8621791364,1794061.8624791363,17627,65,65,0,1
3787,1950109.5600824957,1950109.5603824956,17627,65,65,0,1
3788,1901916.436713846,1901916.437013846,17627,65,65,0,1
3789,1798999.4241046167,1798999.4244046165,17627,65,65,0,1
3790,1747981.9613324276,1747981.9616324275,17627,65,65,0,1
3791,1559041.8889318851,1559041.8891567804,17627,65,65,0,1
3792,1402096.629351022,1402096.6296310828,17627,65,65,0,1
3793,1281956.0219501797,1281956.0222501715,17627,65,65,0,1
3794,1222495.024008118,1222495.0243081055,17627,65,65,0,1
3795,1221564.6864552803,1221564.686755277,17627,65,65,0,1
3796,1235631.5853089967,1235631.5856089843,17627,65,65,0,1
3797,1175164.209350029,1175164.2096500266,17627,65,65,0,1
3798,1079139.0254390393,1079139.0257390386,17627,65,65,0,1
3799,984049.4033551839,986609.9760110214,17627,65,66,1,2
3800,923562.8369158454,923562.8372158451,17627,65,65,0,1
3801,865828.7660771273,865828.7663771266,17627,65,65,0,1
3802,818892.8469064268,818922.4224582141,17627,65,66,1,2
3803,787485.3921854335,797612.7708431128,17627,65,66,1,2
3804,778740.0073110042,801653.6343972641,17627,65,67,1,2
3805,722119.3649701881,747838.1098847522,17627,65,72,3,3
3806,716560.033489763,733314.2804448972,17627,65,66,1,2
3807,756839.4849236116,764180.8723235582,17627,65,66,1,2
3808,851288.1523317546,851288.152631754,17627,65,65,0,1
3809,999830.3861022904,999830.3864022903,17627,65,65,0,1
3810,1145904.4925726494,1145904.4928726489,17627,65,65,0,1
3811,1250251.1684173383,1250251.1687173385,17627,65,65,0,1
3812,1220605.05397391,1220605.0542739104,17627,65,65,0,1
3813,1170304.4174033995,1170304.417703399,17627,65,65,0,1
3814,1209923.6350979332,1209923.6353979334,17627,65,65,0,1
3815,1123908.0561244457,1123908.056424446,17627,65,65,0,1
3816,1041558.7494781659,1041558.7497781654,17627,65,65,0,1
3817,984020.4804933356,984020.4807933352,17627,65,65,0,1
3818,992676.1007890484,992676.101089048,17627,65,65,0,1
3819,997185.5988679036,997185.5991679034,17627,65,65,0,1
3820,1042469.6236200768,1042469.6239200765,17627,65,65,0,1
3821,1140105.2173283082,1140105.217628308,17627,65,65,0,1
3822,1333658.725463921,1333658.7257639132,17627,65,65,0,1
3823,1328102.955516365,1328102.9558163804,17627,65,65,0,1
3824,1206163.2764307195,1214854.659459773,17627,65,66,1,2
3825,1053736.4264222616,1060608.320403026,17627,65,66,1,2
3826,995765.4330421751,995765.433342175,17627,65,65,0,1
3827,1031434.0726572732,1031434.072957273,17627,65,65,0,1
3828,997950.312942653,997950.3132426522,17627,65,65,0,1
3829,993478.5034176523,993515.630736518,17627,65,66,1,2
3830,991326.3062509228,991329.3203319752,17627,65,66,1,2
3831,980727.0090560068,980727.0093560059,17627,65,65,0,1
3832,1065893.9802755406,1067323.7855685302,17627,65,66,1,2
3833,1212108.9091300527,1219625.2225977322,17627,65,66,1,2
3834,1380149.8251953777,1380149.8254953804,17627,65,65,0,1
3835,1559273.8549995588,1559273.8552391953,17627,65,65,0,1
3836,1563706.768413141,1563706.7686741895,17627,65,65,0,1
3837,1492609.660435981,1492609.6606420504,17627,65,65,0,1
3838,1456171.298504326,1456171.298729062,17627,65,65,0,1
3839,1320846.2360063186,1320846.236306322,17627,65,65,0,1
3840,1253068.9501291327,1253068.9504291317,17627,65,65,0,1
3841,1157982.1897120697,1157982.1900120575,17627,65,65,0,1
3842,1101289.2322315609,1101289.232531561,17627,65,65,0,1
3843,1076072.1248045715,1076072.1251045703,17627,65,65,0,1
3844,1100016.203412741,1100016.2037127404,17627,65,65,0,1
3845,1079497.4612324531,1079497.4615324526,17627,65,65,0,1
3846,1118919.2308025132,1118919.2311025122,17627,65,65,0,1
3847,1064094.0883494536,1065704.6622698721,17627,65,66,1,2
3848,990118.9996587982,999924.3264201919,17627,65,66,1,2
3849,892407.3369861922,892407.3372861913,17627,65,65,0,1
3850,823781.3075452576,823970.1351187474,17627,65,68,1,2
3851,802197.2699317341,819639.5189498379,17627,65,69,1,2
3852,766949.2062848718,799548.7260018006,17627,65,76,3,3
3853,728760.625753284,775884.95367203,17627,65,79,3,3
3854,728528.8736885701,758701.0417045524,17627,65,71,3,3
3855,799820.5518062635,799954.6080066962,17627,65,66,1,2
3856,904051.7943582654,904051.7946582646,17627,65,65,0,1
3857,1115864.3165989986,1127149.2070704792,17627,65,67,1,2
3858,1363876.5132409544,1363876.5135409585,17627,65,65,0,1
3859,1491715.3245894364,1491715.324823426,17627,65,65,0,1
3860,1446361.5722391023,1446361.5724463027,17627,65,65,0,1
3861,1395754.0743375742,1395754.0745679047,17627,65,65,0,1
3862,1388032.5586791448,1388032.5589113224,17627,65,65,0,1
3863,1327429.4887035138,1327429.4889746353,17627,65,65,0,1
3864,1212522.4569071678,1212522.4572071568,17627,65,65,0,1
3865,1121914.154816825,1121914.1551168337,17627,65,65,0,1
3866,1078496.8181422525,1078496.8184422504,17627,65,65,0,1
3867,1078750.8027521065,1078750.8030521167,17627,65,65,0,1
3868,1093572.0136200315,1093572.0139200264,17627,65,65,0,1
3869,1079896.9121369382,1079896.9124369372,17627,65,65,0,1
3870,1075343.254657214,1075343.254957207,17627,65,65,0,1
3871,952109.9224383696,952971.0919534347,17627,65,66,1,2
3872,857964.7689535597,869296.3537955568,17627,65,67,1,2
3873,773596.3742244894,773596.374524489,17627,65,65,0,1
3874,762136.7470481923,762172.9439771927,17627,65,66,1,2
3875,807551.0225412312,807681.922645478,17627,65,68,1,2
3876,843331.4985969652,843482.56703031,17627,65,68,1,2
3877,795271.2129494261,795449.3170687959,17627,65,68,1,2
3878,748954.2007696201,749113.9129291063,17627,65,68,1,2
3879,796761.586322256,796761.5866222556,17627,65,65,0,1
3880,915514.3164027387,917270.859351236,17627,65,66,1,2
3881,1163885.811211611,1170890.5816625878,17627,65,68,3,2
3882,1479837.9961613386,1479837.9963803343,17627,65,65,0,1
3883,1663513.9330324861,1663513.9333324856,17627,65,65,0,1
3884,1698164.5582498894,1698164.558549889,17627,65,65,0,1
3885,1685119.4572358578,1685119.4575358578,17627,65,65,0,1
3886,1647925.5104128455,1647925.5107128453,17627,65,65,0,1
3887,1478370.3889685157,1478370.3892685154,17627,65,65,0,1
3888,1311136.6085130905,1311136.6087348363,17627,65,65,0,1
3889,1222943.5104768297,1222943.5107667076,17627,65,65,0,1
3890,1172175.1164728538,1172175.1167728398,17627,65,65,0,1
3891,1164889.1388613088,1164889.1391613032,17627,65,65,0,1
3892,1216006.4640959399,1216006.4643845211,17627,65,65,0,1
3893,1427951.7615414364,1427951.7618193028,17627,65,65,0,1
3894,1882288.326268048,1882288.3265680475,17627,65,65,0,1
3895,2043422.035993859,2043459.9364672243,17627,65,67,2,2
3896,2009528.1117321695,2009733.0054277966,17627,65,67,2,2
3897,1817617.2673472343,1820619.154409069,17627,65,68,3,3
3898,1713386.5076796066,1730720.0368748656,17627,65,68,3,2
3899,1664628.0945542988,1698864.0066122096,17627,65,69,3,2
3900,1657272.058821531,1687276.9986724022,17627,65,69,3,2
3901,1635996.1570335305,1669366.4247536743,17627,65,69,3,2
3902,1636787.5708171302,1656590.1056480063,17627,65,68,3,2
3903,1798633.813237754,1799061.1854824948,17627,65,67,2,2
3904,1822805.6811393732,1823174.3385541015,17627,65,67,2,2
3905,2013576.8299113698,2013739.4453328506,17627,65,67,2,2
3906,2176218.9010642627,2176218.9013642636,17627,65,65,0,1
3907,2225777.8590782676,2225777.8593782675,17627,65,65,0,1
3908,2172673.5934122954,2172673.593712296,17627,65,65,0,1
3909,2039565.4318480948,2039565.4321480948,17627,65,65,0,1
3910,1912177.5579246297,1912177.5582246296,17627,65,65,0,1
3911,1671211.2831648176,1671211.2834648178,17627,65,65,0,1
3912,1521234.3501969348,1521234.3504969347,17627,65,65,0,1
3913,1437225.9386263886,1437225.9389218942,17627,65,65,0,1
3914,1424929.336113953,1424929.336398317,17627,65,65,0,1
3915,1432058.3052143082,1432058.3055020967,17627,65,65,0,1
3916,1511975.5540569474,1511975.5543569473,17627,65,65,0,1
3917,1646451.3858824063,1646451.3861824062,17627,65,65,0,1
3918,1942768.0373368068,1942768.0376368065,17627,65,65,0,1
3919,2086325.797058912,2086325.797358912,17627,65,65,0,1
3920,2027371.7810588635,2027436.4385721684,17627,65,67,2,2
3921,1772458.5391811882,1772930.1086244872,17627,65,67,2,2
3922,1579001.5318362783,1602484.6350496055,17627,65,69,3,2
3923,1514839.5983370554,1544478.9263920686,17627,65,72,3,2
3924,1333384.5174893308,1388770.6892193551,17627,65,95,3,2
3925,1241556.4733526094,1265735.7309222757,17627,65,210,3,3
3926,1229011.239462289,1250444.038632132,17627,65,74,3,2
3927,1259241.5638778536,1281020.4278297215,17627,65,70,3,2
3928,1352409.0243654787,1369357.7083688907,17627,65,70,3,2
3929,1536689.4255895596,1543813.6668791613,17627,65,68,3,2
3930,1773384.165419868,1773624.6647594043,17627,65,69,2,2
3931,1931148.8140558493,1931152.1882759812,17627,65,67,2,2
3932,1889701.8950494593,1889701.8953494593,17627,65,65,0,1
3933,1773850.5723508266,1773850.5726508258,17627,65,65,0,1
3934,1611489.8103229385,1611489.8106229382,17627,65,65,0,1
3935,1388910.2183456111,1388910.218577217,17627,65,65,0,1
3936,1321017.9564243779,1321017.956644928,17627,65,65,0,1
3937,1251286.4209909905,1251286.4212484693,17627,65,65,0,1
3938,1248074.67253462,1248074.672781436,17627,65,65,0,1
3939,1288034.8752753064,1288034.8754850172,17627,65,65,0,1
3940,1393116.694981537,1393116.6952432285,17627,65,65,0,1
3941,1532357.1070145192,1532357.1073145191,17627,65,65,0,1
3942,1856583.8233981053,1856583.8236981055,17627,65,65,0,1
3943,1931561.3514247653,1931667.1400174024,17627,65,67,2,2
3944,1862628.50691232,1863091.867351012,17627,65,69,2,2
3945,1733460.5166229755,1746264.402515758,17627,65,68,3,2
3946,1602718.275956437,1627655.994245332,17627,65,70,3,2
3947,1525736.896218775,1555781.238023609,17627,65,71,3,2
3948,1416006.6066524102,1451559.0810600724,17627,65,76,3,2
3949,1398370.9580420791,1430788.3756576169,17627,65,76,3,2
3950,1406265.7391154154,1433025.0786557936,17627,65,71,3,2
3951,1517559.8737332718,1540743.0376976891,17627,65,68,3,2
3952,1618734.5824031108,1626901.9069056872,17627,65,68,3,2
3953,1772775.889595279,1773079.4969405478,17627,65,67,2,2
3954,1940048.771433227,1940130.7687965399,17627,65,67,2,2
3955,2011914.3405399928,2011914.3408399932,17627,65,65,0,1
3956,1906702.254442148,1906702.2547421476,17627,65,65,0,1
3957,1765471.7295281752,1765471.7298281752,17627,65,65,0,1
3958,1700993.276172992,1700993.276472992,17627,65,65,0,1
3959,1571721.2610624232,1571721.2613624232,17627,65,65,0,1
3960,1430472.4349775505,1430472.4352054663,17627,65,65,0,1
3961,1352922.5162961432,1352922.516521721,17627,65,65,0,1
3962,1328991.2702866674,1328991.2705228967,17627,65,65,0,1
3963,1343120.0302885578,1343120.0305134745,17627,65,65,0,1
3964,1406454.9708477876,1406454.9710648537,17627,65,65,0,1
3965,1510130.0108786789,1510130.0111727235,17627,65,65,0,1
3966,1825804.0349441147,1825804.0352441138,17627,65,65,0,1
3967,1997969.748406066,1997981.8038450181,17627,65,67,2,2
3968,2033157.7862816467,2033236.0860560522,17627,65,67,2,2
3969,1925467.8003761466,1925694.9079210085,17627,65,69,2,2
3970,1839835.9876143876,1840383.5953359539,17627,65,69,2,2
3971,1757031.8116135718,1762710.8170533113,17627,65,68,3,3
3972,1595519.532819222,1613169.5482553132,17627,65,68,3,2
3973,1496913.3111244633,1514848.222059141,17627,65,68,3,2
3974,1436605.934885016,1449617.158155899,17627,65,68,3,2
3975,1393310.7290348555,1405258.427573877,17627,65,68,3,2
3976,1374363.63578061,1383711.3831309788,17627,65,68,3,2
3977,1514647.3474182663,1516756.4952562319,17627,65,68,3,2
3978,1719721.1137351473,1719721.1140250708,17627,65,65,0,1
3979,1896715.450977843,1896715.4512778432,17627,65,65,0,1
3980,1888844.3773182703,1888844.37761827,17627,65,65,0,1
3981,1788074.6173040664,1788074.6176040664,17627,65,65,0,1
3982,1704393.5735944556,1704393.5738944553,17627,65,65,0,1
3983,1465189.6594174807,1465189.6596925661,17627,65,65,0,1
3984,1368089.528099151,1368089.528316289,17627,65,65,0,1
3985,1319055.7216534757,1319055.7218645418,17627,65,65,0,1
3986,1281933.2907224032,1281933.2909585235,17627,65,65,0,1
3987,1276645.8109030195,1276645.811135622,17627,65,65,0,1
3988,1347773.6062887046,1347773.6064984156,17627,65,65,0,1
3989,1457343.8692392297,1457343.8695122164,17627,65,65,0,1
3990,1744497.288450297,1744497.2887502967,17627,65,65,0,1
3991,1868590.2009904562,1868764.4969682368,17627,65,67,2,2
3992,1823747.8203325253,1824175.8432686545,17627,65,68,3,3
3993,1724593.0635702708,1739304.1349003972,17627,65,68,3,2
3994,1744248.873926432,1763621.9462694395,17627,65,68,3,2
3995,1812895.0547017874,1826666.2586878724,17627,65,68,3,2
3996,1803769.5484004663,1812930.1584620792,17627,65,68,3,2
3997,1620183.813877721,1640836.5305184212,17627,65,68,3,2
3998,1419921.7997094425,1445454.6755670398,17627,65,70,3,2
3999,1300325.5106901128,1317116.978731763,17627,65,69,1,2
4000,1333922.1175602623,1346083.662681607,17627,65,68,3,2
4001,1489575.0876302787,1489624.6232409906,17627,65,67,2,2
4002,1683762.1148768272,1683762.1151333852,17627,65,65,0,1
4003,1873412.9140028136,1873412.9143028134,17627,65,65,0,1
4004,1973186.1974527026,1973186.1977527025,17627,65,65,0,1
4005,1922931.0956764864,1922931.0959764866,17627,65,65,0,1
4006,1768584.755458592,1768584.755758592,17627,65,65,0,1
4007,1613335.1164696002,1613335.1167696002,17627,65,65,0,1
4008,1452852.4897486637,1452852.490018522,17627,65,65,0,1
4009,1369671.7641040962,1369671.7643194906,17627,65,65,0,1
4010,1324950.8517618882,1324950.8519745474,17627,65,65,0,1
4011,1291659.2357339242,1291659.235967363,17627,65,65,0,1
4012,1253623.5671429462,1253623.567404105,17627,65,65,0,1
4013,1237624.7832074412,1237624.7835014712,17627,65,65,0,1
4014,1270112.575455173,1270112.57573477,17627,65,65,0,1
4015,1281741.2606801663,1281741.2609801614,17627,65,65,0,1
4016,1287163.1991497176,1291565.072854488,17627,65,68,3,2
4017,1214256.8386272704,1226990.00657336,17627,65,68,3,3
4018,1187960.1142251492,1202230.694454991,17627,65,68,1,2
4019,1121066.471638742,1127430.277474382,17627,65,66,1,2
4020,1016506.4708776458,1016506.4711776453,17627,65,65,0,1
4021,885631.1902310458,885631.1905310453,17627,65,65,0,1
4022,789118.7980662455,789118.7983662451,17627,65,65,0,1
4023,798682.6908632504,798682.6911632498,17627,65,65,0,1
4024,919089.1794844699,919089.1797844699,17627,65,65,0,1
4025,1115089.1573726847,1115089.1576726846,17627,65,65,0,1
4026,1300185.3023331123,1300185.3026331097,17627,65,65,0,1
4027,1377861.5302247207,1377861.5304783306,17627,65,65,0,1
4028,1317101.068492438,1317101.068751011,17627,65,65,0,1
4029,1253435.64747163,1253435.6477668777,17627,65,65,0,1
4030,1173928.5602148962,1173928.5605148938,17627,65,65,0,1
4031,1043913.7866141747,1043913.7869141691,17627,65,65,0,1
4032,888882.537145261,888882.5374452614,17627,65,65,0,1
4033,787867.0760150277,787867.0762770326,17627,65,65,0,1
4034,731399.7682939623,731399.7685287237,17627,65,65,0,1
4035,672912.4480055384,672912.4482143975,17627,65,65,0,1
4036,656359.4373025523,656359.4375028007,17627,65,65,0,1
4037,619839.9654328432,619839.9656464837,17627,65,65,0,1
4038,605419.1738416278,605419.1740449251,17627,65,65,0,1
4039,544330.2198925437,544330.2200958784,17627,65,65,0,1
4040,506782.92287094094,506782.9230494883,17627,65,65,0,1
4041,485236.27139805304,485236.27155574487,17627,65,65,0,1
4042,465368.55909990636,465368.5592720593,17627,65,65,0,1
4043,448151.467655662,448151.46785890183,17627,65,65,0,1
4044,421553.53413081425,421553.53434553934,17627,65,65,0,1
4045,331181.4519509352,331181.4521658711,17627,65,65,0,1
4046,305031.4629955924,305031.4632244175,17627,65,65,0,1
4047,306834.95765940927,306834.95787110983,17627,65,65,0,1
4048,384604.73872071755,384604.73899215367,17627,65,65,0,1
4049,576969.2843001322,576969.2846001319,17627,65,65,0,1
4050,911334.6775250117,911334.6778250117,17627,65,65,0,1
4051,1197550.0566832107,1197550.056983202,17627,65,65,0,1
4052,1310696.1137847046,1310696.1140643584,17627,65,65,0,1
4053,1261140.957190152,1261140.9574901506,17627,65,65,0,1
4054,1312433.7782473466,1312433.7785240868,17627,65,65,0,1
4055,1222252.8049922509,1222252.8052922455,17627,65,65,0,1
4056,1040812.592708251,1040812.5930082506,17627,65,65,0,1
4057,973794.285852121,973794.286152121,17627,65,65,0,1
4058,965082.4598408355,965082.4601408357,17627,65,65,0,1
4059,959012.5429211056,959012.5432134179,17627,65,65,0,1
4060,979814.1034806196,979814.1037691359,17627,65,65,0,1
4061,1083751.800353441,1083751.8006534416,17627,65,65,0,1
4062,1425752.8120645462,1425752.8123158156,17627,65,65,0,1
4063,1580321.21853304,1580321.218744478,17627,65,65,0,1
4064,1551132.1527007162,1551178.3941741309,17627,65,67,2,2
4065,1511262.9882894885,1511552.497452984,17627,65,67,2,2
4066,1435774.7627027594,1435891.8169796898,17627,65,67,2,2
4067,1364588.3682358274,1364671.3664565184,17627,65,67,2,2
4068,1192309.962339574,1192380.1097125728,17627,65,67,2,2
4069,1109452.713308137,1109452.7136081369,17627,65,65,0,1
4070,1217914.7528773476,1217968.2431633037,17627,65,67,2,2
4071,1307585.1143188418,1307659.0319151888,17627,65,67,2,2
4072,1428724.795601352,1428780.912269206,17627,65,67,2,2
4073,1581946.294407304,1581946.294679799,17627,65,65,0,1
4074,1739075.2809653527,1739075.2812653529,17627,65,65,0,1
4075,1923864.3781759397,1923864.378475939,17627,65,65,0,1
4076,1957898.662886588,1957898.6631865876,17627,65,65,0,1
4077,1886555.4606304606,1886555.4609304604,17627,65,65,0,1
4078,1763072.6677974632,1763072.668097463,17627,65,65,0,1
4079,1529905.2113915186,1529905.2116592,17627,65,65,0,1
4080,1384523.5509555219,1384523.5511868005,17627,65,65,0,1
4081,1350641.4085093746,1350641.4087606699,17627,65,65,0,1
4082,1307749.0740381386,1307749.0743171417,17627,65,65,0,1
4083,1332681.5744331172,1332681.5746901117,17627,65,65,0,1
4084,1411942.4842152386,1411942.4844203664,17627,65,65,0,1
4085,1497209.8954946161,1497209.8957680918,17627,65,65,0,1
4086,1813566.1592245519,1813566.1595245516,17627,65,65,0,1
4087,1952599.7886156358,1952659.2953233733,17627,65,67,2,2
4088,1856529.6496561598,1856781.2471998318,17627,65,67,2,2
4089,1713921.0373204253,1714135.0302431106,17627,65,67,2,2
4090,1664285.893446785,1664434.8047782953,17627,65,67,2,2
4091,1714836.9648387346,1714989.0902479703,17627,65,67,2,2
4092,1752808.8062512726,1753035.0447273683,17627,65,67,2,2
4093,1719876.3190991026,1720189.1080009334,17627,65,67,2,2
4094,1699947.0526970862,1700979.6334923438,17627,65,68,3,3
4095,1729457.8130526692,1730819.7277966696,17627,65,68,3,3
4096,1804045.5028717062,1804197.7153303218,17627,65,67,2,2
4097,1924623.2084158154,1924740.4793470765,17627,65,67,2,2
4098,2076471.380774321,2076471.3810743215,17627,65,65,0,1
4099,2163638.9994974537,2163638.9997974536,17627,65,65,0,1
4100,2133601.5607977677,2133601.5610977677,17627,65,65,0,1
4101,2025133.849349476,2025133.8496494757,17627,65,65,0,1
4102,1897017.053042518,1897017.0533425172,17627,65,65,0,1
4103,1670873.0072873598,1670873.0075873598,17627,65,65,0,1
4104,1499497.244519549,1499497.244819549,17627,65,65,0,1
4105,1397137.5070772702,1397137.5073500425,17627,65,65,0,1
4106,1342919.3738515798,1342919.3740987885,17627,65,65,0,1
4107,1349687.4409938832,1349687.4412597676,17627,65,65,0,1
4108,1388950.4251815602,1388950.4254792149,17627,65,65,0,1
4109,1504623.6743845153,1504623.6746845152,17627,65,65,0,1
4110,1805606.3743821373,1805606.3746821375,17627,65,65,0,1
4111,1990238.6148389962,1990238.6151389962,17627,65,65,0,1
4112,2033342.0988436593,2033342.0991436595,17627,65,65,0,1
4113,1928385.7244314821,1928473.6132447293,17627,65,67,2,2
4114,1887374.776430219,1887548.092015885,17627,65,67,2,2
4115,1884122.8601798066,1884457.6761597553,17627,65,69,2,2
4116,1672217.5694954763,1681367.406062971,17627,65,68,3,2
4117,1538558.4954930232,1562112.9312199308,17627,65,69,3,2
4118,1454006.5193774214,1478642.4357026035,17627,65,69,3,2
4119,1524034.3262708667,1544761.7811513026,17627,65,69,3,2
4120,1643846.0784753403,1652249.2102980053,17627,65,68,3,2
4121,1802241.7547005839,1802558.9995662505,17627,65,67,2,2
4122,1939431.9404887843,1939504.445450653,17627,65,67,2,2
4123,2054116.7074725523,2054116.7077725523,17627,65,65,0,1
4124,2024098.5792169261,2024098.579516926,17627,65,65,0,1
4125,1914137.7632081134,1914137.763508114,17627,65,65,0,1
4126,1818114.9856107892,1818114.9859107889,17627,65,65,0,1
4127,1609292.065749215,1609292.0660492147,17627,65,65,0,1
4128,1440491.1759787034,1440491.1761970678,17627,65,65,0,1
4129,1386430.5413318558,1386430.5415486067,17627,65,65,0,1
4130,1351682.787380991,1351682.7876185896,17627,65,65,0,1
4131,1386488.3493985557,1386488.349613224,17627,65,65,0,1
4132,1441456.4592028256,1441456.4594311384,17627,65,65,0,1
4133,1554712.6008629063,1554712.6011629063,17627,65,65,0,1
4134,1889002.1074790824,1889002.107779082,17627,65,65,0,1
4135,2032753.1076224141,2032753.1079224143,17627,65,65,0,1
4136,2001756.3847076881,2001778.8342666288,17627,65,67,2,2
4137,1872769.0704331691,1872862.8271034737,17627,65,67,2,2
4138,1818074.7910983996,1818361.1263622239,17627,65,69,2,2
4139,1804252.7010291049,1804541.627981785,17627,65,69,2,2
4140,1712356.7587138508,1712482.84385551,17627,65,67,2,2
4141,1665030.3006095607,1665057.201751554,17627,65,67,2,2
4142,1659908.2107082685,1659908.2109863583,17627,65,65,0,1
4143,1708269.1379418252,1708269.138241825,17627,65,65,0,1
4144,1724193.9790793224,1724193.9793793224,17627,65,65,0,1
4145,1833560.2070495198,1833560.2073495197,17627,65,65,0,1
4146,1977856.101334569,1977856.101634569,17627,65,65,0,1
4147,2085422.0781860878,2085422.078486088,17627,65,65,0,1
4148,1987372.8276813156,1987372.8279813149,17627,65,65,0,1
4149,1932934.5744241804,1932934.5747241802,17627,65,65,0,1
4150,1754936.2812155895,1754936.2815155894,17627,65,65,0,1
4151,1501804.6196989121,1501804.6199716367,17627,65,65,0,1
4152,1330570.8709964557,1330570.8712557254,17627,65,65,0,1
4153,1229666.9460713505,1229666.946371337,17627,65,65,0,1
4154,1177387.5564611892,1177387.5567611838,17627,65,65,0,1
4155,1198848.5718103473,1198848.57211034,17627,65,65,0,1
4156,1264182.2436799984,1264182.243979993,17627,65,65,0,1
4157,1359467.7946505672,1359467.7948960362,17627,65,65,0,1
4158,1640230.9901249274,1640230.9904249273,17627,65,65,0,1
4159,1655068.341937913,1655068.342237913,17627,65,65,0,1
4160,1510145.986697576,1510175.0176945347,17627,65,67,2,2
4161,1305084.5869149317,1305199.4979062164,17627,65,67,2,2
4162,1210890.4773640835,1214914.940092247,17627,65,68,3,2
4163,1209101.367609486,1209244.6768901763,17627,65,67,2,2
4164,1201227.195275886,1201764.4354785962,17627,65,68,3,3
4165,1147392.8685329133,1149053.310260583,17627,65,68,3,3
4166,1155241.8791816744,1155369.698588477,17627,65,67,2,2
4167,1135089.6693210697,1135174.9026051764,17627,65,67,2,2
4168,1184674.877273351,1184732.3859959673,17627,65,67,2,2
4169,1334249.9229844706,1334249.9232844752,17627,65,65,0,1
4170,1470491.5670932364,1470491.5673284526,17627,65,65,0,1
4171,1592067.3695800593,1592067.3698661346,17627,65,65,0,1
4172,1499955.5898229613,1499955.5900490521,17627,65,65,0,1
4173,1396645.1651165746,1396645.1653761198,17627,65,65,0,1
4174,1393334.5057641144,1393334.5060274415,17627,65,65,0,1
4175,1359872.570061361,1359872.570343162,17627,65,65,0,1
4176,1276475.575472131,1276475.5757721292,17627,65,65,0,1
4177,1207492.0506841803,1207492.0509841805,17627,65,65,0,1
4178,1148517.6313943602,1148517.6316943578,17627,65,65,0,1
4179,1119444.7873197305,1119444.78761973,17627,65,65,0,1
4180,1137446.8558557983,1137446.8561557992,17627,65,65,0,1
4181,1133239.1201728121,1133239.120472812,17627,65,65,0,1
4182,1179804.5776326903,1179804.57793269,17627,65,65,0,1
4183,1221109.4068308168,1221109.4071308163,17627,65,65,0,1
4184,1211567.0204062029,1211584.6429900418,17627,65,67,2,2
4185,1142218.6220670268,1146059.5960736964,17627,65,66,1,2
4186,1097833.3876556307,1102071.72866913,17627,65,66,1,2
4187,1017534.1737408821,1017534.1740408819,17627,65,65,0,1
4188,897700.9937226484,897700.9940226482,17627,65,65,0,1
4189,824555.2167000129,824555.2170000125,17627,65,65,0,1
4190,780108.391394959,780108.3916949583,17627,65,65,0,1
4191,802844.8067813641,802844.8070813639,17627,65,65,0,1
4192,898376.8008565279,898376.8011565278,17627,65,65,0,1
4193,1083428.8537992905,1085376.707754928,17627,65,68,3,2
4194,1344044.273380924,1344044.2736751987,17627,65,65,0,1
4195,1569692.2663971581,1569692.266697158,17627,65,65,0,1
4196,1600607.2925743156,1600607.2928743153,17627,65,65,0,1
4197,1555349.3650729961,1555349.3653729958,17627,65,65,0,1
4198,1513377.241189471,1513377.241489471,17627,65,65,0,1
4199,1353399.0176531689,1353399.017886969,17627,65,65,0,1
4200,1193412.7841211306,1193412.78439761,17627,65,65,0,1
4201,1099414.459908897,1099414.4602088956,17627,65,65,0,1
4202,1023518.4815820844,1023518.481882081,17627,65,65,0,1
4203,1006027.1478547299,1006027.1481475788,17627,65,65,0,1
4204,1015431.3506648827,1015431.35095497,17627,65,65,0,1
4205,1019557.9959692892,1019557.996258357,17627,65,65,0,1
4206,979832.7893168452,979832.7895978399,17627,65,65,0,1
4207,901092.6847065602,901092.6849929065,17627,65,65,0,1
4208,837075.8640600606,844912.8258754681,17627,65,66,1,2
4209,750012.2096439822,750012.2099439821,17627,65,65,0,1
4210,655248.8093062186,655248.8096062178,17627,65,65,0,1
4211,658948.1148645544,659078.6223161063,17627,65,66,1,2
4212,677589.0494432384,678529.3104589155,17627,65,68,1,2
4213,664797.963738071,672915.8680116641,17627,65,68,1,2
4214,658619.2451181457,658741.041605856,17627,65,66,1,2
4215,738782.2271405462,738782.2274405453,17627,65,65,0,1
4216,853180.2405651106,858482.7048243958,17627,65,66,1,2
4217,1016801.0320924842,1022729.7400952562,17627,65,66,1,2
4218,1188476.3566231807,1188476.3569231825,17627,65,65,0,1
4219,1352052.0809149058,1352052.0811652548,17627,65,65,0,1
4220,1442695.3186432854,1442695.318943285,17627,65,65,0,1
4221,1472449.0040217456,1472449.0043217456,17627,65,65,0,1
4222,1619204.478783052,1619204.4790830514,17627,65,65,0,1
4223,1520726.2897037514,1520726.2900037514,17627,65,65,0,1
4224,1325183.3320135688,1325183.3322643843,17627,65,65,0,1
4225,1233441.6903044905,1233441.6905219262,17627,65,65,0,1
4226,1206856.7190901712,1206856.719332455,17627,65,65,0,1
4227,1200901.4087088383,1200901.408957578,17627,65,65,0,1
4228,1248448.9624236666,1248448.962637092,17627,65,65,0,1
4229,1357486.4893409587,1357486.489601384,17627,65,65,0,1
4230,1708699.8905626768,1708699.8908626768,17627,65,65,0,1
4231,1830143.9710880402,1830170.5206104899,17627,65,67,2,2
4232,1743248.4369865912,1743625.2190133347,17627,65,67,2,2
4233,1587366.528406389,1594384.7840328806,17627,65,68,3,2
4234,1511543.5485180067,1528232.199862612,17627,65,68,3,2
4235,1517078.0426041423,1531088.4290531524,17627,65,68,3,2
4236,1422584.1525078309,1436136.2056061751,17627,65,68,3,2
4237,1384329.9184673973,1396605.1634743034,17627,65,68,3,2
4238,1371350.4274707143,1382126.2445860833,17627,65,68,3,2
4239,1387061.6906051897,1395621.47963234,17627,65,68,3,2
4240,1437388.798005397,1437520.8693047236,17627,65,67,2,2
4241,1590066.5287560709,1590225.0491835468,17627,65,67,2,2
4242,1797118.4109079945,1797118.4112079944,17627,65,65,0,1
4243,1992836.677603905,1992836.677903905,17627,65,65,0,1
4244,2007047.0501985517,2007047.0504985515,17627,65,65,0,1
4245,1990235.9883109764,1990235.9886109757,17627,65,65,0,1
4246,1939431.1791791434,1939431.1794791433,17627,65,65,0,1
4247,1689197.265499991,1689197.2657999904,17627,65,65,0,1
4248,1527013.9860716597,1527013.9863716597,17627,65,65,0,1
4249,1427588.5136547708,1427588.5139547708,17627,65,65,0,1
4250,1333478.661145511,1333478.6614170654,17627,65,65,0,1
4251,1376147.9802748659,1376147.9805588943,17627,65,65,0,1
4252,1428314.8575031068,1428314.8578031068,17627,65,65,0,1
4253,1541458.3540765299,1541458.3543765296,17627,65,65,0,1
4254,1866264.0858789925,1866264.086178991,17627,65,65,0,1
4255,1926681.25030844,1926691.0817874377,17627,65,67,2,2
4256,1844644.104291019,1844751.179944917,17627,65,67,2,2
4257,1652791.8590692733,1653075.813656235,17627,65,67,2,2
4258,1519606.1724898466,1527253.1396420246,17627,65,68,3,2
4259,1423211.7478463436,1439322.4556026016,17627,65,70,3,2
4260,1366454.794170011,1385283.667866753,17627,65,70,3,2
4261,1277383.336787945,1294160.6907498497,17627,65,68,3,2
4262,1210668.2762102426,1220411.7285279473,17627,65,66,1,2
4263,1265372.714253748,1272059.7023660399,17627,65,66,1,2
4264,1390989.4654022765,1397474.0238191679,17627,65,70,3,3
4265,1593602.7653916143,1593814.2530658746,17627,65,69,2,2
4266,1842117.9627223846,1842155.352200308,17627,65,67,2,2
4267,2073945.542732023,2073975.7992314554,17627,65,69,2,2
4268,2107067.436878101,2107067.437178101,17627,65,65,0,1
4269,2039592.9145513508,2039592.9148513502,17627,65,65,0,1
4270,1938509.2993838852,1938509.2996838856,17627,65,65,0,1
4271,1724704.39914133,1724704.3994413302,17627,65,65,0,1
4272,1557431.2654975152,1557431.2657624658,17627,65,65,0,1
4273,1473516.7714686901,1473516.7716890464,17627,65,65,0,1
4274,1459851.9140058141,1459851.9142383572,17627,65,65,0,1
4275,1425219.9479436008,1425219.9481753537,17627,65,65,0,1
4276,1457148.5933646143,1457148.593642896,17627,65,65,0,1
4277,1557833.6048578003,1557833.6051578003,17627,65,65,0,1
4278,1858270.345811189,1858270.3461111884,17627,65,65,0,1
4279,1928453.5071115713,1928534.9242252745,17627,65,67,2,2
4280,1877689.1928011805,1878270.8372808127,17627,65,69,2,2
4281,1741328.5439137723,1749200.1356050966,17627,65,68,3,2
4282,1746395.3471073166,1757523.6875141193,17627,65,68,3,2
4283,1776268.815969475,1792325.366560768,17627,65,70,3,2
4284,1677352.4036827127,1705584.017685737,17627,65,68,3,2
4285,1601216.2280149702,1631901.1825449495,17627,65,71,3,2
4286,1588903.5993050104,1616078.0153029645,17627,65,69,3,2
4287,1611315.9096440645,1631701.28402873,17627,65,68,3,2
4288,1673959.1140587616,1681063.0754947101,17627,65,68,3,2
4289,1846076.2889807168,1846354.832443098,17627,65,67,2,2
4290,2062182.8940829583,2062182.8943829578,17627,65,65,0,1
4291,2204465.0557165146,2204465.0560165145,17627,65,65,0,1
4292,2170849.459236429,2170849.459536429,17627,65,65,0,1
4293,2106598.652341446,2106598.652641446,17627,65,65,0,1
4294,1940542.396405527,1940542.3967055269,17627,65,65,0,1
4295,1731632.774237005,1731632.7745370043,17627,65,65,0,1
4296,1546228.8970274027,1546228.8973274024,17627,65,65,0,1
4297,1428522.3206090792,1428522.3209090792,17627,65,65,0,1
4298,1371525.1843895658,1371525.184664816,17627,65,65,0,1
4299,1373792.5892951218,1373792.589578231,17627,65,65,0,1
4300,1465270.7970435605,1465270.7973435605,17627,65,65,0,1
4301,1576259.851390786,1576259.851690786,17627,65,65,0,1
4302,1906643.361099434,1906643.3613994343,17627,65,65,0,1
4303,2030613.5324317697,2030613.5327317696,17627,65,65,0,1
4304,1942218.21908527,1942491.1494707034,17627,65,67,2,2
4305,1770843.5626089773,1779652.3605036414,17627,65,68,3,2
4306,1642612.0116017405,1665043.2700145855,17627,65,68,3,2
4307,1587151.0834656772,1616021.80528971,17627,65,69,3,2
4308,1456357.6514871584,1486999.145349417,17627,65,74,3,2
4309,1421897.3060820426,1459605.4248207118,17627,65,74,3,2
4310,1396210.0232815747,1426622.618156119,17627,65,72,3,2
4311,1494276.215822312,1517462.2302188748,17627,65,70,3,2
4312,1652313.0532601522,1667605.46668212,17627,65,68,3,2
4313,1831275.9771062178,1831606.5752566613,17627,65,67,2,2
4314,2041766.6988259559,2041839.157122746,17627,65,67,2,2
4315,2157088.220990561,2157088.2212905614,17627,65,65,0,1
4316,1978554.179350451,1978554.179650451,17627,65,65,0,1
4317,1828661.2139731054,1828661.2142731056,17627,65,65,0,1
4318,1792605.6759481078,1792605.676248107,17627,65,65,0,1
4319,1759395.2828148666,1759395.2831148664,17627,65,65,0,1
4320,1631817.3536794588,1631817.3539794588,17627,65,65,0,1
4321,1505221.4916706008,1505221.4919706008,17627,65,65,0,1
4322,1485366.695390351,1485366.6956903508,17627,65,65,0,1
4323,1469283.9944474748,1469283.9947474748,17627,65,65,0,1
4324,1538292.4747592877,1538292.4750592876,17627,65,65,0,1
4325,1617039.366268395,1617039.366568395,17627,65,65,0,1
4326,1942008.768162239,1942008.7684622388,17627,65,65,0,1
4327,2058881.3787525438,2058924.9995626507,17627,65,67,2,2
4328,2000384.5428339436,2001040.1045397664,17627,65,69,2,2
4329,1799746.1576789063,1816276.9502034439,17627,65,68,3,2
4330,1671568.2027586764,1710900.4705623055,17627,65,69,3,2
4331,1676971.0816112622,1736253.037735286,17627,65,74,3,2
4332,1693656.829519307,1767780.9562957892,17627,65,76,3,2
4333,1750843.1557784183,1824280.1044391152,17627,65,79,3,2
4334,1730422.5200437042,1795531.16871122,17627,65,74,3,2
4335,1668274.158959854,1705253.867362205,17627,65,70,3,2
4336,1644453.7474754285,1663891.597041968,17627,65,68,3,2
4337,1806346.9589361274,1807571.1841402533,17627,65,68,3,3
4338,1985235.9581559817,1985302.4996341309,17627,65,67,2,2
4339,2060459.2490548738,2060459.2493548738,17627,65,65,0,1
4340,1943779.2404880547,1943779.2407880551,17627,65,65,0,1
4341,1789662.62702368,1789662.62732368,17627,65,65,0,1
4342,1737702.843842293,1737702.8441422926,17627,65,65,0,1
4343,1584707.8554833,1584707.8557833,17627,65,65,0,1
4344,1423384.975624491,1423384.9758397914,17627,65,65,0,1
4345,1341160.9829016805,1341160.98315057,17627,65,65,0,1
4346,1263508.1576160572,1263508.1579160583,17627,65,65,0,1
4347,1220136.2308003686,1220136.2311003674,17627,65,65,0,1
4348,1222703.7754235403,1222703.7757235433,17627,65,65,0,1
4349,1200009.6869746696,1200009.6872746628,17627,65,65,0,1
4350,1274869.8703793855,1274869.870679372,17627,65,65,0,1
4351,1333757.8746057076,1333757.874905706,17627,65,65,0,1
4352,1320680.4065355218,1322957.931998721,17627,65,68,3,3
4353,1172173.4664134916,1185701.7966659977,17627,65,68,3,2
4354,1030217.120945364,1033529.4653182176,17627,65,66,1,2
4355,900030.7806710191,900030.7809710184,17627,65,65,0,1
4356,809401.5737399992,809467.3439443386,17627,65,66,1,2
4357,742260.7172823988,746187.4508572179,17627,65,66,1,2
4358,701063.3514718623,705561.8906925002,17627,65,66,1,2
4359,803224.5851553457,803224.5854553451,17627,65,65,0,1
4360,926192.1070363952,926192.1073363951,17627,65,65,0,1
4361,1139394.3110133964,1141678.4338828162,17627,65,66,1,2
4362,1378518.7454113546,1378518.7457113515,17627,65,65,0,1
4363,1480597.503489813,1480597.503710241,17627,65,65,0,1
4364,1424801.8885388877,1424801.8888262687,17627,65,65,0,1
4365,1302095.1164119593,1302095.1167119576,17627,65,65,0,1
4366,1293220.0212993836,1293220.0215993784,17627,65,65,0,1
4367,1207637.6023139455,1207637.602613946,17627,65,65,0,1
4368,1139567.5157721636,1139567.5160721638,17627,65,65,0,1
4369,1048674.3408423713,1048674.3411423713,17627,65,65,0,1
4370,981985.1144467964,981985.1147467962,17627,65,65,0,1
4371,947124.6934735081,947124.6937735078,17627,65,65,0,1
4372,952912.7678147925,952912.7681147924,17627,65,65,0,1
4373,965244.4445876665,965244.4448876663,17627,65,65,0,1
4374,1002180.4773430668,1002180.4776430667,17627,65,65,0,1
4375,950938.6808998968,950938.6811998966,17627,65,65,0,1
4376,858796.8378696213,858796.8381696213,17627,65,65,0,1
4377,842307.5662588619,842307.5665588616,17627,65,65,0,1
4378,781211.4078958571,781211.4081958566,17627,65,65,0,1
4379,821480.8206669594,821480.820966959,17627,65,65,0,1
4380,810905.5987263271,810905.5990263266,17627,65,65,0,1
4381,720539.0230565788,720539.0233565847,17627,65,65,0,1
4382,696483.471932331,696483.4722323465,17627,65,65,0,1
4383,732594.5068347055,732594.5071347051,17627,65,65,0,1
4384,819196.1621191155,819196.1624191151,17627,65,65,0,1
4385,1004497.6394029417,1005501.3484839747,17627,65,66,1,2
4386,1220302.891966659,1220302.8922666588,17627,65,65,0,1
4387,1394210.871529941,1394210.8718299458,17627,65,65,0,1
4388,1483779.8899558843,1483779.8901951197,17627,65,65,0,1
4389,1464883.5117161823,1464883.5119625384,17627,65,65,0,1
4390,1554749.7414314905,1554749.7416642348,17627,65,65,0,1
4391,1460325.1148350139,1460325.115049399,17627,65,65,0,1
4392,1285940.2542097573,1285940.2545097559,17627,65,65,0,1
4393,1206566.7812328679,1206566.7815328673,17627,65,65,0,1
4394,1188478.6856773912,1188478.685977391,17627,65,65,0,1
4395,1181541.8468455614,1181541.8471455607,17627,65,65,0,1
4396,1244516.5207688482,1244516.5210688484,17627,65,65,0,1
4397,1411080.4212082594,1411080.4214439807,17627,65,65,0,1
4398,1818806.458080383,1818806.4583803834,17627,65,65,0,1
4399,1941587.1359979382,1941638.6058887448,17627,65,67,2,2
4400,1864770.0382719215,1865196.6698491734,17627,65,67,2,2
4401,1723793.4622707136,1737711.1434976372,17627,65,68,3,2
4402,1687665.5508244475,1715733.1538880586,17627,65,69,3,2
4403,1651861.5707369207,1697510.0014112024,17627,65,71,3,2
4404,1494481.2903059206,1526416.6876605765,17627,65,74,3,2
4405,1444236.2407662757,1480410.3811210524,17627,65,74,3,2
4406,1454318.7666133558,1485403.3382295086,17627,65,72,3,2
4407,1539625.0728400603,1566098.505647561,17627,65,69,3,2
4408,1624068.7641681465,1641834.2234452898,17627,65,68,3,2
4409,1763047.8719018,1763292.6637311333,17627,65,67,2,2
4410,1860322.368882656,1860363.1747471076,17627,65,67,2,2
4411,1907491.3767059434,1907491.3770059429,17627,65,65,0,1
4412,1895976.5495229762,1895976.5498229763,17627,65,65,0,1
4413,1938639.6279858,1938639.6282858,17627,65,65,0,1
4414,1982587.0532808842,1982587.0535808841,17627,65,65,0,1
4415,2010809.53119314,2010809.53149314,17627,65,65,0,1
4416,1416609.7223347141,1416609.7225947157,17627,65,65,0,1
4417,1352353.7357300625,1352353.7359306903,17627,65,65,0,1
4418,1323958.7731305992,1323958.7733494127,17627,65,65,0,1
4419,1354843.068516904,1354843.0687162,17627,65,65,0,1
4420,1422815.6072121048,1422815.607450152,17627,65,65,0,1
4421,1515501.9533500723,1515501.9536500722,17627,65,65,0,1
4422,1847118.7637611518,1847118.7640611515,17627,65,65,0,1
4423,1940460.8041555965,1940542.4095797655,17627,65,67,2,2
4424,1830337.356826994,1830754.8398056757,17627,65,67,2,2
4425,1607425.0009774247,1627180.9999872944,17627,65,68,3,2
4426,1488704.328859795,1513055.897534519,17627,65,70,3,2
4427,1445584.9700723123,1472550.6933756866,17627,65,71,3,2
4428,1394562.1405175803,1420343.8861437174,17627,65,70,3,2
4429,1377064.5749075962,1402009.6202113028,17627,65,70,3,2
4430,1377370.488740429,1397109.5624998095,17627,65,68,3,2
4431,1444283.6709418902,1457317.352845908,17627,65,68,3,2
4432,1580569.6740525388,1580729.1518884012,17627,65,67,2,2
4433,1774666.734497708,1774854.5764486082,17627,65,67,2,2
4434,1966926.944309078,1966927.3445271447,17627,65,67,2,2
4435,2078974.1411526792,2078974.1414526794,17627,65,65,0,1
4436,2050776.3523061583,2050776.3526061587,17627,65,65,0,1
4437,1973040.0214472697,1973040.0217472697,17627,65,65,0,1
4438,1885268.3231292854,1885268.3234292855,17627,65,65,0,1
4439,1662605.2484787628,1662605.2487787628,17627,65,65,0,1
4440,1566003.928604578,1566003.9289045776,17627,65,65,0,1
4441,1506718.906082483,1506718.906382483,17627,65,65,0,1
4442,1480561.0193389389,1480561.0196310875,17627,65,65,0,1
4443,1490519.372992348,1490519.3732923479,17627,65,65,0,1
4444,1556027.6182452198,1556027.6185452198,17627,65,65,0,1
4445,1653194.8312369636,1653194.8315369633,17627,65,65,0,1
4446,1915819.6785417758,1915819.6788417753,17627,65,65,0,1
4447,1982815.2190660636,1982842.958860741,17627,65,67,2,2
4448,1897084.8277881187,1897455.0132492816,17627,65,67,2,2
4449,1719552.2011804618,1726141.4785406787,17627,65,68,3,2
4450,1595240.5765494304,1615611.937381782,17627,65,68,3,2
4451,1632626.4861613612,1641767.0908960786,17627,65,68,3,2
4452,1619340.6032828512,1619931.181239104,17627,65,68,3,3
4453,1621048.4437495796,1621270.7954851505,17627,65,67,2,2
4454,1550086.452210904,1555822.919218935,17627,65,68,3,2
4455,1594104.8868695307,1598596.2945484123,17627,65,68,3,2
4456,1641371.8231117292,1641480.0961611434,17627,65,67,2,2
4457,1758970.0988699934,1759052.9943886478,17627,65,67,2,2
4458,1941881.7111264288,1941912.0932850717,17627,65,67,2,2
4459,2033867.180977297,2033867.1812772974,17627,65,65,0,1
4460,1996779.0742372125,1996779.074537212,17627,65,65,0,1
4461,1864273.2626954056,1864273.2629954051,17627,65,65,0,1
4462,1690059.4931085375,1690059.4934048874,17627,65,65,0,1
4463,1448210.5831534767,1448210.583440095,17627,65,65,0,1
4464,1323305.7510948807,1323305.7513948795,17627,65,65,0,1
4465,1271552.867869175,1271552.8681691769,17627,65,65,0,1
4466,1227077.9702133923,1227077.970513393,17627,65,65,0,1
4467,1212827.2389633467,1212827.239263347,17627,65,65,0,1
4468,1277763.9400603059,1277763.9403603056,17627,65,65,0,1
4469,1404526.6193038851,1404526.6196038842,17627,65,65,0,1
4470,1720223.9726123447,1720223.9728755674,17627,65,65,0,1
4471,1799929.6615110473,1800002.968375565,17627,65,69,2,2
4472,1618423.1351744689,1619209.9567260884,17627,65,69,2,2
4473,1390524.7898836983,1404652.7896420248,17627,65,70,3,2
4474,1264431.5377342715,1271217.303242645,17627,65,66,1,2
4475,1196918.0368047026,1196918.0371047026,17627,65,65,0,1
4476,1184370.4843732184,1184370.4846732183,17627,65,65,0,1
4477,1202850.2795026104,1204490.9837012622,17627,65,66,1,2
4478,1263993.4520519185,1274697.2077454221,17627,65,66,1,2
4479,1363383.5077909138,1383139.3123808114,17627,65,70,3,2
4480,1477400.9426440722,1489373.62414724,17627,65,70,3,2
4481,1669073.0351169142,1671926.7658373641,17627,65,68,3,3
4482,1973461.6740689506,1973562.5982426698,17627,65,67,2,2
4483,2133036.18355292,2133036.18385292,17627,65,65,0,1
4484,2112073.619493932,2112073.6197939324,17627,65,65,0,1
4485,2034285.513877131,2034285.514177131,17627,65,65,0,1
4486,1922478.1838515655,1922478.1841515654,17627,65,65,0,1
4487,1742457.4824779471,1742457.4827779469,17627,65,65,0,1
4488,1612864.2967236843,1612864.297023684,17627,65,65,0,1
4489,1495590.4131082306,1495590.4134082305,17627,65,65,0,1
4490,1441390.8542889892,1441390.8545638532,17627,65,65,0,1
4491,1430246.5451402576,1430246.5454042829,17627,65,65,0,1
4492,1476296.9602861202,1476296.960580753,17627,65,65,0,1
4493,1588744.9385928225,1588744.9388928225,17627,65,65,0,1
4494,1863817.9858493013,1863817.9861493008,17627,65,65,0,1
4495,1950082.6910327394,1950147.4115949576,17627,65,67,2,2
4496,1934927.855397991,1935248.6388621428,17627,65,67,2,2
4497,1845226.8006882803,1845739.3811943678,17627,65,69,2,2
4498,1761871.1689670742,1762315.1388096171,17627,65,67,2,2
4499,1744747.5234978066,1745169.393160355,17627,65,67,2,2
4500,1648132.0134083182,1648448.6752892418,17627,65,67,2,2
4501,1529643.9079778,1536646.2835682754,17627,65,68,3,2
4502,1482799.0689896415,1484330.509479138,17627,65,68,3,3
4503,1521902.6109119365,1521902.611139025,17627,65,65,0,1
4504,1478618.820191985,1478618.8204780836,17627,65,65,0,1
4505,1563142.4009009684,1563142.4011139944,17627,65,65,0,1
4506,1684598.5323782838,1684598.5326506095,17627,65,65,0,1
4507,1791531.2624486885,1791531.2627486885,17627,65,65,0,1
4508,1762438.8587443163,1762438.859044316,17627,65,65,0,1
4509,1630466.0421386217,1630466.0423915556,17627,65,65,0,1
4510,1500243.070912195,1500243.0711933922,17627,65,65,0,1
4511,1331932.9405176053,1331932.9408176052,17627,65,65,0,1
4512,1213889.515374925,1213889.515674925,17627,65,65,0,1
4513,1131987.5167910606,1131987.5170910603,17627,65,65,0,1
4514,1046157.5795489047,1046157.5798489046,17627,65,65,0,1
4515,994185.4260139858,994185.4263139857,17627,65,65,0,1
4516,1003416.0315631989,1003416.0318631986,17627,65,65,0,1
4517,981079.6131320986,981079.6134274325,17627,65,65,0,1
4518,993047.3100971197,993047.3103971196,17627,65,65,0,1
4519,981273.3677507886,981273.368050789,17627,65,65,0,1
4520,902985.2159678687,902985.2162678684,17627,65,65,0,1
4521,799395.5391214655,799395.5394214671,17627,65,65,0,1
4522,728742.8751989398,737868.8770746605,17627,65,68,1,2
4523,692023.9442983014,705124.7348728823,17627,65,68,1,2
4524,620397.6963111226,673945.5797434,17627,65,73,1,2
4525,521672.51632517716,585840.7560299922,17627,65,69,1,2
4526,482339.5044711714,529079.1766339806,17627,65,69,1,2
4527,500190.33895493427,544223.7136694165,17627,65,69,1,2
4528,576712.4880432794,598251.523373189,17627,65,69,1,2
4529,750479.3374317158,750479.3377317186,17627,65,65,0,1
4530,966229.9666446198,966229.9669446205,17627,65,65,0,1
4531,1150773.4400931308,1150773.4403931308,17627,65,65,0,1
4532,1178905.953446235,1178905.9537462348,17627,65,65,0,1
4533,1117751.148855266,1117751.149155266,17627,65,65,0,1
4534,1085686.3449753386,1085686.3452753385,17627,65,65,0,1
4535,958638.8577191369,958638.8580191369,17627,65,65,0,1
4536,843981.7807984122,843981.7810587618,17627,65,65,0,1
4537,784911.3772876124,784911.3775125348,17627,65,65,0,1
4538,761845.8769297295,761845.8771385219,17627,65,65,0,1
4539,733867.0677635361,733867.0679670619,17627,65,65,0,1
4540,754532.2001353452,754532.2003412496,17627,65,65,0,1
4541,732750.8715828289,732750.8717834768,17627,65,65,0,1
4542,687266.4124760509,687266.4126873582,17627,65,65,0,1
4543,653159.3789515118,653159.3791632117,17627,65,65,0,1
4544,612387.885757491,612387.8859994313,17627,65,65,0,1
4545,604174.9892536408,604174.989539197,17627,65,65,0,1
4546,570052.9705060853,583971.1735115862,17627,65,68,2,2
4547,543796.5046162618,572281.675797065,17627,65,69,1,2
4548,528709.60243273,570292.1978950854,17627,65,69,1,2
4549,464046.83173279435,523493.63199564506,17627,65,69,1,2
4550,400423.7341314346,442337.4870912357,17627,65,69,2,2
4551,391714.2796148308,431210.69297657296,17627,65,68,2,2
4552,423861.28461165575,456341.92594137293,17627,65,68,2,2
4553,534834.0400906922,549925.3939415962,17627,65,68,2,2
4554,729149.3491476584,729239.0034562208,17627,65,69,2,2
4555,925330.4818865515,925330.4821272241,17627,65,65,0,1
4556,992200.479147508,992200.4793880476,17627,65,65,0,1
4557,1003596.5872737232,1003596.587502503,17627,65,65,0,1
4558,1054979.3887539315,1054979.3889921329,17627,65,65,0,1
4559,949210.5977944274,949210.5980016442,17627,65,65,0,1
4560,869013.4190011397,869013.4192464603,17627,65,65,0,1
4561,802963.2417027205,802963.2419795119,17627,65,65,0,1
4562,793121.9250368131,793121.9253187686,17627,65,65,0,1
4563,786303.0247838169,786303.025066322,17627,65,65,0,1
4564,838064.2746596353,838064.2749143475,17627,65,65,0,1
4565,945794.827048587,945794.8272629908,17627,65,65,0,1
4566,1308360.9454010162,1308360.9457010194,17627,65,65,0,1
4567,1400711.1398659558,1400732.4950020427,17627,65,67,2,2
4568,1222989.5565035436,1223189.0946493482,17627,65,67,2,2
4569,1021119.1871767417,1021119.1874767415,17627,65,65,0,1
4570,1010355.0973647062,1010355.0976647062,17627,65,65,0,1
4571,1017746.3799597769,1017872.7640104309,17627,65,67,2,2
4572,996751.5156817009,996988.0271048894,17627,65,67,2,2
4573,1009062.3134511888,1009265.0897224661,17627,65,67,2,2
4574,995540.2856647723,995543.4380975923,17627,65,67,2,2
4575,1056672.0233156767,1056672.0236156764,17627,65,65,0,1
4576,1131696.2631096533,1139109.1485539065,17627,65,66,1,2
4577,1353850.0089765075,1355436.6915814509,17627,65,68,3,3
4578,1669301.1678387043,1669301.168138704,17627,65,65,0,1
4579,1875123.3235629261,1875123.3238629266,17627,65,65,0,1
4580,1860732.4577089925,1860732.4580089925,17627,65,65,0,1
4581,1770539.3879248495,1770539.3882248495,17627,65,65,0,1
4582,1657560.3163154428,1657560.3166154423,17627,65,65,0,1
4583,1451463.4733429076,1451463.4736429076,17627,65,65,0,1
4584,1331280.6162068169,1331280.6164445546,17627,65,65,0,1
4585,1285251.5548071573,1285251.5550100347,17627,65,65,0,1
4586,1277207.687754305,1277207.6879624578,17627,65,65,0,1
4587,1312635.7338621141,1312635.7340715572,17627,65,65,0,1
4588,1404879.770401794,1404879.7706680738,17627,65,65,0,1
4589,1492666.3225382792,1492666.322838279,17627,65,65,0,1
4590,1713842.9656737864,1713842.965973786,17627,65,65,0,1
4591,1863464.195124027,1863501.05507441,17627,65,67,2,2
4592,1801237.3620020344,1801577.847364363,17627,65,67,2,2
4593,1578071.0962766656,1596009.6402781801,17627,65,68,3,2
4594,1427180.6442255229,1450823.3316188294,17627,65,68,3,2
4595,1338641.0104263353,1379482.3254137698,17627,65,72,3,2
4596,1284891.361289781,1320079.6409410243,17627,65,119,3,2
4597,1254912.9294317293,1282603.136033116,17627,65,205,3,2
4598,1228291.6693600605,1254997.3903844159,17627,65,98,3,2
4599,1208273.0716608637,1232816.245796532,17627,65,76,3,2
4600,1316743.9226427793,1336845.4733463218,17627,65,69,3,2
4601,1533065.6710656157,1541775.9585563256,17627,65,68,3,2
4602,1808247.7870243886,1808285.9859455344,17627,65,67,2,2
4603,1982060.6693699232,1982060.6696699231,17627,65,65,0,1
4604,1959446.0619404465,1959446.0622404467,17627,65,65,0,1
4605,1907115.2517716824,1907115.252071683,17627,65,65,0,1
4606,1756671.2270343027,1756671.2273343015,17627,65,65,0,1
4607,1504292.9901273148,1504292.9904273148,17627,65,65,0,1
4608,1412702.867796861,1412702.8680442304,17627,65,65,0,1
4609,1358555.6286559296,1358555.6288680742,17627,65,65,0,1
4610,1303090.7561225335,1303090.7563506935,17627,65,65,0,1
4611,1285192.101228579,1285192.1014701151,17627,65,65,0,1
4612,1311663.1565920478,1311663.1568130548,17627,65,65,0,1
4613,1412912.4567173244,1412912.4569721192,17627,65,65,0,1
4614,1675341.7697117045,1675341.770011704,17627,65,65,0,1
4615,1786435.5342880809,1786435.5345880818,17627,65,65,0,1
4616,1777672.9049327467,1777836.5335209968,17627,65,67,2,2
4617,1685719.1211782685,1685887.1360029671,17627,65,67,2,2
4618,1590812.0374988052,1591023.4593987255,17627,65,67,2,2
4619,1502731.840010396,1503911.7341509075,17627,65,68,3,3
4620,1415665.9690887672,1416085.462958461,17627,65,67,2,2
4621,1347721.7960878247,1347761.282612409,17627,65,67,2,2
4622,1287057.642188661,1287057.6424886682,17627,65,65,0,1
4623,1334430.2861209167,1334430.2864209153,17627,65,65,0,1
4624,1379579.8300376923,1379579.830337693,17627,65,65,0,1
4625,1520319.4143975344,1520319.414646257,17627,65,65,0,1
4626,1675927.1794668734,1675927.1797668734,17627,65,65,0,1
4627,1776357.4272843634,1776357.4275843631,17627,65,65,0,1
4628,1760785.1150559376,1760785.1153559368,17627,65,65,0,1
4629,1661858.4360152618,1661858.4363152618,17627,65,65,0,1
4630,1558462.999445748,1558462.999745748,17627,65,65,0,1
4631,1359896.5199288968,1359896.520152762,17627,65,65,0,1
4632,1234323.3928092918,1234323.3931092932,17627,65,65,0,1
4633,1178084.2062549558,1178084.2065549549,17627,65,65,0,1
4634,1122046.4071631094,1122046.4074631047,17627,65,65,0,1
4635,1160699.6107374383,1160699.6110374369,17627,65,65,0,1
4636,1224833.4380766703,1224833.4383766754,17627,65,65,0,1
4637,1337678.961617081,1337678.9618530467,17627,65,65,0,1
4638,1623609.2450105299,1623609.2453105296,17627,65,65,0,1
4639,1794468.79382179,1794468.794121789,17627,65,65,0,1
4640,1794900.7414664086,1794900.7417664083,17627,65,65,0,1
4641,1693920.906642345,1693920.9069423447,17627,65,65,0,1
4642,1612840.5581718166,1612840.5584718166,17627,65,65,0,1
4643,1564735.145196992,1564735.145453907,17627,65,65,0,1
4644,1457433.1852446662,1457433.185478679,17627,65,65,0,1
4645,1350090.4232460712,1350090.423546065,17627,65,65,0,1
4646,1319462.6909707468,1319462.6912707489,17627,65,65,0,1
4647,1398372.7625854874,1398372.76284817,17627,65,65,0,1
4648,1445783.51589316,1445783.516146934,17627,65,65,0,1
4649,1596935.2535669152,1596935.253817974,17627,65,65,0,1
4650,1713850.123468295,1713850.1237682952,17627,65,65,0,1
4651,1853831.8484228067,1853831.8487228076,17627,65,65,0,1
4652,1864961.2463562735,1864961.2466562737,17627,65,65,0,1
4653,1772423.9900239988,1772423.9903239985,17627,65,65,0,1
4654,1663454.708536219,1663454.708836219,17627,65,65,0,1
4655,1445958.950714819,1445958.9509387366,17627,65,65,0,1
4656,1328357.3983869376,1328357.3986518001,17627,65,65,0,1
4657,1235190.9157309192,1235190.9160309115,17627,65,65,0,1
4658,1207602.2838770119,1207602.2841770148,17627,65,65,0,1
4659,1199549.3103683915,1199549.3106683828,17627,65,65,0,1
4660,1256390.6745508206,1256390.6748508126,17627,65,65,0,1
4661,1379024.8938019942,1379024.8940290564,17627,65,65,0,1
4662,1649760.199499525,1649760.1997995246,17627,65,65,0,1
4663,1781499.8810605805,1781499.8813605802,17627,65,65,0,1
4664,1807703.2200526656,1807828.431843415,17627,65,67,2,2
4665,1731121.7757336455,1731239.2823254755,17627,65,67,2,2
4666,1696080.6034842615,1696241.6898348616,17627,65,67,2,2
4667,1638014.7600939278,1638108.9830951542,17627,65,67,2,2
4668,1564150.863403526,1564241.859084954,17627,65,67,2,2
4669,1465001.9686349356,1465054.2690032083,17627,65,67,2,2
4670,1364090.463122437,1364125.4863069896,17627,65,67,2,2
4671,1330253.0598573787,1330269.793143795,17627,65,67,2,2
4672,1400434.9840070424,1400434.9843070274,17627,65,65,0,1
4673,1605121.5200900491,1605121.5203208195,17627,65,65,0,1
4674,1797065.0461627303,1797065.0464627303,17627,65,65,0,1
4675,1868075.612991303,1868075.613291303,17627,65,65,0,1
4676,1860487.0109970858,1860487.0112970856,17627,65,65,0,1
4677,1773534.126066223,1773534.1263662232,17627,65,65,0,1
4678,1707863.4084943489,1707863.4087943488,17627,65,65,0,1
4679,1573836.1747402116,1573836.1750402115,17627,65,65,0,1
4680,1495180.7797061014,1495180.7799957902,17627,65,65,0,1
4681,1429302.6210075417,1429302.621251517,17627,65,65,0,1
4682,1360641.583833104,1360641.5840376685,17627,65,65,0,1
4683,1294499.4839932693,1294499.4842413643,17627,65,65,0,1
4684,1293878.6734815398,1293878.6737231063,17627,65,65,0,1
4685,1313899.4953801762,1313899.4956036187,17627,65,65,0,1
4686,1317218.76995153,1317218.7701784617,17627,65,65,0,1
4687,1351273.5258603145,1351273.5260815658,17627,65,65,0,1
4688,1341962.708080703,1341962.7083475455,17627,65,65,0,1
4689,1275533.0217098973,1275971.9089627212,17627,65,68,3,3
4690,1192702.971632514,1196127.251639723,17627,65,68,3,2
4691,1147635.1434159565,1147781.9906313394,17627,65,68,3,3
4692,1037370.9016402571,1037399.2345153899,17627,65,67,2,2
4693,925467.0942780417,927201.8204236033,17627,65,68,3,2
4694,955909.4081271642,956600.1348894917,17627,65,66,1,2
4695,1017754.664921911,1017754.6652219109,17627,65,65,0,1
4696,1093913.6122853705,1093913.6125853697,17627,65,65,0,1
4697,1288800.4532965268,1288800.4535965272,17627,65,65,0,1
4698,1478356.211927453,1478356.2121857745,17627,65,65,0,1
4699,1583606.6643893,1583606.6646892997,17627,65,65,0,1
4700,1591365.1777927303,1591365.1780927302,17627,65,65,0,1
4701,1540136.9603392917,1540136.9606392914,17627,65,65,0,1
4702,1500802.3790673995,1500802.3793673995,17627,65,65,0,1
4703,1361822.86751149,1361822.8677455054,17627,65,65,0,1
4704,1261034.7238744828,1261034.7241208209,17627,65,65,0,1
4705,1161353.4211350703,1161353.4214350714,17627,65,65,0,1
4706,1101735.02568397,1101735.0259839697,17627,65,65,0,1
4707,1097036.081900883,1097036.082200884,17627,65,65,0,1
4708,1094890.1681360868,1094890.1684360784,17627,65,65,0,1
4709,1091152.490029756,1091152.4903297545,17627,65,65,0,1
4710,1067920.5975542932,1067920.5978543046,17627,65,65,0,1
4711,1030313.1924783852,1030313.1927783845,17627,65,65,0,1
4712,1006861.2581428299,1006861.2584428277,17627,65,65,0,1
4713,949529.8938874383,955285.9908350464,17627,65,66,1,2
4714,855129.4438982407,858504.349871831,17627,65,66,1,2
4715,806175.2149545801,806175.2152545792,17627,65,65,0,1
4716,768097.2198335094,768188.2258622632,17627,65,66,1,2
4717,734164.8107152861,734294.8627354264,17627,65,66,1,2
4718,726005.0491286111,726102.5717679018,17627,65,66,1,2
4719,753434.8117272918,753434.8120272907,17627,65,65,0,1
4720,857597.5533529714,857597.5536529707,17627,65,65,0,1
4721,1088884.3654049216,1095080.9803656177,17627,65,68,3,3
4722,1343093.8684128665,1343093.8686911145,17627,65,65,0,1
4723,1463138.580003011,1463138.5802688792,17627,65,65,0,1
4724,1443985.1541714254,1443985.154417473,17627,65,65,0,1
4725,1415596.0379182394,1415596.0381281031,17627,65,65,0,1
4726,1428311.7410430484,1428311.7412459895,17627,65,65,0,1
4727,1274020.1688006052,1274020.1691006017,17627,65,65,0,1
4728,1127040.5916858474,1127040.5919858469,17627,65,65,0,1
4729,1058260.3577503639,1058260.358050363,17627,65,65,0,1
4730,990909.3180223437,990909.3183223435,17627,65,65,0,1
4731,960672.5601463746,960672.5604463746,17627,65,65,0,1
4732,1000337.1802029345,1000337.1805029344,17627,65,65,0,1
4733,1126394.646690993,1126394.6469909942,17627,65,65,0,1
4734,1374245.4825153886,1374245.4828153886,17627,65,65,0,1
4735,1461901.728771781,1461901.729071783,17627,65,65,0,1
4736,1363532.3950047633,1368657.0015341965,17627,65,68,3,2
4737,1114055.103300022,1121397.577774945,17627,65,66,1,2
4738,995405.8612689341,995405.8615689337,17627,65,65,0,1
4739,957670.2307963939,957670.2310963937,17627,65,65,0,1
4740,932683.0385012453,932691.4837899988,17627,65,67,2,2
4741,931271.3548852718,931271.3551852712,17627,65,65,0,1
4742,933048.6498003292,933048.6501003287,17627,65,65,0,1
4743,963986.5569745408,963986.5572745402,17627,65,65,0,1
4744,1076403.9064234945,1076403.9067234942,17627,65,65,0,1
4745,1286797.8925405135,1290130.7328918113,17627,65,68,3,2
4746,1512479.5728072734,1512479.5730918136,17627,65,65,0,1
4747,1602053.8449295457,1602053.8452295456,17627,65,65,0,1
4748,1546229.338025346,1546229.338325346,17627,65,65,0,1
4749,1439885.2984358137,1439885.2986733697,17627,65,65,0,1
4750,1315919.5888514966,1315919.5891079165,17627,65,65,0,1
4751,1163998.0172856129,1163998.0175856145,17627,65,65,0,1
4752,1054354.1612601217,1054354.161560122,17627,65,65,0,1
4753,968512.8558665684,968512.8561456923,17627,65,65,0,1
4754,967347.0915703552,967347.0918471414,17627,65,65,0,1
4755,1007605.28116807,1007605.2814626115,17627,65,65,0,1
4756,1082275.240760396,1082275.2410603962,17627,65,65,0,1
4757,1207342.0896965917,1207342.0899965907,17627,65,65,0,1
4758,1472149.5334605419,1472149.5336950193,17627,65,65,0,1
4759,1588233.8564419225,1588233.8567104777,17627,65,65,0,1
4760,1582619.6182346107,1582757.4291973263,17627,65,67,2,2
4761,1408154.3317380305,1414379.3199483173,17627,65,70,3,3
4762,1318586.229378663,1331746.4192105099,17627,65,68,3,2
4763,1297404.9484116808,1307874.8668931252,17627,65,68,3,2
4764,1146427.3615342919,1146427.3618342918,17627,65,65,0,1
4765,1038444.1358947861,1038444.1361947858,17627,65,65,0,1
4766,1007742.394724598,1007742.3950245978,17627,65,65,0,1
4767,1055375.6595784964,1055375.6598784963,17627,65,65,0,1
4768,1191260.8617483298,1194774.6005298826,17627,65,68,3,3
4769,1363931.6921459083,1363991.4749985049,17627,65,67,2,2
4770,1587058.9432593072,1587058.943485286,17627,65,65,0,1
4771,1766956.1361551355,1766956.1364551354,17627,65,65,0,1
4772,1787119.6112016244,1787119.6115016248,17627,65,65,0,1
4773,1743848.357654429,1743848.3579544292,17627,65,65,0,1
4774,1673202.2808640639,1673202.2811640638,17627,65,65,0,1
4775,1473414.3078720737,1473414.3081651558,17627,65,65,0,1
4776,1385626.9707293788,1385626.9709627004,17627,65,65,0,1
4777,1283787.1183530563,1283787.1185923917,17627,65,65,0,1
4778,1247735.9524117801,1247735.952681638,17627,65,65,0,1
4779,1218788.4559171572,1218788.45621203,17627,65,65,0,1
4780,1221345.611658571,1221345.6119546238,17627,65,65,0,1
4781,1301927.322439679,1301927.3226695338,17627,65,65,0,1
4782,1589236.4756348517,1589236.4759348514,17627,65,65,0,1
4783,1725421.4606822473,1725421.4609822473,17627,65,65,0,1
4784,1741801.0545081808,1741833.0004889143,17627,65,67,2,2
4785,1637436.7810297613,1637436.7813297613,17627,65,65,0,1
4786,1511699.6005021073,1511699.6007331917,17627,65,65,0,1
4787,1415044.3264869084,1415044.3267358365,17627,65,65,0,1
4788,1298528.6929446263,1298533.2612601381,17627,65,67,2,2
4789,1146481.1950080444,1146498.7431089357,17627,65,67,2,2
4790,1023938.6478711066,1025465.3979667812,17627,65,66,1,2
4791,974208.6303714201,978280.3945918357,17627,65,66,1,2
4792,972123.8433952736,972123.8436952734,17627,65,65,0,1
4793,1126426.7672292565,1126426.767529256,17627,65,65,0,1
4794,1354312.7875051363,1354312.7878051396,17627,65,65,0,1
4795,1547675.0340248463,1547675.0343007678,17627,65,65,0,1
4796,1558322.714738104,1558322.715038104,17627,65,65,0,1
4797,1546292.3412746657,1546292.3415596148,17627,65,65,0,1
4798,1482422.6049185307,1482422.605132335,17627,65,65,0,1
4799,1272530.6224342322,1272530.6227342319,17627,65,65,0,1
4800,1132974.884018906,1132974.8843189056,17627,65,65,0,1
4801,1057777.0333036561,1057777.0335947024,17627,65,65,0,1
4802,1049836.3140937341,1049836.3143777258,17627,65,65,0,1
4803,1030639.2329703617,1030639.2332397974,17627,65,65,0,1
4804,1070623.2435580734,1070623.2438290252,17627,65,65,0,1
4805,1135756.333713245,1135756.3339901268,17627,65,65,0,1
4806,1404273.1101703043,1404273.1103716674,17627,65,65,0,1
4807,1513930.1693001504,1513930.1695825947,17627,65,65,0,1
4808,1466493.3505014456,1466493.3507493425,17627,65,65,0,1
4809,1381775.92258277,1381775.9227942002,17627,65,65,0,1
4810,1323835.629102516,1323835.6293572525,17627,65,65,0,1
4811,1359932.836819068,1359932.8370191287,17627,65,65,0,1
4812,1307066.5896098986,1307066.5898899527,17627,65,65,0,1
4813,1292689.6616618796,1292689.6619473286,17627,65,65,0,1
4814,1279774.5386537607,1279774.538953758,17627,65,65,0,1
4815,1330719.3737238557,1330719.3739796458,17627,65,65,0,1
4816,1368660.1095403722,1369183.6834034533,17627,65,68,3,3
4817,1488371.213918561,1488371.2141353907,17627,65,65,0,1
4818,1689376.6691609588,1689376.6694609586,17627,65,65,0,1
4819,1835257.71262331,1835257.7129233098,17627,65,65,0,1
4820,1829948.7771711445,1829948.7774711445,17627,65,65,0,1
4821,1792630.775200475,1792630.775500474,17627,65,65,0,1
4822,1652356.3231194508,1652356.3234194508,17627,65,65,0,1
4823,1433170.0964245866,1433170.0966221793,17627,65,65,0,1
4824,1333747.6583815378,1333747.6586430473,17627,65,65,0,1
4825,1220136.562771565,1220136.563071559,17627,65,65,0,1
4826,1159337.1545970736,1159337.1548970735,17627,65,65,0,1
4827,1132515.6572221739,1132515.6575221734,17627,65,65,0,1
4828,1167670.3855609817,1167670.3858609824,17627,65,65,0,1
4829,1268469.8439682007,1268469.8442681963,17627,65,65,0,1
4830,1556838.0888719603,1556838.0890942304,17627,65,65,0,1
4831,1682044.1094547703,1682044.1097282826,17627,65,65,0,1
4832,1627890.2152241606,1628083.3433625835,17627,65,67,2,2
4833,1523110.4083629353,1523552.850778615,17627,65,69,2,2
4834,1431719.013769238,1432007.631618574,17627,65,69,2,2
4835,1417020.1245903224,1417289.8319453937,17627,65,69,2,2
4836,1366604.3382504531,1367242.535636588,17627,65,69,2,2
4837,1217357.0899014333,1217357.0902014328,17627,65,65,0,1
4838,1138533.9069402223,1138533.9072402222,17627,65,65,0,1
4839,1139375.4028820165,1139375.4031820165,17627,65,65,0,1
4840,1219121.1813365158,1221632.597272267,17627,65,66,1,2
4841,1426819.6878552241,1426946.68128321,17627,65,67,2,2
4842,1708295.1204468654,1708295.1207468652,17627,65,65,0,1
4843,1871580.0264781541,1871580.0267781536,17627,65,65,0,1
4844,1870373.632145673,1870373.6324456742,17627,65,65,0,1
4845,1788357.6765988688,1788357.6768988683,17627,65,65,0,1
4846,1675023.3217048654,1675023.3220048647,17627,65,65,0,1
4847,1488519.5274245595,1488519.5277245594,17627,65,65,0,1
4848,1386961.4093124366,1386961.409573355,17627,65,65,0,1
4849,1312660.8572554905,1312660.857452859,17627,65,65,0,1
4850,1260725.4150184067,1260725.4152603506,17627,65,65,0,1
4851,1249562.816684423,1249562.816937391,17627,65,65,0,1
4852,1285719.219607939,1285719.2198371713,17627,65,65,0,1
4853,1288121.0539226006,1288121.05415619,17627,65,65,0,1
4854,1333046.655783291,1333046.6559900267,17627,65,65,0,1
4855,1295040.5579255072,1295040.5581935984,17627,65,65,0,1
4856,1220374.9464393733,1220374.9467393784,17627,65,65,0,1
4857,1124918.1084185909,1136941.5252782525,17627,65,68,3,2
4858,1029146.2119295152,1039314.483026665,17627,65,66,1,2
4859,1002998.9947546319,1004573.0776962326,17627,65,66,1,2
4860,951260.0769169484,951260.0772169481,17627,65,65,0,1
4861,934834.1152896351,934834.1155896345,17627,65,65,0,1
4862,939185.2753650305,939185.2756650303,17627,65,65,0,1
4863,989414.3104229646,992151.5624412366,17627,65,66,1,2
4864,1057584.75845934,1063959.0164319887,17627,65,66,1,2
4865,1199009.921209863,1199009.921509862,17627,65,65,0,1
4866,1366312.227882671,1366312.2281826672,17627,65,65,0,1
4867,1500768.0214640526,1500768.0217024763,17627,65,65,0,1
4868,1474018.687778743,1474018.6880284513,17627,65,65,0,1
4869,1428427.4399125623,1428427.4401330706,17627,65,65,0,1
4870,1429004.241576253,1429004.2418063034,17627,65,65,0,1
4871,1305498.4358855651,1305498.4361403305,17627,65,65,0,1
4872,1212213.3600221148,1212213.360322112,17627,65,65,0,1
4873,1150463.687791992,1150463.6880919894,17627,65,65,0,1
4874,1112340.0549900595,1112340.0552900515,17627,65,65,0,1
4875,1099687.6965170768,1099687.6968170744,17627,65,65,0,1
4876,1094741.6267745213,1094741.627074527,17627,65,65,0,1
4877,1087547.4164064715,1087547.4167002898,17627,65,65,0,1
4878,1055873.3772782462,1055873.3775668296,17627,65,65,0,1
4879,999644.6086825159,999644.6089754723,17627,65,65,0,1
4880,897007.910939049,899696.7977636758,17627,65,66,1,2
4881,784895.8656785174,784895.8659691714,17627,65,65,0,1
4882,733935.7937163832,733935.7940153574,17627,65,65,0,1
4883,757297.4329862128,757297.4332862123,17627,65,65,0,1
4884,733953.8246794697,733953.8249748759,17627,65,65,0,1
4885,638381.1820803778,638381.1823291637,17627,65,65,0,1
4886,630717.6139954452,630717.6142281378,17627,65,65,0,1
4887,681142.6239752059,681142.6242089676,17627,65,65,0,1
4888,757150.4737899317,757150.4740444219,17627,65,65,0,1
4889,928473.320655826,932662.5565461846,17627,65,66,1,2
4890,1190135.2705854326,1190135.2708854435,17627,65,65,0,1
4891,1415965.0276973676,1415965.0279271305,17627,65,65,0,1
4892,1510810.0996635912,1510810.099963591,17627,65,65,0,1
4893,1495724.3188142106,1495724.31911421,17627,65,65,0,1
4894,1526727.8920178832,1526727.8923178832,17627,65,65,0,1
4895,1351924.4408759638,1351924.441086459,17627,65,65,0,1
4896,1240292.4680926676,1240292.4683657812,17627,65,65,0,1
4897,1134756.8190042435,1134756.8193042513,17627,65,65,0,1
4898,1096579.0645379901,1096579.064837989,17627,65,65,0,1
4899,1129777.6084130402,1129777.60871304,17627,65,65,0,1
4900,1165108.9949642299,1165108.9952642305,17627,65,65,0,1
4901,1281713.4489414159,1281713.4491643568,17627,65,65,0,1
4902,1597656.534433031,1597656.534733031,17627,65,65,0,1
4903,1781175.4117078837,1781175.412007885,17627,65,65,0,1
4904,1735256.0075942772,1735358.1083088554,17627,65,67,2,2
4905,1562730.9405955854,1562831.4028072,17627,65,67,2,2
4906,1421018.1165612377,1430492.6272102422,17627,65,68,3,2
4907,1359230.2079397622,1370496.8979947753,17627,65,68,3,2
4908,1275031.0903037342,1292619.0810261392,17627,65,68,3,2
4909,1230318.6631437691,1248721.3080401095,17627,65,68,3,2
4910,1288078.3738969946,1296751.422008005,17627,65,68,3,2
4911,1306710.5400951114,1313578.0021171372,17627,65,68,3,2
4912,1386204.228648723,1386204.2289487165,17627,65,65,0,1
4913,1519775.0048789815,1519775.005089816,17627,65,65,0,1
4914,1659941.9572122335,1659941.957508888,17627,65,65,0,1
4915,1754391.6291099782,1754391.6294099782,17627,65,65,0,1
4916,1687043.326179712,1687043.3264305652,17627,65,65,0,1
4917,1571649.6964420662,1571649.696701307,17627,65,65,0,1
4918,1411442.4822858786,1411442.4825858814,17627,65,65,0,1
4919,1150570.0171658513,1150570.0174658513,17627,65,65,0,1
4920,1038106.1232723194,1038106.1235723195,17627,65,65,0,1
4921,961547.131996898,961547.1322927894,17627,65,65,0,1
4922,949858.2593738757,949858.2596575267,17627,65,65,0,1
4923,953529.1628489796,953529.1631241142,17627,65,65,0,1
4924,976669.7985432537,976669.7988219314,17627,65,65,0,1
4925,1088295.7413095771,1088295.741609577,17627,65,65,0,1
4926,1323585.0177459405,1323585.0180459404,17627,65,65,0,1
4927,1418077.7894357531,1418077.7897357536,17627,65,65,0,1
4928,1334040.8840574487,1334040.8843574477,17627,65,65,0,1
4929,1166317.3793114484,1166317.379611448,17627,65,65,0,1
4930,1042770.1031146166,1042770.1034146168,17627,65,65,0,1
4931,997443.8650013299,997443.8653013306,17627,65,65,0,1
4932,909351.2104896342,909485.781552288,17627,65,68,2,2
4933,817043.0235443669,837994.0629468407,17627,65,70,1,2
4934,771063.0199287692,811047.1615288951,17627,65,73,1,2
4935,756501.6659936103,815903.8834791714,17627,65,73,3,2
4936,784548.3697148568,846627.139091409,17627,65,73,3,2
4937,897622.2554304689,944740.9794358702,17627,65,73,3,2
4938,1093919.121072141,1112445.9824389971,17627,65,72,4,2
4939,1263159.89741975,1263159.89771975,17627,65,65,0,1
4940,1288049.9376632362,1288291.6678880497,17627,65,67,2,2
4941,1202343.0526344148,1202343.0529344147,17627,65,65,0,1
4942,1109872.0179619691,1112905.697127997,17627,65,67,2,2
4943,935961.7708675563,953252.1701843031,17627,65,69,2,2
4944,880026.560732374,908911.2557073088,17627,65,69,2,2
4945,854480.9516212181,876790.7408810924,17627,65,69,2,2
4946,849996.6458157566,856178.4302393147,17627,65,69,2,2
4947,885761.9640736978,885943.673891022,17627,65,69,2,2
4948,924531.8222273157,924531.822453334,17627,65,65,0,1
4949,1095853.316048359,1095853.316322377,17627,65,65,0,1
4950,1371413.646502289,1371413.6468022882,17627,65,65,0,1
4951,1533864.3436026769,1533883.232357652,17627,65,69,2,2
4952,1402893.1024707612,1403243.99140071,17627,65,69,2,2
4953,1176454.6629842028,1179888.5956711918,17627,65,66,1,2
4954,1053300.7292291604,1053300.72952916,17627,65,65,0,1
4955,1107610.2795704808,1110822.5239600558,17627,65,66,1,2
4956,1125543.7544351849,1127596.19698802,17627,65,68,3,3
4957,1164061.3980507422,1164170.2911878815,17627,65,67,2,2
4958,1251553.3078787941,1251560.298432704,17627,65,67,2,2
4959,1349970.056506021,1349970.056732445,17627,65,65,0,1
4960,1453914.6399131462,1453914.6401635674,17627,65,65,0,1
4961,1611584.680278075,1611584.680578075,17627,65,65,0,1
4962,1789698.7187459017,1789698.719045901,17627,65,65,0,1
4963,1860454.6339969137,1860454.6342969143,17627,65,65,0,1
4964,1790628.7130244463,1790628.713324447,17627,65,65,0,1
4965,1682648.2941810219,1682648.2944810218,17627,65,65,0,1
4966,1494850.2437646817,1494850.2440015422,17627,65,65,0,1
4967,1270137.7434979114,1270137.7437979088,17627,65,65,0,1
4968,1145937.3199166032,1145937.3202166033,17627,65,65,0,1
4969,1100876.293926734,1100876.294226734,17627,65,65,0,1
4970,1084554.401438743,1084554.4017387438,17627,65,65,0,1
4971,1063895.5757135283,1063895.5760135278,17627,65,65,0,1
4972,1084064.2057481767,1084064.2060481764,17627,65,65,0,1
4973,1172102.773277848,1172102.773577847,17627,65,65,0,1
4974,1396353.8840090316,1396353.8843090301,17627,65,65,0,1
4975,1516758.2770134106,1516758.2772940595,17627,65,65,0,1
4976,1432922.0055306954,1432922.005830688,17627,65,65,0,1
4977,1244298.8752855402,1244318.6636532836,17627,65,67,2,2
4978,1115887.3181492696,1115887.3184492695,17627,65,65,0,1
4979,1050833.2890454205,1050833.2893454204,17627,65,65,0,1
4980,921065.5732547753,921065.5735547752,17627,65,65,0,1
4981,864965.5685629366,864965.5688629367,17627,65,65,0,1
4982,839463.4769116987,839463.4772116987,17627,65,65,0,1
4983,862696.8178250722,862696.8181250724,17627,65,65,0,1
4984,886371.3371834189,886371.337483419,17627,65,65,0,1
4985,1046840.6060985072,1046840.6063985071,17627,65,65,0,1
4986,1271654.3618555376,1271654.3621555376,17627,65,65,0,1
4987,1436214.8488665463,1436214.849166546,17627,65,65,0,1
4988,1411553.7547235247,1411553.755023525,17627,65,65,0,1
4989,1346725.0219484395,1346725.0222484395,17627,65,65,0,1
4990,1227439.8043059553,1227439.8046059553,17627,65,65,0,1
4991,1060878.7983321939,1060878.7986321938,17627,65,65,0,1
4992,949430.7669449575,949430.7672449581,17627,65,65,0,1
4993,882083.5843935981,882083.5846935987,17627,65,65,0,1
4994,856160.9586241351,856160.9589241357,17627,65,65,0,1
4995,854560.1313361143,854560.1316361148,17627,65,65,0,1
4996,892346.3917150684,892346.3920150688,17627,65,65,0,1
4997,1011538.4920071962,1011538.4923071961,17627,65,65,0,1
4998,1243751.71968902,1243751.71998902,17627,65,65,0,1
4999,1363012.67352765,1363177.6296028523,17627,65,67,2,2
5000,1238923.9365504577,1238923.936850458,17627,65,65,0,1
5001,1067864.33626301,1076837.0887096822,17627,65,68,2,2
5002,977622.5891902802,994109.9520355893,17627,65,68,2,2
5003,885500.9769030153,906242.8919097609,17627,65,69,1,2
5004,780994.1170241734,823134.2534510568,17627,65,69,1,2
5005,701097.7556603478,745024.0845751407,17627,65,69,1,2
5006,694899.7089871466,719262.6326741229,17627,65,69,1,2
5007,744786.0754560397,747967.4126258771,17627,65,68,2,2
5008,849046.3314315919,849105.3106969764,17627,65,67,2,2
5009,1121743.9512967262,1121743.9515967262,17627,65,65,0,1
5010,1378450.090230167,1378511.4635149254,17627,65,69,2,2
5011,1513276.963068974,1513276.9633689658,17627,65,65,0,1
5012,1527851.982574624,1527851.9828705096,17627,65,65,0,1
5013,1457150.0408892827,1457150.0411892766,17627,65,65,0,1
5014,1307528.890532663,1307528.890832663,17627,65,65,0,1
5015,1136506.670457324,1136506.670757324,17627,65,65,0,1
5016,1021350.83636766,1021350.8366676597,17627,65,65,0,1
5017,945147.175564348,945147.1758643481,17627,65,65,0,1
5018,894494.7138539186,894494.7141539186,17627,65,65,0,1
5019,903845.6514572822,903845.6517572822,17627,65,65,0,1
5020,935545.1374887,935545.1377887,17627,65,65,0,1
5021,971454.3301574977,971454.3304574975,17627,65,65,0,1
5022,1013111.6601857303,1013111.6604857302,17627,65,65,0,1
5023,971423.2966688259,971423.296968826,17627,65,65,0,1
5024,896687.7246759769,896687.7249759772,17627,65,65,0,1
5025,837998.25984544,837998.2601454395,17627,65,65,0,1
5026,839253.4702260353,841416.5028717131,17627,65,67,2,2
5027,869166.0046591412,870326.0218188614,17627,65,67,2,2
5028,830965.266196961,834377.6957721907,17627,65,67,2,2
5029,701095.5475711703,721752.9749591656,17627,65,68,2,2
5030,645094.181579795,661453.9638571123,17627,65,68,2,2
5031,615273.4260044198,628922.9406823089,17627,65,68,2,2
5032,684816.4780029147,685900.735869388,17627,65,67,2,2
5033,855785.841026794,855785.8413267938,17627,65,65,0,1
5034,1034195.7693535727,1034195.7696535727,17627,65,65,0,1
5035,1170661.0151424631,1170661.015442463,17627,65,65,0,1
5036,1122821.4163346714,1122821.4166346714,17627,65,65,0,1
5037,1072204.544195965,1072204.544495965,17627,65,65,0,1
5038,983917.9910579545,983917.9913579545,17627,65,65,0,1
5039,837059.1881411424,837059.188438138,17627,65,65,0,1
5040,794863.746979398,794863.7472470544,17627,65,65,0,1
5041,718523.3722954941,719989.7426825437,17627,65,69,2,2
5042,684648.727367538,705392.975542742,17627,65,71,4,3
5043,686260.0540251187,708824.5639880784,17627,65,71,4,3
5044,715130.0611598506,717613.2432007521,17627,65,69,2,2
5045,733424.5656513236,734073.4083824949,17627,65,69,2,2
5046,718886.4293163506,719646.4586773327,17627,65,69,2,2
5047,664080.7705016765,665420.0119758322,17627,65,69,2,2
5048,610046.4515755837,612352.537141594,17627,65,71,4,3
5049,531483.4053604886,531483.4056112998,17627,65,65,0,1
5050,416322.01146049425,422924.05097622686,17627,65,68,2,2
5051,365252.94247058174,387152.87342511216,17627,65,68,1,2
5052,361658.17316514684,371122.65979348967,17627,65,68,2,2
5053,339352.61755911406,342111.30389825784,17627,65,67,2,2
5054,339229.63512237766,339229.63542238175,17627,65,65,0,1
5055,395387.42489360925,395387.4251843685,17627,65,65,0,1
5056,508470.60322790913,508470.6034341732,17627,65,65,0,1
5057,713700.8940281083,713700.8942375007,17627,65,65,0,1
5058,934548.306744115,934548.3070259978,17627,65,65,0,1
5059,1155740.6616766308,1155740.6619766308,17627,65,65,0,1
5060,1234129.7382924121,1234129.7385924056,17627,65,65,0,1
5061,1258096.6258727575,1258096.6261727521,17627,65,65,0,1
5062,1253162.8785407734,1253162.8788407706,17627,65,65,0,1
5063,1119650.2192713444,1119650.219565151,17627,65,65,0,1
5064,996486.5668583438,996486.5670964879,17627,65,65,0,1
5065,904199.1394227807,904199.139625882,17627,65,65,0,1
5066,869196.6636052862,869196.6638248293,17627,65,65,0,1
5067,874003.6215921988,874003.6218127763,17627,65,65,0,1
5068,922524.104399525,922524.1046003088,17627,65,65,0,1
5069,1094349.8530073757,1094349.8532756646,17627,65,65,0,1
5070,1451242.0181129456,1451242.0183233959,17627,65,65,0,1
5071,1552679.5865423912,1552679.5867544652,17627,65,65,0,1
5072,1488776.5215982008,1489007.8703751576,17627,65,67,2,2
5073,1295933.8730352486,1307531.5380321234,17627,65,68,3,2
5074,1164308.8991327158,1176234.5214101502,17627,65,67,1,2
5075,1091340.4426342621,1098114.5299361981,17627,65,66,1,2
5076,1050073.1818871354,1050603.056786101,17627,65,66,1,2
5077,1001050.3352464412,1001050.3355464409,17627,65,65,0,1
5078,1035611.5491764805,1041707.0450182543,17627,65,66,1,2
5079,1166334.119861281,1178888.185527071,17627,65,68,3,2
5080,1316152.6623636466,1325391.0776677802,17627,65,68,3,2
5081,1527181.592977517,1529265.070475429,17627,65,68,3,2
5082,1722621.6401353907,1722621.6404353904,17627,65,65,0,1
5083,1887957.3325228202,1887957.3328228209,17627,65,65,0,1
5084,1880089.3219433243,1880089.3222433242,17627,65,65,0,1
5085,1791921.4915165347,1791921.4918165337,17627,65,65,0,1
5086,1659584.7646813912,1659584.7649813911,17627,65,65,0,1
5087,1471487.5218143743,1471487.5221143742,17627,65,65,0,1
5088,1323050.3792480044,1323050.3794697856,17627,65,65,0,1
5089,1257147.5710360599,1257147.5712612295,17627,65,65,0,1
5090,1204697.7356141093,1204697.7358813202,17627,65,65,0,1
5091,1240067.287399341,1240067.2876364756,17627,65,65,0,1
5092,1281333.1828253411,1281333.1830360496,17627,65,65,0,1
5093,1435066.3776120783,1435066.3779037192,17627,65,65,0,1
5094,1698743.396270507,1698743.3965705067,17627,65,65,0,1
5095,1848601.1721624995,1848621.8972977768,17627,65,67,2,2
5096,1796602.5565095535,1796862.8721910233,17627,65,67,2,2
5097,1647406.4324301404,1663239.02461959,17627,65,68,3,2
5098,1549915.1002348196,1573579.009322447,17627,65,68,3,2
5099,1491655.0788750115,1522406.9459723276,17627,65,72,3,2
5100,1416620.6314722318,1462561.3103034114,17627,65,74,3,2
5101,1409003.4874696964,1444942.4621762233,17627,65,71,3,2
5102,1484650.3313190066,1510916.1419584232,17627,65,69,3,2
5103,1577811.6424821015,1598937.8081704485,17627,65,68,3,2
5104,1656968.1417273092,1668454.9791719979,17627,65,68,3,2
5105,1786757.7508006026,1786849.121388319,17627,65,67,2,2
5106,1950439.4781123763,1950439.8226943975,17627,65,67,2,2
5107,2047510.8074132693,2047510.8077132693,17627,65,65,0,1
5108,2007754.0814633677,2007754.0817633672,17627,65,65,0,1
5109,1943336.6685795966,1943336.668879597,17627,65,65,0,1
5110,1787414.0627923296,1787414.0630923286,17627,65,65,0,1
5111,1570270.4488835512,1570270.449183551,17627,65,65,0,1
5112,1482974.4389894772,1482974.4392894772,17627,65,65,0,1
5113,1418858.4392948565,1418858.4395712034,17627,65,65,0,1
5114,1364103.7060763931,1364103.7063143929,17627,65,65,0,1
5115,1375357.8282129606,1375357.8284612012,17627,65,65,0,1
5116,1419282.2872515346,1419282.2875290122,17627,65,65,0,1
5117,1553764.9328875453,1553764.933187545,17627,65,65,0,1
5118,1790450.1461266107,1790450.14642661,17627,65,65,0,1
5119,1869956.4511842653,1869975.188240355,17627,65,67,2,2
5120,1764690.5985507718,1764906.3840030304,17627,65,67,2,2
5121,1535824.498098875,1551837.5255275387,17627,65,68,3,2
5122,1378400.4288462924,1402682.6532631607,17627,65,69,3,2
5123,1284387.722353111,1310980.4777942288,17627,65,79,3,2
5124,1166181.0161634814,1185397.4499691105,17627,65,77,1,2
5125,1116242.1764940585,1129474.7803786183,17627,65,69,1,2
5126,1098107.1159971962,1112306.1778621858,17627,65,69,1,2
5127,1162005.803960023,1180323.0884342724,17627,65,72,1,2
5128,1245719.5749904986,1264117.1133769238,17627,65,69,3,2
5129,1485276.0951961163,1490964.1870157642,17627,65,68,3,2
5130,1795899.4402242815,1795899.4405242812,17627,65,65,0,1
5131,2013953.8805355192,2013953.8808355192,17627,65,65,0,1
5132,1993181.0295465533,1993181.0298465532,17627,65,65,0,1
5133,1890080.1381211346,1890080.138421135,17627,65,65,0,1
5134,1723234.048761705,1723234.0490617047,17627,65,65,0,1
5135,1459021.882345044,1459021.8825894939,17627,65,65,0,1
5136,1323076.892600224,1323076.8928744192,17627,65,65,0,1
5137,1251188.9926457629,1251188.9929457684,17627,65,65,0,1
5138,1224019.0592322736,1224019.0595322736,17627,65,65,0,1
5139,1219226.0466748888,1219226.0469748909,17627,65,65,0,1
5140,1224061.409692517,1224061.409992506,17627,65,65,0,1
5141,1351580.4900564372,1351580.4903416727,17627,65,65,0,1
5142,1648358.251424315,1648358.2517243149,17627,65,65,0,1
5143,1805623.9409678525,1805726.4244120095,17627,65,67,2,2
5144,1712632.6675683428,1712947.9480161264,17627,65,67,2,2
5145,1471356.8516316426,1484599.0570102832,17627,65,70,3,2
5146,1323931.0071945186,1344183.4647485623,17627,65,69,3,2
5147,1272684.3916013078,1291840.7429145037,17627,65,74,1,2
5148,1256386.6783931009,1270039.4804546318,17627,65,69,1,2
5149,1199980.6807796475,1208445.9243237795,17627,65,66,1,2
5150,1231475.149659323,1251924.3903731096,17627,65,83,1,2
5151,1309267.8700735238,1335001.8049532776,17627,65,70,3,2
5152,1460523.3058682466,1474369.5474567167,17627,65,68,3,2
5153,1694276.9108222919,1694413.9022238126,17627,65,67,2,2
5154,1940585.9921188252,1940612.626780681,17627,65,67,2,2
5155,2053599.2615530756,2053599.261853076,17627,65,65,0,1
5156,2014053.3310952703,2014053.3313952703,17627,65,65,0,1
5157,1957862.531893202,1957862.5321932014,17627,65,65,0,1
5158,1827986.474965064,1827986.4752650633,17627,65,65,0,1
5159,1576655.7935616628,1576655.7938616625,17627,65,65,0,1
5160,1433925.6721516424,1433925.6723555084,17627,65,65,0,1
5161,1371942.2779030052,1371942.2781410858,17627,65,65,0,1
5162,1337181.1491932333,1337181.1494555837,17627,65,65,0,1
5163,1334668.1033146284,1334668.1035807792,17627,65,65,0,1
5164,1374511.3355683126,1374511.3358007055,17627,65,65,0,1
5165,1505282.6001825738,1505282.6004492822,17627,65,65,0,1
5166,1787040.6409441957,1787040.6412441947,17627,65,65,0,1
5167,1939954.4716440663,1939954.4719440662,17627,65,65,0,1
5168,1899331.432537648,1899356.1572409244,17627,65,67,2,2
5169,1711242.031694083,1711354.1173247125,17627,65,67,2,2
5170,1574394.2757347622,1574447.422889391,17627,65,67,2,2
5171,1518638.123843735,1518777.0679862523,17627,65,67,2,2
5172,1450283.8493973978,1450709.3077812875,17627,65,67,2,2
5173,1338220.7253959298,1338321.6683962182,17627,65,67,2,2
5174,1236455.4652654915,1241020.088593979,17627,65,68,3,2
5175,1228618.3967688698,1235833.7393734367,17627,65,68,3,2
5176,1270066.7823981978,1279226.7313019522,17627,65,68,3,2
5177,1452467.7301983382,1453644.2054727494,17627,65,68,3,2
5178,1663255.4357330534,1663255.4359983536,17627,65,65,0,1
5179,1798194.025403802,1798194.0257038018,17627,65,65,0,1
5180,1809493.9290886342,1809493.9293886337,17627,65,65,0,1
5181,1743444.3288113545,1743444.3291113542,17627,65,65,0,1
5182,1658182.7223092106,1658182.7226092105,17627,65,65,0,1
5183,1457676.0109025002,1457676.0111449317,17627,65,65,0,1
5184,1318415.7158288532,1318415.7160854358,17627,65,65,0,1
5185,1279212.7984386645,1279212.7987109025,17627,65,65,0,1
5186,1264477.9509080828,1264477.9511746978,17627,65,65,0,1
5187,1245374.3812668219,1245374.3815383716,17627,65,65,0,1
5188,1239484.3945960912,1239484.3948736102,17627,65,65,0,1
5189,1268593.7286027118,1268593.7288626381,17627,65,65,0,1
5190,1336256.7282731934,1336256.7284842236,17627,65,65,0,1
5191,1330359.2732391595,1330359.273513936,17627,65,65,0,1
5192,1257744.437106797,1257785.0300387517,17627,65,67,2,2
5193,1150909.836598946,1163950.9884664349,17627,65,68,3,2
5194,1011326.922428214,1017415.0893894472,17627,65,66,1,2
5195,864470.2470396206,864470.2473396199,17627,65,65,0,1
5196,751241.6491923633,751406.0265950244,17627,65,66,1,2
5197,716278.268386691,719068.569982283,17627,65,68,1,2
5198,737913.3579307481,738012.0871567864,17627,65,66,1,2
5199,805733.8406723642,805733.8409723635,17627,65,65,0,1
5200,952191.8596820623,966230.5890276368,17627,65,68,1,2
5201,1205938.5710131468,1206162.7786687599,17627,65,66,1,2
5202,1488179.4432382528,1488179.4434946408,17627,65,65,0,1
5203,1636428.9597843345,1636428.9600843342,17627,65,65,0,1
5204,1579696.5965453966,1579696.5968453966,17627,65,65,0,1
5205,1549798.525112678,1549798.525412678,17627,65,65,0,1
5206,1468939.490658694,1468939.4909356786,17627,65,65,0,1
5207,1335385.0151678342,1335385.0154150827,17627,65,65,0,1
5208,1248019.2009519956,1248019.2012519906,17627,65,65,0,1
5209,1176880.2273568648,1176880.2276568615,17627,65,65,0,1
5210,1117039.6900872802,1117039.6903872904,17627,65,65,0,1
5211,1087484.4385034302,1087484.4388034297,17627,65,65,0,1
5212,1093924.6822759027,1093924.6825759024,17627,65,65,0,1
5213,1112671.7117045303,1112671.7120045288,17627,65,65,0,1
5214,1123280.7166112224,1123280.7169112342,17627,65,65,0,1
5215,1101404.5409737923,1101404.5412737997,17627,65,65,0,1
5216,1003699.0941871195,1006984.1780496391,17627,65,66,1,2
5217,913192.0322366168,922766.7247837938,17627,65,66,1,2
5218,856793.0821617807,856793.0824617804,17627,65,65,0,1
5219,805986.6144757767,806005.2286286976,17627,65,66,1,2
5220,700375.8910552987,709642.2011388014,17627,65,68,1,2
5221,623545.3606589251,659925.2699801815,17627,65,81,3,3
5222,590913.8943168581,622769.4742539383,17627,65,73,3,3
5223,697806.0428315969,697885.2098773961,17627,65,66,1,2
5224,905800.7342120584,910547.9074751377,17627,65,66,1,2
5225,1111138.5386663487,1115513.9920563854,17627,65,68,3,3
5226,1390046.801794881,1390046.8020192604,17627,65,65,0,1
5227,1550767.791514355,1550767.7918143547,17627,65,65,0,1
5228,1639825.7146119867,1639825.7149119866,17627,65,65,0,1
5229,1642643.1306217546,1642643.1309217545,17627,65,65,0,1
5230,1583536.1044294457,1583536.1047294457,17627,65,65,0,1
5231,1410036.0266920796,1410036.0269372694,17627,65,65,0,1
5232,1293015.9629015387,1293015.9631327637,17627,65,65,0,1
5233,1240318.818648859,1240318.8189096802,17627,65,65,0,1
5234,1198357.4761954674,1198357.4764827446,17627,65,65,0,1
5235,1183727.6887042918,1183727.6889964615,17627,65,65,0,1
5236,1209344.376618736,1209344.376889322,17627,65,65,0,1
5237,1378182.1468658517,1378182.1471194632,17627,65,65,0,1
5238,1757045.8729119115,1757045.8732119105,17627,65,65,0,1
5239,1892006.8887493487,1892006.88904935,17627,65,65,0,1
5240,1819909.8896739748,1820208.8140339996,17627,65,67,2,2
5241,1595120.6591885085,1606864.680835183,17627,65,68,3,2
5242,1437422.278332272,1459891.2909811523,17627,65,68,3,2
5243,1390327.1636367026,1421461.362195073,17627,65,70,3,2
5244,1264742.6282139265,1304697.6574573366,17627,65,90,3,2
5245,1210569.9179848346,1238101.4950962826,17627,65,88,3,2
5246,1259456.7754268453,1283678.316572133,17627,65,69,3,2
5247,1347663.591856332,1362776.5443156245,17627,65,68,3,2
5248,1408034.5917142315,1415353.7541502411,17627,65,68,3,2
5249,1562733.8055227017,1562733.8057733173,17627,65,65,0,1
5250,1768495.3284488888,1768495.3287488879,17627,65,65,0,1
5251,1874156.0569245913,1874156.0572245908,17627,65,65,0,1
5252,1829798.0673779636,1829798.0676779628,17627,65,65,0,1
5253,1775400.717000894,1775400.717300894,17627,65,65,0,1
5254,1659293.6217818682,1659293.6220818681,17627,65,65,0,1
5255,1465329.9981518453,1465329.9984345483,17627,65,65,0,1
5256,1303712.825893493,1303712.8261247762,17627,65,65,0,1
5257,1252158.4444617347,1252158.4447332325,17627,65,65,0,1
5258,1181884.8188094143,1181884.8191094133,17627,65,65,0,1
5259,1176203.4854957855,1176203.4857957747,17627,65,65,0,1
5260,1226506.5880392317,1226506.5883392477,17627,65,65,0,1
5261,1378605.0628252546,1378605.0630421408,17627,65,65,0,1
5262,1701802.4641192257,1701802.4644192257,17627,65,65,0,1
5263,1802172.492006668,1802175.4247827493,17627,65,67,2,2
5264,1786721.665606576,1786925.1920963023,17627,65,67,2,2
5265,1677063.43732867,1677281.0763628231,17627,65,67,2,2
5266,1571109.268434965,1574848.1238365474,17627,65,68,3,3
5267,1515597.4902037922,1535534.7841608266,17627,65,68,3,2
5268,1488799.1585537714,1510879.4404311918,17627,65,68,3,2
5269,1499074.4930424346,1518693.2817579755,17627,65,68,3,2
5270,1464973.0717464145,1483569.233609587,17627,65,68,3,2
5271,1466025.3561430355,1474914.838169945,17627,65,68,3,2
5272,1559509.4121527118,1559593.0820160664,17627,65,67,2,2
5273,1669424.3666275842,1669424.3668792727,17627,65,65,0,1
5274,1820100.931113107,1820100.9314131066,17627,65,65,0,1
5275,1907782.911600886,1907782.9119008868,17627,65,65,0,1
5276,1914701.6232900557,1914701.6235900554,17627,65,65,0,1
5277,1878057.0123388218,1878057.0126388215,17627,65,65,0,1
5278,1731185.6037944946,1731185.6040944946,17627,65,65,0,1
5279,1524953.1550710017,1524953.155369327,17627,65,65,0,1
5280,1419155.69392326,1419155.694156408,17627,65,65,0,1
5281,1373444.342891411,1373444.3430997112,17627,65,65,0,1
5282,1340601.0424116165,1340601.0426198363,17627,65,65,0,1
5283,1337161.8244739268,1337161.8246782338,17627,65,65,0,1
5284,1391201.7989791606,1391201.799215251,17627,65,65,0,1
5285,1520661.5699559653,1520661.5702559652,17627,65,65,0,1
5286,1774121.234688828,1774121.2349888287,17627,65,65,0,1
5287,1900006.2514174269,1900006.2517174268,17627,65,65,0,1
5288,1887383.710562853,1887461.0848752467,17627,65,67,2,2
5289,1734044.6272436508,1734325.575973943,17627,65,67,2,2
5290,1605630.553364329,1607261.455353025,17627,65,68,3,3
5291,1630760.1690640259,1631055.1709233783,17627,65,67,2,2
5292,1642991.690478236,1643278.5117002532,17627,65,67,2,2
5293,1619549.9100188678,1619749.452647616,17627,65,67,2,2
5294,1600546.7797714234,1600660.5469719078,17627,65,67,2,2
5295,1607486.4634227767,1607600.3137109457,17627,65,67,2,2
5296,1616853.6100017033,1616921.9362765793,17627,65,67,2,2
5297,1758875.440265589,1758913.5855965712,17627,65,67,2,2
5298,1930552.2457421953,1930552.2460421938,17627,65,65,0,1
5299,2002631.295391434,2002631.295691434,17627,65,65,0,1
5300,1989336.562322136,1989336.5626221357,17627,65,65,0,1
5301,1962195.8728827666,1962195.873182767,17627,65,65,0,1
5302,1802510.4951939362,1802510.4954939368,17627,65,65,0,1
5303,1617193.9269476666,1617193.9272476668,17627,65,65,0,1
5304,1483171.4604932808,1483171.4607932807,17627,65,65,0,1
5305,1419823.3869146514,1419823.3871851466,17627,65,65,0,1
5306,1351941.3265954508,1351941.3268142168,17627,65,65,0,1
5307,1354358.2315506777,1354358.231769957,17627,65,65,0,1
5308,1428363.2512433156,1428363.2515166674,17627,65,65,0,1
5309,1617337.7395370905,1617337.7398370903,17627,65,65,0,1
5310,1954708.312866732,1954708.3131667324,17627,65,65,0,1
5311,2119809.801561009,2119809.801861009,17627,65,65,0,1
5312,2066301.217941394,2066363.0378782493,17627,65,67,2,2
5313,1931911.813908565,1932161.8277126034,17627,65,67,2,2
5314,1816724.964152603,1817166.3343186546,17627,65,67,2,2
5315,1742421.9001329178,1751608.1767441272,17627,65,68,3,2
5316,1646330.6706894503,1669034.72176038,17627,65,68,3,2
5317,1575725.701557733,1597265.179505176,17627,65,68,3,2
5318,1531480.8014782057,1550086.738606722,17627,65,68,3,2
5319,1593440.792909639,1606381.779689703,17627,65,68,3,2
5320,1613748.8843166952,1619600.9418830783,17627,65,68,3,2
5321,1742726.8760088212,1742726.8763088211,17627,65,65,0,1
5322,1925398.7063484308,1925415.356886709,17627,65,67,2,2
5323,2035038.4675147978,2035038.4678147978,17627,65,65,0,1
5324,2019643.11850581,2019643.1188058103,17627,65,65,0,1
5325,1962149.5919109038,1962149.592210904,17627,65,65,0,1
5326,1806714.426633451,1806714.4269334502,17627,65,65,0,1
5327,1593604.1297945185,1593604.1300945184,17627,65,65,0,1
5328,1502669.6207503788,1502669.6210503788,17627,65,65,0,1
5329,1413811.2478885946,1413811.2481440685,17627,65,65,0,1
5330,1400942.321803882,1400942.32205359,17627,65,65,0,1
5331,1410759.63226199,1410759.6325220075,17627,65,65,0,1
5332,1460648.2035516165,1460648.2038511215,17627,65,65,0,1
5333,1629023.81253656,1629023.8128365597,17627,65,65,0,1
5334,1933582.754277409,1933582.7545774092,17627,65,65,0,1
5335,2045625.057354643,2045625.0576546434,17627,65,65,0,1
5336,1954391.5334934266,1954526.7935005107,17627,65,67,2,2
5337,1737855.6801721938,1738680.5798333024,17627,65,68,3,3
5338,1616094.1618752168,1630976.0827415972,17627,65,68,3,2
5339,1550524.756547634,1573153.7641147273,17627,65,68,3,2
5340,1435778.3349848888,1458556.0742046866,17627,65,68,3,2
5341,1362113.8641555023,1382245.3352289144,17627,65,68,3,2
5342,1313364.6386310281,1329669.8795845748,17627,65,68,3,2
5343,1350572.5198287845,1361812.2793244408,17627,65,68,3,2
5344,1438116.099582242,1443082.700224721,17627,65,68,3,2
5345,1606669.1071639997,1606669.1073924091,17627,65,65,0,1
5346,1779960.8133180856,1779960.8136180853,17627,65,65,0,1
5347,1870387.004312541,1870387.0046125404,17627,65,65,0,1
5348,1845416.4001811456,1845416.4004811458,17627,65,65,0,1
5349,1804832.1807445693,1804832.181044569,17627,65,65,0,1
5350,1664476.791849725,1664476.792149725,17627,65,65,0,1
5351,1475295.6058392369,1475295.606111695,17627,65,65,0,1
5352,1366371.2215531808,1366371.2217636162,17627,65,65,0,1
5353,1326835.8157040537,1326835.8159094376,17627,65,65,0,1
5354,1301622.703352746,1301622.7035673338,17627,65,65,0,1
5355,1284660.71210198,1284660.712318808,17627,65,65,0,1
5356,1270753.051220319,1270753.0514437591,17627,65,65,0,1
5357,1297688.0920526907,1297688.0922566361,17627,65,65,0,1
5358,1329578.8221857578,1329578.8224011238,17627,65,65,0,1
5359,1412240.1365385805,1412240.1368039951,17627,65,65,0,1
5360,1364369.7706558972,1364369.770868516,17627,65,65,0,1
5361,1214405.9069483248,1214707.2704564882,17627,65,68,3,3
5362,1028625.7820892339,1041835.504845215,17627,65,67,1,2
5363,935653.6585679844,940467.5525267607,17627,65,66,1,2
5364,854732.5111714674,854732.5114714664,17627,65,65,0,1
5365,775581.0108077443,775581.0111077436,17627,65,65,0,1
5366,759964.483691935,759964.4839919342,17627,65,65,0,1
5367,780741.1911128535,780741.1914128527,17627,65,65,0,1
5368,861883.7134304628,869453.9225412058,17627,65,66,1,2
5369,1090884.4603720312,1091648.2966628484,17627,65,66,1,2
5370,1329517.898767544,1329517.8990408927,17627,65,65,0,1
5371,1493517.3435433533,1493517.343832012,17627,65,65,0,1
5372,1458291.0003569934,1458291.000610032,17627,65,65,0,1
5373,1428934.591771556,1428934.5919877477,17627,65,65,0,1
5374,1299118.322260884,1299118.322544311,17627,65,65,0,1
5375,1169827.2446897323,1169827.2449897348,17627,65,65,0,1
5376,1064764.3116059739,1064764.3119059731,17627,65,65,0,1
5377,973340.5275951151,973340.5278951153,17627,65,65,0,1
5378,925496.2184494078,925496.2187390125,17627,65,65,0,1
5379,886353.0361537883,886353.0364292294,17627,65,65,0,1
5380,866991.5958466565,866991.5961130009,17627,65,65,0,1
5381,858779.4817064435,858779.4819686939,17627,65,65,0,1
5382,865549.4411138911,865549.4413809862,17627,65,65,0,1
5383,856751.3670138128,856751.3673082073,17627,65,65,0,1
5384,776375.8447758479,776375.8450758478,17627,65,65,0,1
5385,637127.2628545583,637127.2631545579,17627,65,65,0,1
5386,504350.5315193066,504350.5318193135,17627,65,65,0,1
5387,425038.17646413215,427373.32573861565,17627,65,66,1,2
5388,378946.00172024185,386260.0968754712,17627,65,70,3,3
5389,328904.6660872882,335128.92914169654,17627,65,70,3,3
5390,338276.96819450345,338276.96849451447,17627,65,65,0,1
5391,432913.34518542397,432913.34548542317,17627,65,65,0,1
5392,608231.3982191548,608231.3984913384,17627,65,65,0,1
5393,901818.5296795228,901818.5299795228,17627,65,65,0,1
5394,1182564.7463221792,1182564.7466221796,17627,65,65,0,1
5395,1287505.8596933065,1287505.8599933065,17627,65,65,0,1
5396,1311252.9959434706,1311252.9962434717,17627,65,65,0,1
5397,1312375.1244862275,1312375.1247862224,17627,65,65,0,1
5398,1225611.6039407467,1225611.6042407474,17627,65,65,0,1
5399,1102515.5785738707,1102515.578873871,17627,65,65,0,1
5400,1025686.4523210563,1025686.4526210562,17627,65,65,0,1
5401,959346.2734124397,959346.2737012949,17627,65,65,0,1
5402,906788.543368572,906788.5436332712,17627,65,65,0,1
5403,903651.9105481807,903651.9108098453,17627,65,65,0,1
5404,942384.7011759793,942384.7014533182,17627,65,65,0,1
5405,1134309.2145771466,1134309.2148771465,17627,65,65,0,1
5406,1527899.1508320123,1527899.1510806782,17627,65,65,0,1
5407,1738815.3216400647,1738815.3219318117,17627,65,65,0,1
5408,1706394.8963170978,1706479.7504097172,17627,65,67,2,2
5409,1587965.577610962,1588435.7250850594,17627,65,67,2,2
5410,1471983.0291568427,1472226.8713045593,17627,65,69,2,2
5411,1501375.971721895,1501777.440087305,17627,65,69,2,2
5412,1455337.1861675838,1455548.5247217184,17627,65,69,2,2
5413,1373516.350254006,1378819.4728165325,17627,65,68,3,3
5414,1431763.605657809,1431900.9188206908,17627,65,67,2,2
5415,1513519.6963093837,1514347.3029477766,17627,65,68,3,3
5416,1564863.0748868906,1568659.001964659,17627,65,68,3,2
5417,1776815.4982941814,1776815.4985941814,17627,65,65,0,1
5418,1975959.6776589095,1975961.2919065375,17627,65,67,2,2
5419,2057603.3451903458,2057603.3454903457,17627,65,65,0,1
5420,2005288.203099336,2005288.203399336,17627,65,65,0,1
5421,1929968.6853097118,1929968.6856097113,17627,65,65,0,1
5422,1718898.186793604,1718898.187093604,17627,65,65,0,1
5423,1534303.8232432734,1534303.8235432734,17627,65,65,0,1
5424,1450842.8896086146,1450842.8898719565,17627,65,65,0,1
5425,1390288.6327972393,1390288.6330240336,17627,65,65,0,1
5426,1346488.4859727318,1346488.486173765,17627,65,65,0,1
5427,1370663.2356681672,1370663.235888063,17627,65,65,0,1
5428,1382098.0546250856,1382098.054859572,17627,65,65,0,1
5429,1537046.9537990014,1537046.9540990016,17627,65,65,0,1
5430,1906192.8894951954,1906192.8897951955,17627,65,65,0,1
5431,2082962.8589621738,2082962.859262174,17627,65,65,0,1
5432,2064348.5279158738,2064348.528215874,17627,65,65,0,1
5433,1901851.2487111085,1901906.2565320088,17627,65,67,2,2
5434,1816563.0967253726,1816645.7416385307,17627,65,67,2,2
5435,1820787.7537601872,1820869.2545681968,17627,65,67,2,2
5436,1774097.5713014384,1774202.2392742927,17627,65,67,2,2
5437,1739216.9601193613,1739327.6508862674,17627,65,67,2,2
5438,1712903.3887180728,1712965.758443711,17627,65,67,2,2
5439,1734117.1387782707,1734146.1521808053,17627,65,67,2,2
5440,1805093.838605835,1805097.8706806628,17627,65,67,2,2
5441,1964979.8896311445,1964979.889931145,17627,65,65,0,1
5442,2112287.7979893265,2112287.7982893265,17627,65,65,0,1
5443,2157821.3065923103,2157821.3068923103,17627,65,65,0,1
5444,2108494.862302148,2108494.8626021477,17627,65,65,0,1
5445,2032314.3607850322,2032314.3610850319,17627,65,65,0,1
5446,1851099.285347408,1851099.2856474079,17627,65,65,0,1
5447,1633637.8553482695,1633637.8556482694,17627,65,65,0,1
5448,1473058.8977259886,1473058.8980259886,17627,65,65,0,1
5449,1371993.3897724617,1371993.3900484156,17627,65,65,0,1
5450,1298725.7142970585,1298725.7144732287,17627,65,65,0,1
5451,1273640.4427270386,1273640.4429203412,17627,65,65,0,1
5452,1315803.195692211,1315803.1958794408,17627,65,65,0,1
5453,1460259.500953394,1460259.501253394,17627,65,65,0,1
5454,1815057.8222087915,1815057.8225087912,17627,65,65,0,1
5455,1920675.1109677267,1920675.1112677266,17627,65,65,0,1
5456,1892257.9807830197,1892402.1186643548,17627,65,67,2,2
5457,1761917.7994494298,1763374.2306837377,17627,65,68,3,3
5458,1606902.4147994728,1622332.3359200123,17627,65,68,3,2
5459,1469764.1514642262,1490238.9052556385,17627,65,68,3,2
5460,1308688.7312452458,1325493.4823201625,17627,65,68,3,2
5461,1213250.5876206516,1224660.0216292143,17627,65,68,3,2
5462,1193066.4456037595,1199922.3713934487,17627,65,68,3,2
5463,1259743.910819509,1260294.7904858289,17627,65,68,3,2
5464,1357130.2418895424,1357130.2421490848,17627,65,65,0,1
5465,1563370.9113051172,1563370.9116051171,17627,65,65,0,1
5466,1826042.1841191482,1826058.5031477874,17627,65,67,2,2
5467,1954068.3577087566,1954068.3580087565,17627,65,65,0,1
5468,1930295.9088686346,1930295.9091686346,17627,65,65,0,1
5469,1853678.4168118886,1853678.4171118885,17627,65,65,0,1
5470,1618236.6903352123,1618236.6906352122,17627,65,65,0,1
5471,1356529.544378249,1356529.5446213838,17627,65,65,0,1
5472,1216354.527755717,1216354.5280132096,17627,65,65,0,1
5473,1185506.9637141167,1185506.96399527,17627,65,65,0,1
5474,1151717.241844967,1151717.2421449616,17627,65,65,0,1
5475,1182964.1506795092,1182964.1509670143,17627,65,65,0,1
5476,1223859.1985938088,1223859.1988493563,17627,65,65,0,1
5477,1374538.3899641912,1374538.3902314368,17627,65,65,0,1
5478,1797202.1750003775,1797202.175300378,17627,65,65,0,1
5479,1992089.3488721245,1992089.3491721242,17627,65,65,0,1
5480,1972045.1358277763,1972045.1361277762,17627,65,65,0,1
5481,1823494.9009051318,1823532.6043151878,17627,65,67,2,2
5482,1656241.24141089,1656312.1306338706,17627,65,67,2,2
5483,1583664.8838598605,1583725.4858273459,17627,65,67,2,2
5484,1477800.9540046495,1477822.9025274513,17627,65,67,2,2
5485,1409269.907099212,1409269.9073976367,17627,65,65,0,1
5486,1396282.0934510892,1396282.093724393,17627,65,65,0,1
5487,1467054.3286300055,1467054.3289300054,17627,65,65,0,1
5488,1529897.042050173,1529897.0423501728,17627,65,65,0,1
5489,1656778.0869851266,1656778.0872851266,17627,65,65,0,1
5490,1844140.816033845,1844140.8163338443,17627,65,65,0,1
5491,1922919.582528364,1922919.5828283643,17627,65,65,0,1
5492,1907698.195710784,1907698.1960107852,17627,65,65,0,1
5493,1873352.138888548,1873353.4293666128,17627,65,67,2,2
5494,1650944.263951602,1650944.2642516016,17627,65,65,0,1
5495,1416854.3313046421,1416854.3315155578,17627,65,65,0,1
5496,1249942.4882367773,1249942.488536775,17627,65,65,0,1
5497,1187270.2928850302,1187270.2931821386,17627,65,65,0,1
5498,1167621.5716814287,1167621.5719696905,17627,65,65,0,1
5499,1187476.8437005407,1187476.843994029,17627,65,65,0,1
5500,1231603.9865048497,1231603.986804843,17627,65,65,0,1
5501,1392166.6019733967,1392166.6021783198,17627,65,65,0,1
5502,1737426.6194918943,1737426.6197918942,17627,65,65,0,1
5503,1897088.0464225993,1897107.879849219,17627,65,67,2,2
5504,1871692.3518662336,1871781.007995882,17627,65,69,2,2
5505,1736244.225564492,1736502.4005175866,17627,65,69,2,2
5506,1608957.2728187577,1609081.3611638295,17627,65,67,2,2
5507,1553841.4557427273,1553893.3550841832,17627,65,67,2,2
5508,1489695.1879582657,1489715.2393801843,17627,65,67,2,2
5509,1431592.2146076672,1431597.8012685087,17627,65,67,2,2
5510,1429325.0014860025,1429325.001719661,17627,65,65,0,1
5511,1479071.9697216456,1479071.9700216455,17627,65,65,0,1
5512,1548816.969666537,1548816.9699665366,17627,65,65,0,1
5513,1711002.731034044,1711021.640298184,17627,65,67,2,2
5514,1921851.9893193808,1921851.9896193803,17627,65,65,0,1
5515,2021820.2366290991,2021820.2369290986,17627,65,65,0,1
5516,1976955.1930235974,1976955.1933235973,17627,65,65,0,1
5517,1929048.1048999215,1929048.1051999216,17627,65,65,0,1
5518,1724576.439712958,1724576.440012958,17627,65,65,0,1
5519,1525890.0590858224,1525890.0593858224,17627,65,65,0,1
5520,1339755.5619622823,1339755.5621893213,17627,65,65,0,1
5521,1241136.7450222683,1241136.7452743251,17627,65,65,0,1
5522,1234038.1754339812,1234038.17569275,17627,65,65,0,1
5523,1227159.3682116666,1227159.3684801848,17627,65,65,0,1
5524,1210842.0703973286,1210842.0706810537,17627,65,65,0,1
5525,1257374.0662452746,1257374.0664926781,17627,65,65,0,1
5526,1306616.3242746317,1306616.324486642,17627,65,65,0,1
5527,1361429.711691035,1361429.7119002563,17627,65,65,0,1
5528,1310459.355937034,1310459.3562370269,17627,65,65,0,1
5529,1169226.604582321,1179872.2487740263,17627,65,68,3,2
5530,1014815.1821276974,1032669.0349086683,17627,65,72,1,2
5531,931092.153660294,935511.754065013,17627,65,66,1,2
5532,819880.4674561541,819880.4677561535,17627,65,65,0,1
5533,811125.29462926,816086.5625175633,17627,65,66,1,2
5534,810716.6725836718,821768.4204185533,17627,65,66,1,2
5535,905368.0703955798,909465.9996429391,17627,65,66,1,2
5536,1001819.8619649715,1005172.2235470314,17627,65,66,1,2
5537,1204295.224957791,1204295.2252577862,17627,65,65,0,1
5538,1482870.4696041236,1482870.4699041233,17627,65,65,0,1
5539,1661960.2353211367,1661960.2356211361,17627,65,65,0,1
5540,1632998.6089202769,1632998.6092202766,17627,65,65,0,1
5541,1595540.8824852514,1595540.8827852514,17627,65,65,0,1
5542,1462394.3387248022,1462394.3390248022,17627,65,65,0,1
5543,1349877.109361882,1349877.1096251966,17627,65,65,0,1
5544,1289524.9029796282,1289524.9032002585,17627,65,65,0,1
5545,1226622.2728135784,1226622.2730389326,17627,65,65,0,1
5546,1145303.4236075126,1145303.423904245,17627,65,65,0,1
5547,1137752.7492137637,1137752.7495137672,17627,65,65,0,1
5548,1104762.9571461747,1104762.9574461698,17627,65,65,0,1
5549,1112645.052829102,1112645.053129103,17627,65,65,0,1
5550,1104698.1212759998,1104698.1215760026,17627,65,65,0,1
5551,1089851.7177520164,1089851.718052009,17627,65,65,0,1
5552,1016101.5800222015,1016101.5803222005,17627,65,65,0,1
5553,883796.8266452611,892226.8966012783,17627,65,66,1,2
5554,775337.0273088324,776879.1105311611,17627,65,66,1,2
5555,735905.6455389594,735905.6458389588,17627,65,65,0,1
5556,735500.1120314965,735500.1123314963,17627,65,65,0,1
5557,687253.5185450647,687253.5188450641,17627,65,65,0,1
5558,698441.0771045156,698441.0774045155,17627,65,65,0,1
5559,820135.891708863,827221.8590240623,17627,65,66,1,2
5560,899457.8313174276,903824.1213704145,17627,65,66,1,2
5561,1150781.806092832,1150781.8063928366,17627,65,65,0,1
5562,1438904.2238738658,1438904.2241456965,17627,65,65,0,1
5563,1630181.1663961115,1630181.1666961112,17627,65,65,0,1
5564,1699970.9105867823,1699970.9108867827,17627,65,65,0,1
5565,1742548.167463883,1742548.1677638819,17627,65,65,0,1
5566,1629749.6397113856,1629749.6400113855,17627,65,65,0,1
5567,1485703.7590815986,1485703.7593815986,17627,65,65,0,1
5568,1375836.558318606,1375836.5585645773,17627,65,65,0,1
5569,1322047.6004340376,1322047.6006415437,17627,65,65,0,1
5570,1260628.3402915574,1260628.3405264318,17627,65,65,0,1
5571,1223136.7268712334,1223136.7271305206,17627,65,65,0,1
5572,1258513.350446098,1258513.3506751535,17627,65,65,0,1
5573,1438760.3190702763,1438760.3193702763,17627,65,65,0,1
5574,1908176.9482504623,1908176.9485504627,17627,65,65,0,1
5575,2106253.281732361,2106253.2820323613,17627,65,65,0,1
5576,2068230.600677324,2068439.1020912407,17627,65,69,2,2
5577,1843926.0019375226,1852704.9243338176,17627,65,70,3,2
5578,1693064.0738744861,1718283.3302474867,17627,65,68,3,2
5579,1618875.9962538907,1650743.2671461375,17627,65,71,3,2
5580,1576423.8079880248,1607985.7814455857,17627,65,73,3,2
5581,1556897.0794551638,1586592.79524929,17627,65,71,3,2
5582,1639016.2460226153,1664566.4868663982,17627,65,69,3,2
5583,1706175.9804613804,1722911.1578546439,17627,65,68,3,2
5584,1855076.978510029,1860062.7413551677,17627,65,68,3,3
5585,2061317.8857827873,2061493.016290227,17627,65,67,2,2
5586,2271883.4643067378,2271883.4646067377,17627,65,65,0,1
5587,2321398.189727892,2321398.190027893,17627,65,65,0,1
5588,2255399.7733855583,2255399.7736855582,17627,65,65,0,1
5589,2216280.8699150947,2216280.8702150946,17627,65,65,0,1
5590,1964537.895920586,1964537.8962205858,17627,65,65,0,1
5591,1715485.598397221,1715485.5986972204,17627,65,65,0,1
5592,1562173.7843728906,1562173.7846728908,17627,65,65,0,1
5593,1506554.9650069068,1506554.9653059186,17627,65,65,0,1
5594,1469213.2252749202,1469213.2255438135,17627,65,65,0,1
5595,1488181.7466291739,1488181.7469121697,17627,65,65,0,1
5596,1547706.7642788715,1547706.7645788712,17627,65,65,0,1
5597,1678242.9951363548,1678242.9954363548,17627,65,65,0,1
5598,2018761.5550600705,2018761.555360071,17627,65,65,0,1
5599,2125097.199460485,2125097.1997604854,17627,65,65,0,1
5600,2018273.9016438655,2018559.8265001338,17627,65,69,2,2
5601,1816639.4901615493,1825887.0894253878,17627,65,68,3,2
5602,1677730.7584796404,1704770.0306423223,17627,65,68,3,2
5603,1682553.1385021145,1723961.411847379,17627,65,71,3,2
5604,1619407.1524501115,1652878.599953562,17627,65,75,3,2
5605,1580491.0395815305,1614207.5976938643,17627,65,76,3,2
5606,1574675.22436743,1604100.4001155098,17627,65,73,3,2
5607,1589404.8652446624,1611500.8528142595,17627,65,70,3,2
5608,1703129.4333048859,1717457.1063329764,17627,65,68,3,2
5609,1917623.3530978984,1917978.1258619542,17627,65,67,2,2
5610,2138910.725500742,2138947.459203964,17627,65,67,2,2
5611,2180346.9699710263,2180346.9702710262,17627,65,65,0,1
5612,2117970.4256146555,2117970.4259146554,17627,65,65,0,1
5613,2056287.92837205,2056309.8087727786,17627,65,69,2,2
5614,1783144.409499434,1783144.409799434,17627,65,65,0,1
5615,1511669.0462768576,1511669.046522515,17627,65,65,0,1
5616,1342210.993415205,1342210.9937152122,17627,65,65,0,1
5617,1268278.7629105863,1268278.7632105765,17627,65,65,0,1
5618,1252698.437779552,1252698.4380795606,17627,65,65,0,1
5619,1258792.174915032,1258792.1752150273,17627,65,65,0,1
5620,1242593.5143292646,1242593.5146292646,17627,65,65,0,1
5621,1367264.2953453346,1367264.2956453327,17627,65,65,0,1
5622,1767702.8038093653,1767702.8041093652,17627,65,65,0,1
5623,1925177.4180586569,1925414.1143410439,17627,65,69,2,2
5624,1765363.192711309,1765994.6930889394,17627,65,69,2,2
5625,1482532.7203054945,1497936.8948452694,17627,65,70,3,2
5626,1258490.5618907416,1258490.5621907413,17627,65,65,0,1
5627,1187667.1353194453,1190731.09612922,17627,65,69,2,2
5628,1098275.9327583904,1098948.7422570186,17627,65,67,2,2
5629,1291619.589002652,1295131.2050078753,17627,65,69,2,2
5630,1387181.8560521319,1387334.7237120522,17627,65,69,2,2
5631,1414168.963852475,1414240.7477527345,17627,65,69,2,2
5632,1488245.2352202865,1488276.3335359734,17627,65,69,2,2
5633,1645693.9011851172,1645693.9013909765,17627,65,65,0,1
5634,1842945.5214479645,1843148.0476540888,17627,65,71,2,2
5635,1921387.8655115832,1921773.4188561116,17627,65,73,2,2
5636,1927442.7680208501,1928074.1068669069,17627,65,74,2,2
5637,1883372.5163824598,1884165.58676138,17627,65,71,2,2
5638,1640477.9188022232,1640477.919029315,17627,65,65,0,1
5639,1445334.96061299,1445334.9609129874,17627,65,65,0,1
5640,1360568.8262628273,1360568.8265628254,17627,65,65,0,1
5641,1339326.960240624,1339326.9605406264,17627,65,65,0,1
5642,1302814.7026774844,1302814.7029774887,17627,65,65,0,1
5643,1323679.721141191,1323679.7214411907,17627,65,65,0,1
5644,1357185.8165208786,1357185.8168208809,17627,65,65,0,1
5645,1496079.2448784353,1496079.2451045243,17627,65,65,0,1
5646,1872223.9536896462,1872223.9539896455,17627,65,65,0,1
5647,1991212.2726356192,1991230.6268919434,17627,65,67,2,2
5648,1928090.2350501758,1928253.2271843925,17627,65,69,2,2
5649,1568938.2048297832,1569180.7371269786,17627,65,67,2,2
5650,1368553.1453290407,1372679.6585466387,17627,65,68,3,3
5651,1284021.013596977,1293478.8879603539,17627,65,68,3,2
5652,1218590.677422884,1226385.1358713256,17627,65,66,1,2
5653,1202988.1299693552,1211850.7110456931,17627,65,66,1,2
5654,1211604.4157135333,1219862.317814265,17627,65,66,1,2
5655,1314577.926874795,1321200.3320181905,17627,65,68,3,2
5656,1440117.1055229413,1441527.6636384472,17627,65,68,3,3
5657,1661211.622424106,1661259.761860423,17627,65,67,2,2
5658,1813330.2447354316,1813330.2449661945,17627,65,65,0,1
5659,1859611.4632165222,1859611.4634205136,17627,65,65,0,1
5660,1817664.2144524008,1817728.0241018785,17627,65,67,2,2
5661,1750849.8977831136,1750923.2384007615,17627,65,67,2,2
5662,1444540.2018281096,1444567.4528579465,17627,65,67,2,2
5663,1180967.8319854608,1180967.832285461,17627,65,65,0,1
5664,1036413.4228872664,1036413.4231872666,17627,65,65,0,1
5665,972147.2601717928,972147.2604717934,17627,65,65,0,1
5666,965484.1186539456,965484.118953946,17627,65,65,0,1
5667,985892.0638421108,985892.0641421113,17627,65,65,0,1
5668,1028549.2125596146,1028549.2128596148,17627,65,65,0,1
5669,1202726.1857114213,1202726.1860114213,17627,65,65,0,1
5670,1582024.4607667201,1582156.245735174,17627,65,69,2,2
5671,1726684.8355526535,1727341.8037570969,17627,65,69,2,2
5672,1616538.1188183539,1617128.4633813938,17627,65,71,2,2
5673,1417654.4256758792,1418030.9282304868,17627,65,67,2,2
5674,1283955.122578021,1286354.6508367541,17627,65,67,2,2
5675,1184148.488456142,1197823.691910661,17627,65,68,2,2
5676,1088805.8348934366,1109861.0428011636,17627,65,68,2,2
5677,1011007.3321452222,1027563.5129857834,17627,65,68,2,2
5678,1004621.2741827766,1008017.5895432112,17627,65,67,2,2
5679,1200971.367050211,1200971.367350211,17627,65,65,0,1
5680,1411735.0667575886,1411835.5141487191,17627,65,69,2,2
5681,1656575.4405756234,1656575.440857405,17627,65,65,0,1
5682,1814711.4718257776,1814711.4721257775,17627,65,65,0,1
5683,1876340.944609538,1876340.944909538,17627,65,65,0,1
5684,1852930.762325085,1852930.762625085,17627,65,65,0,1
5685,1684397.6059332297,1684397.6061798779,17627,65,65,0,1
5686,1436259.9461591232,1436259.9464591215,17627,65,65,0,1
5687,1197974.2726600769,1197974.2729600766,17627,65,65,0,1
5688,1041357.9110891023,1041357.9113891023,17627,65,65,0,1
5689,1008640.1162680862,1008640.1165680864,17627,65,65,0,1
5690,967294.6965915152,967294.6968915152,17627,65,65,0,1
5691,975685.5456087721,975685.545908772,17627,65,65,0,1
5692,976912.1953057825,976912.1956057824,17627,65,65,0,1
5693,1016125.7343399181,1016125.7346399178,17627,65,65,0,1
5694,1110203.07288476,1110203.0731847598,17627,65,65,0,1
5695,1141286.4678932307,1141286.468193231,17627,65,65,0,1
5696,1080150.4433932193,1081097.8636456258,17627,65,66,1,2
5697,918667.2064950226,918667.2067950227,17627,65,65,0,1
5698,754623.3262753864,754623.3265753934,17627,65,65,0,1
5699,642127.9473316192,664989.4028458964,17627,65,68,2,2
5700,575124.709488593,598182.4265002358,17627,65,71,2,2
5701,550030.9956541202,566611.3291322575,17627,65,70,2,2
5702,543798.6562557482,553622.0592174067,17627,65,67,2,2
5703,602531.4349332061,602531.4352332144,17627,65,65,0,1
5704,782297.0884427276,782297.0887427273,17627,65,65,0,1
5705,987972.3692518992,987972.3695518991,17627,65,65,0,1
5706,1208611.0237075572,1208611.0240075563,17627,65,65,0,1
5707,1322141.950692124,1322141.950992125,17627,65,65,0,1
5708,1304793.6897288966,1304793.6900288977,17627,65,65,0,1
5709,1252775.751541113,1252775.7518411134,17627,65,65,0,1
5710,1098687.8065399546,1098687.8068399546,17627,65,65,0,1
5711,935578.7474387547,935578.7477387553,17627,65,65,0,1
5712,828674.3278551546,828674.3281551553,17627,65,65,0,1
5713,735263.0198448426,735263.020109994,17627,65,65,0,1
5714,669661.1169799162,669661.1172075493,17627,65,65,0,1
5715,639696.5508771576,639696.5510851729,17627,65,65,0,1
5716,646165.6428900831,646165.6430941988,17627,65,65,0,1
5717,673120.0485409974,673120.0487501976,17627,65,65,0,1
5718,723984.1305792329,723984.1308135263,17627,65,65,0,1
5719,691753.2723914434,691753.27262184,17627,65,65,0,1
5720,721101.6744546071,721101.6747042533,17627,65,65,0,1
5721,733092.5221100661,733092.522381147,17627,65,65,0,1
5722,767518.397519453,767518.3978152581,17627,65,65,0,1
5723,825714.8743752382,825714.874675238,17627,65,65,0,1
5724,836316.1388615358,836316.1391615355,17627,65,65,0,1
5725,809342.903128617,809342.9034286165,17627,65,65,0,1
5726,827032.8981535191,827032.898453519,17627,65,65,0,1
5727,883716.6359201724,883716.636220172,17627,65,65,0,1
5728,991584.2270025022,991584.2273025012,17627,65,65,0,1
5729,1183109.4230101022,1183109.423310109,17627,65,65,0,1
5730,1384559.2162841745,1384559.2165473134,17627,65,65,0,1
5731,1487791.6732016886,1487791.673427896,17627,65,65,0,1
5732,1550601.3282294585,1550601.3285078644,17627,65,65,0,1
5733,1578237.4005566053,1578237.4008566053,17627,65,65,0,1
5734,1514124.786516372,1514124.786778927,17627,65,65,0,1
5735,1369717.3690205636,1369717.3692519332,17627,65,65,0,1
5736,1262889.9227031623,1262889.923003157,17627,65,65,0,1
5737,1228945.5262380182,1228945.5265380202,17627,65,65,0,1
5738,1212922.0747202574,1212922.0750202588,17627,65,65,0,1
5739,1231465.4138502995,1231465.4141485407,17627,65,65,0,1
5740,1281733.6506982783,1281733.6509508677,17627,65,65,0,1
5741,1490790.4027244286,1490790.4030244285,17627,65,65,0,1
5742,1981060.999798538,1981061.0000985384,17627,65,65,0,1
5743,2117629.2642051745,2117629.2645051745,17627,65,65,0,1
5744,1968391.9949984336,1968539.6431898854,17627,65,67,2,2
5745,1760094.3768061027,1760454.6812132667,17627,65,67,2,2
5746,1618933.4253013772,1629378.571731479,17627,65,68,3,2
5747,1529577.0290217844,1546260.9881410943,17627,65,68,3,2
5748,1464551.6518648362,1478827.1082252942,17627,65,68,3,2
5749,1460919.7243220278,1472231.842187393,17627,65,68,3,2
5750,1452914.4811451668,1462904.475111273,17627,65,68,3,2
5751,1508139.8728388017,1515146.3327056137,17627,65,68,3,2
5752,1584399.6014435939,1588049.524675089,17627,65,68,3,2
5753,1778084.2503603215,1778182.344090023,17627,65,67,2,2
5754,2049465.9973262385,2049465.9976262385,17627,65,65,0,1
5755,2215786.9504295504,2215786.9507295503,17627,65,65,0,1
5756,2157840.7376849055,2157840.737984906,17627,65,65,0,1
5757,2034213.1359784957,2034213.1362784957,17627,65,65,0,1
5758,1741126.7393821462,1741126.7396821459,17627,65,65,0,1
5759,1480348.873402815,1480348.873689485,17627,65,65,0,1
5760,1363034.973115574,1363034.973319985,17627,65,65,0,1
5761,1304898.4983186293,1304898.4985523466,17627,65,65,0,1
5762,1271518.1156505344,1271518.115907167,17627,65,65,0,1
5763,1286983.7631692728,1286983.7634086658,17627,65,65,0,1
5764,1362910.0465098424,1362910.046730382,17627,65,65,0,1
5765,1562594.2164198079,1562594.2167198078,17627,65,65,0,1
5766,1986865.7136241458,1986865.713924146,17627,65,65,0,1
5767,2111931.470405598,2111931.470705599,17627,65,65,0,1
5768,1988155.708845374,1988388.4506147394,17627,65,67,2,2
5769,1761619.473289668,1765836.2303486683,17627,65,68,3,3
5770,1651909.0908172028,1673344.0900589498,17627,65,68,3,2
5771,1658871.889958169,1688038.3304097492,17627,65,69,3,2
5772,1621338.3405109346,1649617.9984367264,17627,65,71,3,2
5773,1589661.0637913165,1617638.6154060727,17627,65,71,3,2
5774,1545161.7162965024,1571743.093196044,17627,65,71,3,2
5775,1562735.9529057778,1583013.5704078795,17627,65,68,3,2
5776,1628777.4172079323,1638385.7923156167,17627,65,68,3,2
5777,1862353.0677988953,1862588.911939065,17627,65,67,2,2
5778,2153405.759699003,2153405.759999003,17627,65,65,0,1
5779,2273529.0423528086,2273529.0426528086,17627,65,65,0,1
5780,2324983.3459101776,2324983.3462101785,17627,65,65,0,1
5781,2240337.327377819,2240337.327677819,17627,65,65,0,1
5782,1980859.198147675,1980859.198447675,17627,65,65,0,1
5783,1754542.7363894498,1754542.7366894502,17627,65,65,0,1
5784,1631199.7839274565,1631199.7842274564,17627,65,65,0,1
5785,1550880.6351584708,1550880.6354584708,17627,65,65,0,1
5786,1520040.7974422462,1520040.7977422462,17627,65,65,0,1
5787,1516955.9997352555,1516956.0000352554,17627,65,65,0,1
5788,1540187.9518454135,1540187.9521454133,17627,65,65,0,1
5789,1697813.400973213,1697813.4012732129,17627,65,65,0,1
5790,2155033.5935272514,2155033.5938272513,17627,65,65,0,1
5791,2256198.804758976,2256198.805058976,17627,65,65,0,1
5792,2137019.7618876137,2137235.322515842,17627,65,67,2,2
5793,1863001.3833902122,1870637.7576450754,17627,65,68,3,3
5794,1684623.3007565406,1707856.475914892,17627,65,68,3,2
5795,1559887.215139375,1589218.8352530152,17627,65,69,3,2
5796,1429114.9828620423,1460375.570914098,17627,65,70,3,2
5797,1359258.6066965857,1392647.8908761225,17627,65,71,3,2
5798,1374095.101637028,1397946.6220539338,17627,65,69,3,2
5799,1512899.2631703354,1529008.1510439361,17627,65,68,3,2
5800,1686269.2183065591,1686395.8995127478,17627,65,67,2,2
5801,1931391.1680176137,1931452.9234655513,17627,65,67,2,2
5802,2176827.129039417,2176827.129339417,17627,65,65,0,1
5803,2286637.4700720995,2286637.4703720994,17627,65,65,0,1
5804,2294149.557306531,2294149.557606531,17627,65,65,0,1
5805,2201609.6599357123,2201609.660235713,17627,65,65,0,1
5806,1947767.9333766308,1947767.933676631,17627,65,65,0,1
5807,1711784.9167514844,1711784.9170514846,17627,65,65,0,1
5808,1514174.8522692868,1514174.8525692865,17627,65,65,0,1
5809,1401458.33802432,1401458.3382670234,17627,65,65,0,1
5810,1389840.7508361018,1389840.7510653443,17627,65,65,0,1
5811,1402086.5650979728,1402086.5653285086,17627,65,65,0,1
5812,1461324.9575259122,1461324.9577958758,17627,65,65,0,1
5813,1629734.2296211203,1629734.22992112,17627,65,65,0,1
5814,2064558.310046792,2064558.310346792,17627,65,65,0,1
5815,2217661.954786048,2217661.955086048,17627,65,65,0,1
5816,2151257.8909105062,2151436.1200757693,17627,65,67,2,2
5817,1936876.7283469606,1940185.166905005,17627,65,70,3,3
5818,1800031.046259663,1820665.52934722,17627,65,70,3,2
5819,1756879.6186602567,1796441.0134560934,17627,65,72,3,2
5820,1609968.4939756175,1639586.1665412649,17627,65,73,3,2
5821,1497007.4377883356,1521742.8882538818,17627,65,70,3,2
5822,1486582.9946337387,1498968.5763315004,17627,65,68,3,2
5823,1586915.7627943153,1587071.9782883408,17627,65,67,2,2
5824,1742104.9288516836,1742136.412270146,17627,65,67,2,2
5825,1909148.7608588587,1909173.7980814087,17627,65,67,2,2
5826,2025535.3767597913,2025535.3770597915,17627,65,65,0,1
5827,2062376.5377160516,2062376.538016052,17627,65,65,0,1
5828,2024310.0429775678,2024310.0432775677,17627,65,65,0,1
5829,1898300.5043073744,1898300.5046073736,17627,65,65,0,1
5830,1645376.2144670624,1645376.214767062,17627,65,65,0,1
5831,1427050.767023892,1427050.7672239747,17627,65,65,0,1
5832,1271893.3533311584,1271893.3536311518,17627,65,65,0,1
5833,1207350.7360496845,1207350.736349675,17627,65,65,0,1
5834,1166253.9147618893,1166253.9150618832,17627,65,65,0,1
5835,1164175.7692030391,1164175.7695030433,17627,65,65,0,1
5836,1229622.704978913,1229622.705278913,17627,65,65,0,1
5837,1429743.6690047684,1429743.6692336097,17627,65,65,0,1
5838,1862710.4966917373,1862710.4969917375,17627,65,65,0,1
5839,2028800.936628607,2028800.9369286073,17627,65,65,0,1
5840,2030647.1269014368,2030716.1434912267,17627,65,69,2,2
5841,1915985.6783726192,1916139.9993257003,17627,65,69,2,2
5842,1864706.196097091,1865037.531590247,17627,65,69,2,2
5843,1781372.5791150539,1781681.6061673197,17627,65,69,2,2
5844,1648208.3752991501,1648460.113898114,17627,65,67,2,2
5845,1542595.5173841342,1543046.4795957115,17627,65,67,2,2
5846,1424617.4849026832,1424695.3024739549,17627,65,67,2,2
5847,1452285.816475268,1452313.617601233,17627,65,67,2,2
5848,1524604.5723444647,1524629.7245264784,17627,65,67,2,2
5849,1626944.74143273,1626944.7416847153,17627,65,65,0,1
5850,1751379.340153055,1751379.3404497476,17627,65,65,0,1
5851,1832215.1416650373,1832215.1419650372,17627,65,65,0,1
5852,1803657.1831169731,1803657.183416973,17627,65,65,0,1
5853,1639540.0452815033,1639540.0455420471,17627,65,65,0,1
5854,1431183.6130823032,1431183.6133664988,17627,65,65,0,1
5855,1241590.8135753549,1241590.813875352,17627,65,65,0,1
5856,1144628.367886735,1144628.3681867355,17627,65,65,0,1
5857,1101397.3406392448,1101397.3409392457,17627,65,65,0,1
5858,1056644.4246764495,1056644.424964394,17627,65,65,0,1
5859,1038395.1171770738,1038395.1174416583,17627,65,65,0,1
5860,1023921.4151757606,1023921.4154237047,17627,65,65,0,1
5861,1067467.6808585343,1067467.6811220103,17627,65,65,0,1
5862,1173248.654512827,1173248.6548128214,17627,65,65,0,1
5863,1171661.2666856165,1171661.2669856157,17627,65,65,0,1
5864,1151493.573997226,1151498.5181197478,17627,65,67,2,2
5865,1068521.16805514,1068521.1683551397,17627,65,65,0,1
5866,952022.1260898073,952022.1263898071,17627,65,65,0,1
5867,939384.122165091,939384.1224650908,17627,65,65,0,1
5868,924028.138857019,924028.1391570189,17627,65,65,0,1
5869,903275.6604050469,903275.660705047,17627,65,65,0,1
5870,905839.4863142481,905839.486614248,17627,65,65,0,1
5871,973541.2480313885,973541.2483313882,17627,65,65,0,1
5872,1109292.6525891637,1109292.6528891642,17627,65,65,0,1
5873,1324815.9354594375,1324815.9357594359,17627,65,65,0,1
5874,1550017.6313801692,1550017.6316641488,17627,65,65,0,1
5875,1687238.4937451277,1687238.4940451274,17627,65,65,0,1
5876,1694479.134005662,1694479.134305662,17627,65,65,0,1
5877,1616312.2245881679,1616312.2248881678,17627,65,65,0,1
5878,1473801.921134585,1473801.9214044183,17627,65,65,0,1
5879,1349609.5217503854,1349609.5219726714,17627,65,65,0,1
5880,1254110.81291929,1254110.8132107856,17627,65,65,0,1
5881,1165368.2354467872,1165368.2357467914,17627,65,65,0,1
5882,1113683.0379044742,1113683.0382044795,17627,65,65,0,1
5883,1090903.9176914042,1090903.917991414,17627,65,65,0,1
5884,1076003.3868912128,1076003.3871912106,17627,65,65,0,1
5885,1106348.0684055616,1106348.0687055597,17627,65,65,0,1
5886,1140762.5654180548,1140762.5657180627,17627,65,65,0,1
5887,1104703.8214294692,1104703.8217294733,17627,65,65,0,1
5888,1056441.086761762,1056441.0870617623,17627,65,65,0,1
5889,964680.2988823784,971299.4695392178,17627,65,66,1,2
5890,881973.5515463774,881973.5518463771,17627,65,65,0,1
5891,855138.9984369806,855138.9987369804,17627,65,65,0,1
5892,844003.7301107395,844003.7304107393,17627,65,65,0,1
5893,785698.1142007719,785698.1145007717,17627,65,65,0,1
5894,777034.2229864998,777034.2232864995,17627,65,65,0,1
5895,868383.5405372386,872945.2781792644,17627,65,66,1,2
5896,968895.9901234882,970491.7349533893,17627,65,66,1,2
5897,1196361.1739793087,1196361.1742792982,17627,65,65,0,1
5898,1410560.038210068,1410560.0384118746,17627,65,65,0,1
5899,1570559.7343725604,1570559.7346725604,17627,65,65,0,1
5900,1654318.7946937345,1654318.7949937345,17627,65,65,0,1
5901,1585826.942709431,1585826.943009431,17627,65,65,0,1
5902,1429981.80876813,1429981.809014235,17627,65,65,0,1
5903,1289932.013708455,1289932.0139673823,17627,65,65,0,1
5904,1152637.42401233,1152637.424312324,17627,65,65,0,1
5905,1083113.9249551352,1083113.925255137,17627,65,65,0,1
5906,1055334.8226292483,1055334.8229292482,17627,65,65,0,1
5907,1038724.1123269888,1038724.1126269896,17627,65,65,0,1
5908,1097561.7771249546,1097561.7774249604,17627,65,65,0,1
5909,1264244.8853801885,1264244.885680184,17627,65,65,0,1
5910,1763431.3187186124,1763431.3190186128,17627,65,65,0,1
5911,1926617.8298954475,1926661.4018336106,17627,65,67,2,2
5912,1813795.1198855154,1814094.996829219,17627,65,69,2,2
5913,1586704.7591620712,1589906.3628632417,17627,65,70,3,3
5914,1479178.4813589593,1482751.3202275252,17627,65,70,3,3
5915,1501583.060793526,1502589.7514558695,17627,65,69,2,2
5916,1480380.270054251,1481271.4741369202,17627,65,69,2,2
5917,1400054.3303739275,1400397.237584587,17627,65,69,2,2
5918,1419791.8891549876,1420048.6126374698,17627,65,69,2,2
5919,1511179.441422882,1511321.5307821385,17627,65,67,2,2
5920,1550818.1310535404,1551042.1727958063,17627,65,67,2,2
5921,1671295.4421481183,1671312.2270651727,17627,65,67,2,2
5922,1867786.0849545137,1867826.4199432,17627,65,69,2,2
5923,1939967.8378848666,1940080.0531348153,17627,65,69,2,2
5924,1936676.6992416885,1936836.8123513917,17627,65,69,2,2
5925,1809329.0859342688,1809329.0862342687,17627,65,65,0,1
5926,1548892.6580155254,1548892.6582504215,17627,65,65,0,1
5927,1336147.2785548177,1336147.2788548158,17627,65,65,0,1
5928,1199590.2716643335,1199590.2719643344,17627,65,65,0,1
5929,1109657.6992356647,1109657.699535665,17627,65,65,0,1
5930,1020691.2856290354,1020691.2859290354,17627,65,65,0,1
5931,998756.4596500542,998756.4599500542,17627,65,65,0,1
5932,1024620.6406953098,1024620.6409953104,17627,65,65,0,1
5933,1186523.8069364857,1186523.807236486,17627,65,65,0,1
5934,1647002.2545656175,1647376.1225705242,17627,65,69,2,2
5935,1803852.5051077604,1804129.841701942,17627,65,73,2,2
5936,1646012.174136987,1646353.769516876,17627,65,69,2,2
5937,1375394.5752523434,1375793.6051501632,17627,65,69,2,2
5938,1187145.006365797,1187745.9585810776,17627,65,69,2,2
5939,1053635.6045600548,1053635.6048600548,17627,65,65,0,1
5940,960703.9311365348,960703.9314365347,17627,65,65,0,1
5941,922918.9622969284,922918.962596928,17627,65,65,0,1
5942,961850.989960415,961913.1158773939,17627,65,67,2,2
5943,1037331.4077126083,1037819.2266426722,17627,65,67,2,2
5944,1061364.180844111,1061587.4516709615,17627,65,67,2,2
5945,1315663.8323299987,1315855.3275959268,17627,65,69,2,2
5946,1553805.9859457077,1554128.5660350597,17627,65,69,2,2
5947,1635708.3251604477,1636629.6947793793,17627,65,71,2,2
5948,1652962.5475572213,1654201.42037377,17627,65,71,2,2
5949,1501598.1878252283,1501948.6897694129,17627,65,67,2,2
5950,1234422.4328269837,1234506.3917922415,17627,65,67,2,2
5951,1043537.2522613576,1043537.2525613576,17627,65,65,0,1
5952,887195.2001552118,887195.2004552118,17627,65,65,0,1
5953,838748.7023319011,838748.7026319011,17627,65,65,0,1
5954,795764.3294991704,795764.3297882293,17627,65,65,0,1
5955,802332.4481068945,802332.4483942322,17627,65,65,0,1
5956,865196.5223265968,865196.5226265977,17627,65,65,0,1
5957,1041263.7246423663,1041263.7249423662,17627,65,65,0,1
5958,1449605.0323370215,1449832.1686930517,17627,65,75,2,2
5959,1619390.2053122735,1620261.636645005,17627,65,76,2,2
5960,1568871.5373857159,1570184.312967963,17627,65,75,2,2
5961,1343073.2505339684,1347356.207441656,17627,65,67,2,2
5962,1238071.7048078878,1242265.821300509,17627,65,67,2,2
5963,1264111.8911478408,1268577.4977372556,17627,65,67,2,2
5964,1220226.8521351484,1223122.3341849737,17627,65,67,2,2
5965,1225925.4282757042,1227870.0003089998,17627,65,67,2,2
5966,1186576.0928486548,1186576.0931486548,17627,65,65,0,1
5967,1258722.4563551804,1258772.3678149157,17627,65,67,2,2
5968,1316000.2011835626,1316022.4592299848,17627,65,67,2,2
5969,1495421.0792992907,1495604.8028842607,17627,65,69,2,2
5970,1700015.469498568,1700172.775315775,17627,65,67,2,2
5971,1792496.8191362137,1794450.2489368906,17627,65,71,2,2
5972,1825768.3681046297,1826454.274043614,17627,65,71,2,2
5973,1694863.164407182,1695413.3284592568,17627,65,69,2,2
5974,1475343.5992936105,1475343.5995286205,17627,65,65,0,1
5975,1310507.5183733758,1310507.5186733757,17627,65,65,0,1
5976,1193225.4523995987,1193225.4526627937,17627,65,65,0,1
5977,1154424.4428317142,1154424.4430771174,17627,65,65,0,1
5978,1123142.4194241357,1123142.4196599626,17627,65,65,0,1
5979,1143894.6735277895,1143894.6737745863,17627,65,65,0,1
5980,1204639.4814361664,1204639.4817066437,17627,65,65,0,1
5981,1406032.6288076236,1406032.629059027,17627,65,65,0,1
5982,1867029.6828628962,1867029.6831628955,17627,65,65,0,1
5983,2047747.9267814169,2047747.9270814164,17627,65,65,0,1
5984,1974638.275894918,1974703.3758709119,17627,65,67,2,2
5985,1793808.6758667943,1794090.8131670083,17627,65,69,2,2
5986,1691640.235371247,1691901.779648316,17627,65,69,2,2
5987,1732705.9995921403,1733042.1771891732,17627,65,69,2,2
5988,1642062.7550444321,1642287.3403774695,17627,65,67,2,2
5989,1568308.7927424414,1568429.273368664,17627,65,67,2,2
5990,1523462.3312096265,1523501.5150835526,17627,65,67,2,2
5991,1549290.827600285,1549290.8278689815,17627,65,65,0,1
5992,1583971.8799676509,1583971.8802434602,17627,65,65,0,1
5993,1763815.5817454811,1763917.7605633046,17627,65,67,2,2
5994,1937924.7608391517,1937924.7611391514,17627,65,65,0,1
5995,2070552.4778459985,2070552.4781459987,17627,65,65,0,1
5996,2105236.8037969638,2105236.8040969637,17627,65,65,0,1
5997,1950886.1087267294,1950886.1090267294,17627,65,65,0,1
5998,1694086.5080533442,1694086.5083533437,17627,65,65,0,1
5999,1434858.789114445,1434858.789414445,17627,65,65,0,1
6000,1314267.3681040392,1314267.3683391816,17627,65,65,0,1
6001,1235295.9192544422,1235295.9194679293,17627,65,65,0,1
6002,1166845.2169650132,1166845.2172272382,17627,65,65,0,1
6003,1129942.479928599,1129942.480214903,17627,65,65,0,1
6004,1158964.4126170548,1158964.4128774784,17627,65,65,0,1
6005,1342859.7575556794,1342859.75783213,17627,65,65,0,1
6006,1762361.6738572838,1762361.6741572847,17627,65,65,0,1
6007,1920374.1978706287,1920374.198170628,17627,65,65,0,1
6008,1858715.1568704708,1858787.3396961114,17627,65,67,2,2
6009,1649108.812475753,1649360.2486043898,17627,65,67,2,2
6010,1568327.6233484633,1568482.1445116522,17627,65,67,2,2
6011,1533908.3220877172,1533987.067967052,17627,65,67,2,2
6012,1477492.6942739887,1477492.6945608163,17627,65,65,0,1
6013,1465908.2552921833,1465908.255551365,17627,65,65,0,1
6014,1477724.9235434448,1477724.9237837077,17627,65,65,0,1
6015,1542085.0455616126,1542085.0458410238,17627,65,65,0,1
6016,1611226.023934801,1611226.0242348015,17627,65,65,0,1
6017,1805164.5688892202,1805196.4747105646,17627,65,67,2,2
6018,2022653.8106088291,2022653.810908829,17627,65,65,0,1
6019,2105963.4800328542,2105963.4803328547,17627,65,65,0,1
6020,2129524.474220597,2129524.474520597,17627,65,65,0,1
6021,2006164.3035490615,2006164.3038490615,17627,65,65,0,1
6022,1795730.3583830188,1795730.3586830185,17627,65,65,0,1
6023,1630642.3775232513,1630642.3778232513,17627,65,65,0,1
6024,1433205.3094861768,1433205.3097520503,17627,65,65,0,1
6025,1375247.3629746144,1375247.3631981877,17627,65,65,0,1
6026,1325372.6805756576,1325372.6807891561,17627,65,65,0,1
6027,1294411.4780589612,1294411.4782984143,17627,65,65,0,1
6028,1296032.5480383,1296032.548272722,17627,65,65,0,1
6029,1336627.0305855656,1336627.0307887252,17627,65,65,0,1
6030,1471850.574811922,1471850.5751119219,17627,65,65,0,1
6031,1514362.1526502057,1514362.1529502054,17627,65,65,0,1
6032,1441902.8949899268,1441902.8952427525,17627,65,65,0,1
6033,1279118.0336824744,1293943.624087804,17627,65,68,3,2
6034,1127592.598351476,1144892.0986596812,17627,65,70,1,2
6035,1030168.657342267,1035528.2714056255,17627,65,66,1,2
6036,957284.6143777445,957284.6146777445,17627,65,65,0,1
6037,878554.2372262292,878554.2375262289,17627,65,65,0,1
6038,875912.3848366195,875912.3851366191,17627,65,65,0,1
6039,938692.5180856066,938692.5183856061,17627,65,65,0,1
6040,994480.953516006,1003510.1485265952,17627,65,66,1,2
6041,1227782.6865962269,1227782.6868962282,17627,65,65,0,1
6042,1489029.4352954966,1489029.435570045,17627,65,65,0,1
6043,1548484.173268065,1548484.173568065,17627,65,65,0,1
6044,1562066.1103235087,1562066.1106235087,17627,65,65,0,1
6045,1439191.8579037737,1439191.8581217122,17627,65,65,0,1
6046,1311715.163394474,1311715.1636685256,17627,65,65,0,1
6047,1185807.0208817648,1185807.021181765,17627,65,65,0,1
6048,1105241.718920556,1105241.719220551,17627,65,65,0,1
6049,1044341.0223255141,1044341.0226255074,17627,65,65,0,1
6050,974389.2407990536,974389.2410990536,17627,65,65,0,1
6051,931541.6061869741,931541.6064869738,17627,65,65,0,1
6052,921289.8494370099,921289.8497370098,17627,65,65,0,1
6053,933541.6964906208,933541.6967906213,17627,65,65,0,1
6054,984218.8033557874,984218.8036557846,17627,65,65,0,1
6055,977921.9649888736,977921.9652888733,17627,65,65,0,1
6056,851045.8349945971,855669.6518281756,17627,65,66,1,2
6057,663467.6971332835,663467.6974332829,17627,65,65,0,1
6058,548531.9111601391,556196.4558481138,17627,65,66,1,2
6059,491671.1421773508,516762.85241290083,17627,65,75,3,3
6060,461521.55534172594,465821.57989526144,17627,65,66,1,2
6061,397503.6143146913,411313.83580978867,17627,65,70,3,3
6062,400263.7181209867,407757.1373615581,17627,65,66,1,2
6063,500131.2223490239,500131.2226409505,17627,65,65,0,1
6064,613353.8647247804,613353.8649773601,17627,65,65,0,1
6065,915613.1646957819,915613.1649957821,17627,65,65,0,1
6066,1229843.7303705239,1229843.7306705168,17627,65,65,0,1
6067,1335669.306767349,1335669.30706735,17627,65,65,0,1
6068,1465743.5415346667,1465743.5417945397,17627,65,65,0,1
6069,1392643.9229061098,1392643.9232061012,17627,65,65,0,1
6070,1276158.950386302,1276158.950686308,17627,65,65,0,1
6071,1131662.0424451195,1131662.0427451192,17627,65,65,0,1
6072,1092990.3942711416,1092990.3945701947,17627,65,65,0,1
6073,1054312.5237330175,1054312.5240160008,17627,65,65,0,1
6074,999094.6297553856,999094.6300152128,17627,65,65,0,1
6075,999133.0561921279,999133.0564506464,17627,65,65,0,1
6076,1016197.229326152,1016197.2295870447,17627,65,65,0,1
6077,1188771.4238987805,1188771.4241987832,17627,65,65,0,1
6078,1741296.991741456,1741296.992041456,17627,65,65,0,1
6079,1936675.4786171645,1936688.9189553556,17627,65,67,2,2
6080,1800441.4352666466,1800696.1533302765,17627,65,67,2,2
6081,1575917.3319306364,1586599.3622858177,17627,65,70,3,2
6082,1434694.2761579922,1457111.0274999293,17627,65,70,3,2
6083,1311632.7816164843,1328423.612250654,17627,65,73,3,3
6084,1273517.098664771,1287871.4553007022,17627,65,67,1,2
6085,1250371.436759407,1262955.1669761424,17627,65,67,1,2
6086,1276628.0660536047,1291141.4960888932,17627,65,68,1,2
6087,1398107.3251746348,1414552.9343487942,17627,65,68,3,2
6088,1510363.8738354042,1515606.7325029261,17627,65,68,3,2
6089,1788138.8974220082,1788200.525356276,17627,65,67,2,2
6090,2045481.1676816114,2045481.1679816116,17627,65,65,0,1
6091,2137749.674619279,2137749.674919279,17627,65,65,0,1
6092,2158128.852048332,2158128.852348332,17627,65,65,0,1
6093,1946662.8797634149,1946662.8800634143,17627,65,65,0,1
6094,1704812.9262853179,1704812.9265853178,17627,65,65,0,1
6095,1443824.987941555,1443824.9881823545,17627,65,65,0,1
6096,1346743.000374286,1346743.000606985,17627,65,65,0,1
6097,1264009.1713514798,1264009.171645235,17627,65,65,0,1
6098,1223804.241275623,1223804.2415756108,17627,65,65,0,1
6099,1229841.935594952,1229841.9358949522,17627,65,65,0,1
6100,1272241.7396611352,1272241.7399354833,17627,65,65,0,1
6101,1391655.116223242,1391655.1164409518,17627,65,65,0,1
6102,1901898.5209007117,1901898.5212007116,17627,65,65,0,1
6103,2072462.188042212,2072462.1883422118,17627,65,65,0,1
6104,2041796.5066898386,2041845.3314856722,17627,65,67,2,2
6105,1877729.051256971,1878094.9216783524,17627,65,69,2,2
6106,1722455.0811975359,1726462.848031319,17627,65,68,3,3
6107,1751746.6501815678,1752271.0708224897,17627,65,69,2,2
6108,1735465.3682820345,1735918.7411207305,17627,65,69,2,2
6109,1719456.7853315999,1719816.8823997492,17627,65,69,2,2
6110,1697134.7440984375,1697337.899198267,17627,65,67,2,2
6111,1783240.804807792,1783428.9292443397,17627,65,67,2,2
6112,1868425.9753117505,1868519.4892797575,17627,65,67,2,2
6113,2020977.0766748898,2020977.0769748895,17627,65,65,0,1
6114,2081056.2581756697,2081056.25847567,17627,65,65,0,1
6115,2142523.1923008347,2142558.507278403,17627,65,67,2,2
6116,2096149.751206899,2096225.0843880505,17627,65,69,2,2
6117,1934937.1571726494,1935006.759057647,17627,65,69,2,2
6118,1702266.3455814735,1702266.3458586643,17627,65,65,0,1
6119,1467203.1124332286,1467203.1126978728,17627,65,65,0,1
6120,1330625.5975845777,1330625.5978845737,17627,65,65,0,1
6121,1315409.2526906086,1315409.252990604,17627,65,65,0,1
6122,1332334.2442650094,1332334.2445282915,17627,65,65,0,1
6123,1373913.002791507,1373913.0029983232,17627,65,65,0,1
6124,1437352.4065741068,1437352.4068310978,17627,65,65,0,1
6125,1584958.8132271217,1584958.8135271217,17627,65,65,0,1
6126,2034091.1004930579,2034091.1007930578,17627,65,65,0,1
6127,2241750.6967395125,2241750.697039513,17627,65,65,0,1
6128,2197376.9941099137,2197376.9944099137,17627,65,65,0,1
6129,2058963.1554897623,2059100.2403127712,17627,65,67,2,2
6130,1994214.733544805,1994393.0046529365,17627,65,69,2,2
6131,1932528.3663511667,1932770.6535988816,17627,65,69,2,2
6132,1870333.6886356792,1870648.410863557,17627,65,67,2,2
6133,1797695.4753622129,1798016.5421181465,17627,65,67,2,2
6134,1802331.2037630957,1802577.8656893545,17627,65,67,2,2
6135,1781361.1665842398,1781499.5135864005,17627,65,67,2,2
6136,1753711.725557345,1753765.8865943714,17627,65,67,2,2
6137,1835797.2443194375,1835904.0083030364,17627,65,67,2,2
6138,1915562.5237973703,1915573.3405895936,17627,65,67,2,2
6139,1913999.8824396776,1914024.2507173123,17627,65,69,2,2
6140,1912085.1295405685,1912149.258425486,17627,65,69,2,2
6141,1670838.1695567945,1670838.1698567942,17627,65,65,0,1
6142,1418329.5199681912,1418329.5202196056,17627,65,65,0,1
6143,1192068.5395939723,1192068.5398939708,17627,65,65,0,1
6144,1084815.2641599907,1084815.2644599907,17627,65,65,0,1
6145,1032909.5021445637,1032909.5024366542,17627,65,65,0,1
6146,1017656.9175004936,1017656.9177868643,17627,65,65,0,1
6147,1038008.5947054385,1038008.5949972325,17627,65,65,0,1
6148,1119243.2498334968,1119243.2501334928,17627,65,65,0,1
6149,1278493.118636328,1278493.118931874,17627,65,65,0,1
6150,1739502.8305870825,1739502.8308870825,17627,65,65,0,1
6151,1915532.5858272293,1915532.58612723,17627,65,65,0,1
6152,1888810.6999041967,1888898.4593060883,17627,65,67,2,2
6153,1736137.3232388957,1736289.4786113182,17627,65,67,2,2
6154,1583526.021793052,1584692.2535883132,17627,65,68,3,3
6155,1495100.41862593,1501403.8294195528,17627,65,68,3,2
6156,1441245.2770501545,1444499.0807372876,17627,65,68,3,2
6157,1468007.649091091,1469026.2624814806,17627,65,68,3,3
6158,1445157.4565625587,1448265.7693618587,17627,65,68,3,3
6159,1424813.7960102684,1431316.6657006203,17627,65,70,3,2
6160,1425631.7189897513,1427886.1483299597,17627,65,68,3,3
6161,1541042.2184622283,1541068.8846380995,17627,65,67,2,2
6162,1655640.37603815,1655640.3762450956,17627,65,65,0,1
6163,1705065.806900388,1705094.2988720227,17627,65,67,2,2
6164,1678165.4076850368,1678251.1783309227,17627,65,67,2,2
6165,1474419.2595521745,1474474.3504155104,17627,65,67,2,2
6166,1237941.8860096824,1237941.8863096826,17627,65,65,0,1
6167,1061643.590405365,1061643.590705365,17627,65,65,0,1
6168,952328.1777756617,952328.1780756618,17627,65,65,0,1
6169,921081.1631432822,921081.1634432821,17627,65,65,0,1
6170,929095.4284824132,929095.4287824132,17627,65,65,0,1
6171,941678.403804352,941678.404104352,17627,65,65,0,1
6172,980116.8555644219,980116.8558644219,17627,65,65,0,1
6173,1097944.6683417512,1097944.668641751,17627,65,65,0,1
6174,1396746.6712094953,1396746.6715094952,17627,65,65,0,1
6175,1484023.612661174,1484023.6129611752,17627,65,65,0,1
6176,1353853.6704480462,1353936.3709260845,17627,65,69,2,2
6177,1085627.3117276798,1085627.3120276802,17627,65,65,0,1
6178,961816.5400612346,975139.9995500369,17627,65,68,2,2
6179,899661.1703663623,947148.5482808735,17627,65,71,2,2
6180,832845.3578779631,897460.9456513998,17627,65,75,3,2
6181,779140.7202238294,835108.337079378,17627,65,71,3,2
6182,835615.1358367746,869931.3162248961,17627,65,68,2,2
6183,1017449.3296687123,1017516.8902390474,17627,65,67,2,2
6184,1132447.5001971158,1132447.5004971158,17627,65,65,0,1
6185,1390008.9849997917,1390068.1944937443,17627,65,69,2,2
6186,1635154.9115030032,1635154.9117341628,17627,65,65,0,1
6187,1704895.970129878,1704895.9703757933,17627,65,65,0,1
6188,1687575.6917688218,1687575.6920012305,17627,65,65,0,1
6189,1546801.3695539294,1546801.3698201163,17627,65,65,0,1
6190,1414636.8889495991,1414636.889249593,17627,65,65,0,1
6191,1306042.5517455274,1306042.5520455258,17627,65,65,0,1
6192,1221738.5158043306,1221738.5161043308,17627,65,65,0,1
6193,1203252.044518965,1203252.0448189648,17627,65,65,0,1
6194,1170537.1727970701,1170537.1730970708,17627,65,65,0,1
6195,1123508.3499257537,1123508.3502257536,17627,65,65,0,1
6196,1097346.0831618514,1097346.0834618513,17627,65,65,0,1
6197,1109356.772716391,1109356.7730163909,17627,65,65,0,1
6198,1172215.2944529066,1172215.2947529072,17627,65,65,0,1
6199,1204405.6906380123,1204405.6909380122,17627,65,65,0,1
6200,1245337.2928706538,1245337.2931706537,17627,65,65,0,1
6201,1260316.3266158425,1260316.3269158425,17627,65,65,0,1
6202,1208025.5481820444,1208025.5484820444,17627,65,65,0,1
6203,1096645.8104296275,1096645.810729627,17627,65,65,0,1
6204,1062610.7445338983,1062610.744833898,17627,65,65,0,1
6205,1011364.2238963301,1011364.2241963302,17627,65,65,0,1
6206,883187.1951045431,883187.1954045434,17627,65,65,0,1
6207,909669.4885437594,909669.48884376,17627,65,65,0,1
6208,980694.9997358029,980695.0000358028,17627,65,65,0,1
6209,1056150.435877025,1056150.4361770246,17627,65,65,0,1
6210,1165451.6735959146,1165451.6738959143,17627,65,65,0,1
6211,1208610.5885933158,1208610.5888933158,17627,65,65,0,1
6212,1167732.8663721066,1167732.8666721066,17627,65,65,0,1
6213,1070573.2767403978,1070573.2770403987,17627,65,65,0,1
6214,930989.2719976598,930989.2722976606,17627,65,65,0,1
6215,850172.696685092,850172.696985092,17627,65,65,0,1
6216,747181.9314681677,747181.9317681675,17627,65,65,0,1
6217,638787.433178761,638787.4334787639,17627,65,65,0,1
6218,608106.1656870295,608106.1659833845,17627,65,65,0,1
6219,563334.4720770032,563334.4723467467,17627,65,65,0,1
6220,566236.7123909957,566236.7126593797,17627,65,65,0,1
6221,574373.3242276716,574373.3244989564,17627,65,65,0,1
6222,601370.57289917,601370.5731825067,17627,65,65,0,1
6223,643145.0839058112,643145.0842058134,17627,65,65,0,1
6224,690650.5386370186,690650.5389370185,17627,65,65,0,1
6225,676380.7395625821,676380.7398625821,17627,65,65,0,1
6226,617066.424030581,617066.4243305828,17627,65,65,0,1
6227,556862.3761392098,558863.3367341107,17627,65,72,4,3
6228,514392.42118849314,517340.84141746885,17627,65,72,4,3
6229,468772.63196062495,475515.2082955944,17627,65,74,4,3
6230,443525.794528909,443525.7948289097,17627,65,65,0,1
6231,526561.0313566538,526561.0316547811,17627,65,65,0,1
6232,686315.547364559,686315.54766456,17627,65,65,0,1
6233,935654.848732036,935654.8490320363,17627,65,65,0,1
6234,1210536.3621973123,1210536.362497312,17627,65,65,0,1
6235,1373660.8342688151,1373660.8345688148,17627,65,65,0,1
6236,1488587.9970520674,1488608.703998015,17627,65,67,2,2
6237,1357666.7322455714,1357666.7325455719,17627,65,65,0,1
6238,1186905.4960475015,1186905.496347501,17627,65,65,0,1
6239,1008026.2778368772,1008026.2781329154,17627,65,65,0,1
6240,944422.0228453164,944422.0230849121,17627,65,65,0,1
6241,892823.0253226887,892823.0255254837,17627,65,65,0,1
6242,888804.236831601,888804.2370472224,17627,65,65,0,1
6243,893811.899499001,893811.8997201071,17627,65,65,0,1
6244,1006290.0329358815,1006290.0331630474,17627,65,65,0,1
6245,1240238.107499634,1240238.1077996213,17627,65,65,0,1
6246,1798034.8994351374,1798034.8997351374,17627,65,65,0,1
6247,2024831.7975746905,2024873.8070518505,17627,65,69,2,2
6248,1960293.0361485775,1960704.500948413,17627,65,69,2,2
6249,1754204.151507408,1758582.7842497476,17627,65,70,3,3
6250,1641894.212382697,1653765.2532544108,17627,65,70,3,2
6251,1658370.8316933215,1667175.311203819,17627,65,70,3,2
6252,1622548.5251567909,1628243.7323207837,17627,65,68,3,3
6253,1620234.1019186187,1620787.8470490219,17627,65,68,3,3
6254,1555395.4954972938,1558296.0896356788,17627,65,68,3,3
6255,1614341.1860318552,1615359.6018273437,17627,65,68,3,3
6256,1720293.958509808,1720344.717597024,17627,65,67,2,2
6257,1946805.1228049423,1946847.1077115275,17627,65,67,2,2
6258,2184235.060985791,2184235.0612857915,17627,65,65,0,1
6259,2323593.1642243965,2323593.1645243964,17627,65,65,0,1
6260,2378976.954001203,2378976.954301204,17627,65,65,0,1
6261,2135929.868526592,2135929.868826592,17627,65,65,0,1
6262,1877773.3256048483,1877773.3259048485,17627,65,65,0,1
6263,1616467.834764277,1616467.835064277,17627,65,65,0,1
6264,1495189.1647555772,1495189.1650355854,17627,65,65,0,1
6265,1467384.766503695,1467384.7667686993,17627,65,65,0,1
6266,1450744.7467246149,1450744.746983667,17627,65,65,0,1
6267,1446757.1654362916,1446757.1657033828,17627,65,65,0,1
6268,1477240.9770442531,1477240.977344253,17627,65,65,0,1
6269,1641587.9487126896,1641587.9490126893,17627,65,65,0,1
6270,2047722.485711813,2047722.486011813,17627,65,65,0,1
6271,2213474.4016006333,2213474.4019006337,17627,65,65,0,1
6272,2120832.950633186,2120832.9509331854,17627,65,65,0,1
6273,1979670.936104876,1979718.8287444836,17627,65,67,2,2
6274,2016056.844842077,2016125.2547498099,17627,65,67,2,2
6275,1778855.5402043168,1778997.9936112273,17627,65,67,2,2
6276,1738167.3263701985,1738473.96887565,17627,65,67,2,2
6277,1743607.9410265414,1743909.5876130494,17627,65,67,2,2
6278,1684016.2398578504,1684202.184948004,17627,65,67,2,2
6279,1780978.352230278,1781174.8838595548,17627,65,67,2,2
6280,1841541.4130805226,1841745.5242517851,17627,65,67,2,2
6281,1995299.201034775,1995326.9248861424,17627,65,67,2,2
6282,2124197.4462346607,2124197.4465346606,17627,65,65,0,1
6283,2231050.134392555,2231050.134692555,17627,65,65,0,1
6284,2246593.178073191,2246593.178373191,17627,65,65,0,1
6285,2072823.237367442,2072823.237667442,17627,65,65,0,1
6286,1826701.4102831786,1826701.410583178,17627,65,65,0,1
6287,1581922.959588922,1581922.9598889218,17627,65,65,0,1
6288,1462461.9639814717,1462461.9642676676,17627,65,65,0,1
6289,1362348.3773721121,1362348.3775861028,17627,65,65,0,1
6290,1316958.521356163,1316958.5215738562,17627,65,65,0,1
6291,1353099.3984560831,1353099.3986680738,17627,65,65,0,1
6292,1379232.4798675478,1379232.4800931336,17627,65,65,0,1
6293,1529383.487587903,1529383.487887903,17627,65,65,0,1
6294,1930468.64678716,1930468.6470871605,17627,65,65,0,1
6295,2059627.8120124408,2059627.8123124407,17627,65,65,0,1
6296,1908777.212274557,1909032.0360101827,17627,65,69,2,2
6297,1644827.6360892546,1646879.2840753063,17627,65,68,3,3
6298,1470793.1585531286,1480384.9067686356,17627,65,70,3,2
6299,1377626.6556917639,1392421.3791832197,17627,65,70,3,2
6300,1308873.5076219137,1325570.7353312413,17627,65,70,3,2
6301,1273919.029971905,1284508.5785211474,17627,65,68,3,2
6302,1219997.9625566585,1227688.9280705657,17627,65,66,1,2
6303,1334445.7127438225,1339950.582866298,17627,65,70,3,2
6304,1454299.0571906501,1454543.2410179828,17627,65,67,2,2
6305,1720444.5671957517,1720527.481170306,17627,65,67,2,2
6306,1969795.5064338527,1969795.506733853,17627,65,65,0,1
6307,2095705.402914286,2095705.403214286,17627,65,65,0,1
6308,2110064.269875008,2110064.270175008,17627,65,65,0,1
6309,1893794.6470196003,1893794.6473196007,17627,65,65,0,1
6310,1658583.5289495757,1658583.5292495764,17627,65,65,0,1
6311,1415677.8943390865,1415677.8946390864,17627,65,65,0,1
6312,1295831.2076745396,1295831.2079733515,17627,65,65,0,1
6313,1209079.1042134813,1209079.1044757268,17627,65,65,0,1
6314,1164737.4138343153,1164737.4140897144,17627,65,65,0,1
6315,1182081.0843282787,1182081.08461585,17627,65,65,0,1
6316,1214661.5953142552,1214661.595614255,17627,65,65,0,1
6317,1368248.7010996316,1368248.7013996309,17627,65,65,0,1
6318,1774480.8289565537,1774480.8292565534,17627,65,65,0,1
6319,1844092.3620522916,1844092.3623522916,17627,65,65,0,1
6320,1626860.212322668,1627070.2662728215,17627,65,67,2,2
6321,1311816.9040536163,1322139.4886445685,17627,65,68,3,2
6322,1153887.104208305,1173836.5758271408,17627,65,70,3,2
6323,1088463.2170849543,1110382.0426640357,17627,65,70,3,2
6324,1110660.4091192016,1123122.174292062,17627,65,68,3,2
6325,1135544.0746815053,1147232.9299039484,17627,65,68,3,2
6326,1224778.635706102,1233735.2427120109,17627,65,68,3,2
6327,1422905.4767095272,1422977.9975984509,17627,65,67,2,2
6328,1589662.3300773315,1589787.3306481754,17627,65,67,2,2
6329,1771686.705188714,1771686.705488713,17627,65,65,0,1
6330,1959917.8192544668,1959917.8195544668,17627,65,65,0,1
6331,2096924.2582155624,2096924.2585155624,17627,65,65,0,1
6332,2105703.429178072,2105703.429478072,17627,65,65,0,1
6333,1863216.3092456502,1863216.3095456492,17627,65,65,0,1
6334,1640209.7362140915,1640209.7365140913,17627,65,65,0,1
6335,1378228.27866305,1378228.2788976328,17627,65,65,0,1
6336,1239816.9850388435,1239816.985338841,17627,65,65,0,1
6337,1161029.7754888283,1161029.7757888269,17627,65,65,0,1
6338,1141637.7887323508,1141637.7890323498,17627,65,65,0,1
6339,1162277.9210252902,1162277.9213252943,17627,65,65,0,1
6340,1245787.9167820152,1245787.917082007,17627,65,65,0,1
6341,1400330.7928663148,1400330.793160404,17627,65,65,0,1
6342,1856310.0688269595,1856310.0691269594,17627,65,65,0,1
6343,2050823.1075122654,2050859.7192762257,17627,65,69,2,2
6344,1992955.97451978,1993036.438269396,17627,65,69,2,2
6345,1796257.0338775548,1796346.783068001,17627,65,67,2,2
6346,1732606.4393918426,1732778.4500281294,17627,65,67,2,2
6347,1703951.5802661572,1704314.6880015954,17627,65,67,2,2
6348,1713210.6009734068,1713353.21073194,17627,65,67,2,2
6349,1706414.4908418783,1706414.4910778224,17627,65,65,0,1
6350,1660722.652161178,1660722.6523876982,17627,65,65,0,1
6351,1724784.1817370292,1724784.1820370292,17627,65,65,0,1
6352,1835391.4292890513,1835391.4295890513,17627,65,65,0,1
6353,2005691.947528365,2005708.8900613852,17627,65,67,2,2
6354,2142050.9175421293,2142050.9178421292,17627,65,65,0,1
6355,2231109.5398633983,2231109.5401633983,17627,65,65,0,1
6356,2137885.596531246,2137885.596831246,17627,65,65,0,1
6357,1962631.7762710603,1962631.77657106,17627,65,65,0,1
6358,1780003.7147615328,1780003.7150615328,17627,65,65,0,1
6359,1584485.259322452,1584485.2596224514,17627,65,65,0,1
6360,1433817.053261919,1433817.0534805954,17627,65,65,0,1
6361,1321018.6338301147,1321018.6340865328,17627,65,65,0,1
6362,1258440.9309202305,1258440.9312163466,17627,65,65,0,1
6363,1215025.3389856233,1215025.3392856298,17627,65,65,0,1
6364,1264137.0337309763,1264137.0340176567,17627,65,65,0,1
6365,1303481.8277679707,1303481.8280250912,17627,65,65,0,1
6366,1386562.2838494382,1386562.2840578943,17627,65,65,0,1
6367,1496756.0386759392,1496756.0389734753,17627,65,65,0,1
6368,1514656.3276549978,1514656.3279549978,17627,65,65,0,1
6369,1565647.6620843825,1565647.6623843822,17627,65,65,0,1
6370,1546324.3054658328,1546324.3057658328,17627,65,65,0,1
6371,1438338.2551766676,1438338.2554209642,17627,65,65,0,1
6372,1428921.7816905472,1428921.7819062623,17627,65,65,0,1
6373,1360961.139542365,1360961.1397897184,17627,65,65,0,1
6374,1237555.948276809,1237555.9485768105,17627,65,65,0,1
6375,1240132.9798433776,1240132.980143376,17627,65,65,0,1
6376,1275348.8024702258,1275348.8027602877,17627,65,65,0,1
6377,1468115.133372201,1468115.1336539597,17627,65,65,0,1
6378,1636715.0488037057,1636715.0491037052,17627,65,65,0,1
6379,1789210.586879295,1789210.5871792953,17627,65,65,0,1
6380,1781463.2781892428,1781463.278489243,17627,65,65,0,1
6381,1601746.5222565867,1601746.5225565867,17627,65,65,0,1
6382,1510190.8185670855,1510190.8188670855,17627,65,65,0,1
6383,1370626.596406359,1370626.5966352155,17627,65,65,0,1
6384,1279802.669997415,1279802.670234312,17627,65,65,0,1
6385,1171749.6119415234,1171749.6122415238,17627,65,65,0,1
6386,1079578.3199311097,1079578.3202311026,17627,65,65,0,1
6387,1029028.9600021318,1029028.9603021317,17627,65,65,0,1
6388,1015058.8877196916,1015058.8880196927,17627,65,65,0,1
6389,1006145.5931887,1006145.5934887003,17627,65,65,0,1
6390,1035618.7071065069,1035618.7074065068,17627,65,65,0,1
6391,1021075.6448625233,1021075.645162523,17627,65,65,0,1
6392,995972.337433103,995972.337733103,17627,65,65,0,1
6393,902287.5663261703,904477.337999232,17627,65,66,1,2
6394,814806.1871750237,814806.1874750236,17627,65,65,0,1
6395,755910.9961201744,755910.9964201744,17627,65,65,0,1
6396,762759.0229397054,762759.0232397052,17627,65,65,0,1
6397,705841.8554038117,705841.8557038116,17627,65,65,0,1
6398,678867.277237742,678867.277537742,17627,65,65,0,1
6399,776645.3240953473,776645.3243953473,17627,65,65,0,1
6400,921010.2166046577,921010.2169046577,17627,65,65,0,1
6401,1135980.431138224,1135980.4314382235,17627,65,65,0,1
6402,1284316.6277016443,1284316.6280016399,17627,65,65,0,1
6403,1437441.9024833536,1437441.9027409314,17627,65,65,0,1
6404,1469111.1908174846,1469111.1910403143,17627,65,65,0,1
6405,1365854.6784334064,1365854.678712084,17627,65,65,0,1
6406,1294097.2767327633,1294097.2770327595,17627,65,65,0,1
6407,1192496.3481362327,1192496.3484362247,17627,65,65,0,1
6408,1116808.8382484326,1116808.8385484396,17627,65,65,0,1
6409,1043391.7209570596,1043391.7212570601,17627,65,65,0,1
6410,1035001.3843183744,1035001.3846183746,17627,65,65,0,1
6411,1075527.4307857004,1075527.4310857004,17627,65,65,0,1
6412,1162966.4185847698,1162966.4188847786,17627,65,65,0,1
6413,1386124.9435572368,1386124.9437691579,17627,65,65,0,1
6414,1911810.860489216,1911810.8607892168,17627,65,65,0,1
6415,2151705.000161296,2151705.000461296,17627,65,65,0,1
6416,2119924.5276449835,2119967.4360970096,17627,65,67,2,2
6417,1953313.9810686,1953952.512559894,17627,65,69,2,2
6418,1888317.6422477525,1897121.9241174022,17627,65,68,3,2
6419,1894536.0775103043,1912011.0312912005,17627,65,70,3,2
6420,1881792.546627946,1892466.0229237806,17627,65,68,3,2
6421,1838270.0074759512,1838647.457838892,17627,65,67,2,2
6422,1772049.3098520422,1772293.2537419216,17627,65,67,2,2
6423,1790095.8367954853,1790289.1431209398,17627,65,67,2,2
6424,1809985.5958564929,1810122.6177051244,17627,65,67,2,2
6425,1916194.2235534566,1916212.6859107618,17627,65,67,2,2
6426,2038877.246130966,2038877.246430966,17627,65,65,0,1
6427,2179000.1342392303,2179000.1345392303,17627,65,65,0,1
6428,2186358.567664488,2186358.567964488,17627,65,65,0,1
6429,1989687.8970643491,1989687.8973643493,17627,65,65,0,1
6430,1763322.511119428,1763322.5114194287,17627,65,65,0,1
6431,1527974.217853459,1527974.218153459,17627,65,65,0,1
6432,1361236.3157321026,1361236.3159528056,17627,65,65,0,1
6433,1295255.574569568,1295255.5747907583,17627,65,65,0,1
6434,1255080.5257940125,1255080.5260385696,17627,65,65,0,1
6435,1270018.2983000944,1270018.2985298932,17627,65,65,0,1
6436,1366390.940492916,1366390.9407364721,17627,65,65,0,1
6437,1511923.3928827876,1511923.3931827876,17627,65,65,0,1
6438,1957794.241335474,1957794.2416354744,17627,65,65,0,1
6439,2151157.506748818,2151157.507048818,17627,65,65,0,1
6440,2078663.3342779195,2078693.7151439257,17627,65,67,2,2
6441,1964956.292184984,1965295.2915567332,17627,65,67,2,2
6442,1885881.3728086138,1892771.9347036777,17627,65,68,3,3
6443,1863399.564734952,1876920.509652811,17627,65,68,3,2
6444,1848939.9582415754,1860547.4699003142,17627,65,68,3,2
6445,1853848.4859292319,1858056.328033175,17627,65,68,3,3
6446,1738435.8951436179,1746016.7795617739,17627,65,68,3,2
6447,1628327.1582757072,1634113.5972182793,17627,65,68,3,2
6448,1618338.521759909,1618371.114116658,17627,65,67,2,2
6449,1839707.754095836,1839803.6966794105,17627,65,67,2,2
6450,2073779.0054659983,2073779.0057659983,17627,65,65,0,1
6451,2195841.0760420784,2195841.0763420784,17627,65,65,0,1
6452,2135643.5109720686,2135643.511272069,17627,65,65,0,1
6453,1922775.6959920162,1922775.6962920153,17627,65,65,0,1
6454,1718151.6807869864,1718151.6810869863,17627,65,65,0,1
6455,1485497.1520219152,1485497.1522960425,17627,65,65,0,1
6456,1339968.7187481804,1339968.718976981,17627,65,65,0,1
6457,1332965.146412896,1332965.1466456354,17627,65,65,0,1
6458,1327427.9538492584,1327427.9540826832,17627,65,65,0,1
6459,1318961.0596194016,1318961.0598582113,17627,65,65,0,1
6460,1387404.2374858393,1387404.237700471,17627,65,65,0,1
6461,1509235.6459838601,1509235.6462838599,17627,65,65,0,1
6462,1978947.943633021,1978947.9439330206,17627,65,65,0,1
6463,2283733.961751257,2283733.962051257,17627,65,65,0,1
6464,2219509.7663998143,2219780.9419099605,17627,65,67,2,2
6465,2003159.1300935918,2009078.1963528933,17627,65,70,3,3
6466,1842127.2274578093,1869783.6690541522,17627,65,71,3,2
6467,1777667.5541440868,1819740.6726038172,17627,65,73,3,2
6468,1693101.7500844793,1729444.4452157784,17627,65,74,3,2
6469,1688539.866547904,1718169.6387637984,17627,65,70,3,2
6470,1677942.1475977683,1703624.2941642618,17627,65,69,3,2
6471,1699974.7733331495,1721284.765694311,17627,65,69,3,2
6472,1774408.4439543567,1781425.1174457276,17627,65,68,3,2
6473,1970427.7352649185,1970497.937403572,17627,65,67,2,2
6474,2147310.8945121067,2147310.8948121066,17627,65,65,0,1
6475,2256341.597545187,2256341.597845187,17627,65,65,0,1
6476,2188662.0536427377,2188662.0539427376,17627,65,65,0,1
6477,1970720.47562172,1970720.47592172,17627,65,65,0,1
6478,1738269.6121517313,1738269.6124517312,17627,65,65,0,1
6479,1516576.8470776193,1516576.8473701894,17627,65,65,0,1
6480,1388701.546808822,1388701.5470169527,17627,65,65,0,1
6481,1281371.544114384,1281371.5443768224,17627,65,65,0,1
6482,1237640.9579996406,1237640.9582808006,17627,65,65,0,1
6483,1222742.3912303299,1222742.3915074798,17627,65,65,0,1
6484,1296602.9591281356,1296602.9593381912,17627,65,65,0,1
6485,1486111.789217242,1486111.789517242,17627,65,65,0,1
6486,1905785.8871110987,1905785.8874110985,17627,65,65,0,1
6487,2176495.5140591166,2176495.5143591166,17627,65,65,0,1
6488,2058382.7546890478,2058496.0581907143,17627,65,67,2,2
6489,1804301.4449344913,1811191.162286214,17627,65,68,3,2
6490,1645654.1221277984,1669360.077206858,17627,65,69,3,2
6491,1515963.4666834474,1544527.1348220767,17627,65,70,3,2
6492,1488374.3208132256,1511555.2211894249,17627,65,69,3,2
6493,1517389.1921520948,1542461.057087442,17627,65,69,3,2
6494,1467239.2218966759,1492315.8933792966,17627,65,70,3,2
6495,1496710.9727248072,1513673.598980424,17627,65,68,3,2
6496,1616089.3381468703,1623103.2621592411,17627,65,68,3,2
6497,1859878.0645732451,1859963.8862006268,17627,65,67,2,2
6498,2005163.130867971,2005163.1311679713,17627,65,65,0,1
6499,2107497.5767875225,2107497.5770875225,17627,65,65,0,1
6500,2024630.7199472757,2024630.7202472757,17627,65,65,0,1
6501,1810957.0129841194,1810957.013284119,17627,65,65,0,1
6502,1641014.1028371654,1641014.103137165,17627,65,65,0,1
6503,1455815.0428083509,1455815.04305323,17627,65,65,0,1
6504,1365231.8101398968,1365231.8103563336,17627,65,65,0,1
6505,1328805.6242629625,1328805.6245013536,17627,65,65,0,1
6506,1293416.8176617674,1293416.8179225707,17627,65,65,0,1
6507,1308863.684879795,1308863.685128783,17627,65,65,0,1
6508,1396814.3010589238,1396814.3012714456,17627,65,65,0,1
6509,1494846.7020628233,1494846.7023409025,17627,65,65,0,1
6510,1909072.507715904,1909072.5080159036,17627,65,65,0,1
6511,2107752.6458324506,2107752.646132451,17627,65,65,0,1
6512,1973428.9524811646,1973662.0828180648,17627,65,67,2,2
6513,1743463.7153565078,1755280.5553766654,17627,65,68,3,2
6514,1570197.0916698708,1593129.1902593707,17627,65,70,3,2
6515,1413678.6430271133,1433476.788195867,17627,65,80,1,2
6516,1290613.136591676,1290666.4235882,17627,65,66,1,2
6517,1306542.073493321,1308184.7838043512,17627,65,66,1,2
6518,1232750.069193372,1232750.0694933715,17627,65,65,0,1
6519,1273751.130172877,1275321.7199013834,17627,65,66,1,2
6520,1400448.8538947373,1411000.3994152616,17627,65,68,3,2
6521,1683521.499280313,1683521.4994882897,17627,65,65,0,1
6522,1842492.9407735849,1842492.941073585,17627,65,65,0,1
6523,1952235.4660508828,1952246.2709076768,17627,65,67,2,2
6524,1857142.0037081041,1857142.004008104,17627,65,65,0,1
6525,1649391.0866076648,1649391.0869023239,17627,65,65,0,1
6526,1440544.552498687,1440544.552751087,17627,65,65,0,1
6527,1282881.1221276752,1282881.1224276787,17627,65,65,0,1
6528,1246717.4778775678,1246717.4781775656,17627,65,65,0,1
6529,1187410.6105006319,1187410.6108006162,17627,65,65,0,1
6530,1140608.3202126152,1140608.3205126147,17627,65,65,0,1
6531,1113047.3526465567,1113047.3529465562,17627,65,65,0,1
6532,1133160.5302378028,1133160.530537805,17627,65,65,0,1
6533,1212166.948372855,1212166.948672854,17627,65,65,0,1
6534,1358381.4703080284,1358381.4705457066,17627,65,65,0,1
6535,1471240.869541305,1471240.8697917694,17627,65,65,0,1
6536,1410471.990836224,1411016.8783982615,17627,65,68,3,3
6537,1294151.7327375454,1308203.3763874974,17627,65,68,3,2
6538,1187849.8641911983,1202420.7194451513,17627,65,68,1,2
6539,1075091.7496598037,1075091.7499598034,17627,65,65,0,1
6540,1614695.8784870822,1614695.8787516078,17627,65,65,0,1
6541,1047980.7456088003,1048085.2022116656,17627,65,66,1,2
6542,1050327.1014659496,1050365.8863489972,17627,65,66,1,2
6543,1103807.5717119924,1103807.5720119919,17627,65,65,0,1
6544,1248129.0346270096,1257636.2861035902,17627,65,66,1,2
6545,1535595.2487094323,1535595.248983334,17627,65,65,0,1
6546,1672057.745224278,1672057.745524278,17627,65,65,0,1
6547,1784532.825729527,1784532.826029527,17627,65,65,0,1
6548,1725914.3341940832,1725914.3344940832,17627,65,65,0,1
6549,1597210.029570558,1597210.029870558,17627,65,65,0,1
6550,1532868.862381563,1532868.8626796138,17627,65,65,0,1
6551,1366165.4745241362,1366165.4747333871,17627,65,65,0,1
6552,1211874.707102784,1211874.7074027855,17627,65,65,0,1
6553,1127863.3544942325,1127863.3547942357,17627,65,65,0,1
6554,1102334.6603652795,1102334.6606652732,17627,65,65,0,1
6555,1083067.6403487758,1083067.640648778,17627,65,65,0,1
6556,1095674.356660541,1095674.3569605292,17627,65,65,0,1
6557,1112312.5949501633,1112312.5952501565,17627,65,65,0,1
6558,1113269.0654211137,1113269.0657211128,17627,65,65,0,1
6559,1129653.366389407,1129653.3666894054,17627,65,65,0,1
6560,1304377.28626396,1304377.286470982,17627,65,65,0,1
6561,1006996.7892139807,1017321.4684163054,17627,65,66,1,2
6562,875685.1762432938,875685.1765432933,17627,65,65,0,1
6563,813352.715571228,821793.7561673797,17627,65,66,1,2
6564,715477.6902987967,706286.9558461627,17627,65,65,0,1
6565,630621.765853047,617271.5815623624,17627,65,65,0,1
6566,629587.8983787089,619174.1947543747,17627,65,65,0,1
6567,685189.6371717671,701954.0839954913,17627,65,66,1,2
6568,862941.5469479321,862941.5472479321,17627,65,65,0,1
6569,1208047.155374784,1208047.1556747959,17627,65,65,0,1
6570,1464617.2560918594,1464617.2563918594,17627,65,65,0,1
6571,1677293.7513039983,1677293.751603999,17627,65,65,0,1
6572,1641595.8757805529,1641595.8760805526,17627,65,65,0,1
6573,1521711.9610221502,1521711.96132215,17627,65,65,0,1
6574,1457531.3020648798,1457531.3023648798,17627,65,65,0,1
6575,1302196.7334033754,1302196.7336374603,17627,65,65,0,1
6576,1239395.3866204876,1239395.3868268714,17627,65,65,0,1
6577,1131524.5242180321,1131524.5244983772,17627,65,65,0,1
6578,1095251.7949679578,1095251.7952679612,17627,65,65,0,1
6579,1133175.3100331922,1133175.3103012736,17627,65,65,0,1
6580,1238152.8831727232,1238152.883387322,17627,65,65,0,1
6581,1414951.9108661024,1414951.9111661022,17627,65,65,0,1
6582,1892040.7552102632,1892040.7555102631,17627,65,65,0,1
6583,2119600.5683267824,2119600.5686267824,17627,65,65,0,1
6584,1983530.2303939098,1983682.1820768304,17627,65,67,2,2
6585,1735771.3491298768,1744502.757322062,17627,65,68,3,2
6586,1546023.1999773097,1572304.3973193713,17627,65,69,3,2
6587,1427642.855697137,1458377.4859396806,17627,65,74,3,2
6588,1338870.509896202,1386630.0162705327,17627,65,72,3,2
6589,1386332.3209051099,1425715.7021990137,17627,65,71,3,2
6590,1427996.0430558259,1456039.9912594843,17627,65,69,3,2
6591,1545069.2565637138,1566365.7492288174,17627,65,68,3,2
6592,1736395.765246044,1739763.6032439033,17627,65,68,3,2
6593,2008676.4066554157,2008709.3313853529,17627,65,67,2,2
6594,2222925.385693918,2222925.385993918,17627,65,65,0,1
6595,2353849.977170071,2353849.9774700715,17627,65,65,0,1
6596,2190109.593133631,2190109.5934336316,17627,65,65,0,1
6597,1993607.1289202115,1993607.1292202114,17627,65,65,0,1
6598,1816699.3195357262,1816699.3198357257,17627,65,65,0,1
6599,1620839.9982329444,1620839.9985329444,17627,65,65,0,1
6600,1491189.9514041913,1491189.9517041913,17627,65,65,0,1
6601,1403744.7541591288,1403744.7544275038,17627,65,65,0,1
6602,1363847.5406633392,1363847.5408987543,17627,65,65,0,1
6603,1387802.618890161,1387802.619141157,17627,65,65,0,1
6604,1435460.0975817726,1435460.0978625382,17627,65,65,0,1
6605,1634123.5339084202,1634123.5342084202,17627,65,65,0,1
6606,2069649.8334871074,2069649.8337871074,17627,65,65,0,1
6607,2298551.436166534,2298551.436466533,17627,65,65,0,1
6608,2237551.437029364,2237551.437329364,17627,65,65,0,1
6609,2033764.0941870746,2034268.311260276,17627,65,69,2,2
6610,1872912.8499927018,1880120.1421512112,17627,65,70,3,3
6611,1765584.1632023803,1786148.1730164844,17627,65,68,3,2
6612,1660362.1690800153,1685772.3027340893,17627,65,70,3,2
6613,1657744.1339619493,1681913.7091643857,17627,65,68,3,2
6614,1707022.7955329856,1724478.5260492233,17627,65,68,3,2
6615,1842731.4250767832,1847278.3163347072,17627,65,68,3,3
6616,1922556.5400974492,1922886.7319992993,17627,65,67,2,2
6617,2120769.671657835,2120769.671957835,17627,65,65,0,1
6618,2254366.622544246,2254366.6228442458,17627,65,65,0,1
6619,2379844.724285862,2379844.7245858703,17627,65,65,0,1
6620,2216453.009017528,2216453.009317528,17627,65,65,0,1
6621,2036765.0941947391,2036765.0944947388,17627,65,65,0,1
6622,1802543.3303953274,1802543.3306953274,17627,65,65,0,1
6623,1581286.1172846698,1581286.1175846695,17627,65,65,0,1
6624,1432976.745699904,1432976.7459999037,17627,65,65,0,1
6625,1324073.1848366996,1324073.185058926,17627,65,65,0,1
6626,1243694.6898086108,1243694.6900491982,17627,65,65,0,1
6627,1216700.5246057105,1216700.52487593,17627,65,65,0,1
6628,1234676.961695889,1234676.9619615925,17627,65,65,0,1
6629,1208847.6516248854,1208847.6519208234,17627,65,65,0,1
6630,1196359.9099534259,1196359.910253418,17627,65,65,0,1
6631,1221214.306315395,1221214.3066095721,17627,65,65,0,1
6632,1214579.7215288929,1214579.7218288805,17627,65,65,0,1
6633,1175147.770235084,1176672.110560068,17627,65,66,1,2
6634,1084976.7871041938,1094798.364836458,17627,65,66,1,2
6635,1018820.5592341273,1032267.3840458295,17627,65,67,1,2
6636,1031906.5982039813,1045222.8683473903,17627,65,67,1,2
6637,1015470.7872700831,1028654.3913137361,17627,65,67,1,2
6638,947459.8041923546,952846.3829831289,17627,65,66,1,2
6639,1105604.5011754734,1113892.2593034212,17627,65,66,1,2
6640,1297735.4235260298,1297735.4238260225,17627,65,65,0,1
6641,1567246.3215300678,1567246.3218011046,17627,65,65,0,1
6642,1750865.2278465803,1750865.2281465803,17627,65,65,0,1
6643,1881620.2281671376,1881620.2284671369,17627,65,65,0,1
6644,1827387.900353804,1827387.9006538035,17627,65,65,0,1
6645,1743334.252067327,1743334.2523673275,17627,65,65,0,1
6646,1648077.97694985,1648077.9772498498,17627,65,65,0,1
6647,1425408.2668604215,1425408.267110856,17627,65,65,0,1
6648,1262580.319626412,1262580.3198945858,17627,65,65,0,1
6649,1229411.669858661,1229411.6701529357,17627,65,65,0,1
6650,1197916.5666679824,1197916.5669679798,17627,65,65,0,1
6651,1206189.487813848,1206189.4881138608,17627,65,65,0,1
6652,1276059.571583983,1276059.571853381,17627,65,65,0,1
6653,1474614.843743946,1474614.8440176283,17627,65,65,0,1
6654,1872425.1260079928,1872425.1263079923,17627,65,65,0,1
6655,2184455.3393004406,2184455.33960044,17627,65,65,0,1
6656,2216307.673948016,2216307.6742480155,17627,65,65,0,1
6657,2125678.1524968725,2125762.6184784663,17627,65,67,2,2
6658,2086856.5973656224,2086986.4507359145,17627,65,67,2,2
6659,2113479.1370576737,2113722.8486562655,17627,65,67,2,2
6660,2078342.6767003057,2078585.2988699875,17627,65,69,2,2
6661,1957396.6418090663,1957909.204509341,17627,65,69,2,2
6662,1838839.6517067195,1839177.1477372693,17627,65,67,2,2
6663,1828632.592418362,1828765.0824652314,17627,65,67,2,2
6664,1895527.0426773713,1895527.042977372,17627,65,65,0,1
6665,2006923.0450319652,2006923.0453319647,17627,65,65,0,1
6666,2120972.9646943137,2120972.9649943137,17627,65,65,0,1
6667,2275496.36220502,2275496.36250502,17627,65,65,0,1
6668,2147761.0394099327,2147800.0912670936,17627,65,69,2,2
6669,1954531.5993549381,1954531.599654938,17627,65,65,0,1
6670,1711867.9913300863,1711867.9915704804,17627,65,65,0,1
6671,1497121.4932356612,1497121.4935356586,17627,65,65,0,1
6672,1323006.3717126604,1323006.3720126613,17627,65,65,0,1
6673,1242600.774571368,1242600.774871369,17627,65,65,0,1
6674,1152639.9229325212,1152639.9232325214,17627,65,65,0,1
6675,1160856.5410904072,1160856.5413904074,17627,65,65,0,1
6676,1213119.8843804358,1213119.884680436,17627,65,65,0,1
6677,1316979.373908752,1316979.3742087523,17627,65,65,0,1
6678,1680304.4491237807,1680304.4493349057,17627,65,65,0,1
6679,1923737.3178999627,1923797.6928238738,17627,65,67,2,2
6680,1889204.7467206928,1889237.9089769414,17627,65,67,2,2
6681,1741632.6593994312,1741632.6596027615,17627,65,65,0,1
6682,1665575.7454260038,1665575.745664458,17627,65,65,0,1
6683,1574132.9828305393,1574132.9831305335,17627,65,65,0,1
6684,1548599.3582086167,1548599.3585086148,17627,65,65,0,1
6685,1530819.2426456143,1530819.2429456064,17627,65,65,0,1
6686,1511650.5805729483,1511650.58087295,17627,65,65,0,1
6687,1550756.0316192769,1550756.0319192698,17627,65,65,0,1
6688,1637075.6294247108,1637075.6296771418,17627,65,65,0,1
6689,1788463.9063534206,1788463.9066533817,17627,65,65,0,1
6690,1870102.301346756,1870102.301646756,17627,65,65,0,1
6691,1968466.125043793,1968485.4596283166,17627,65,69,2,2
6692,1790836.143087977,1790836.143387977,17627,65,65,0,1
6693,1659140.2819226957,1659140.2821806965,17627,65,65,0,1
6694,1543268.8767488403,1543268.8769777855,17627,65,65,0,1
6695,1334862.1153348295,1334862.1156348248,17627,65,65,0,1
6696,1172967.0980208549,1172967.0983208548,17627,65,65,0,1
6697,1093533.6242882558,1093533.6245882567,17627,65,65,0,1
6698,1023470.467089666,1023470.4673648492,17627,65,65,0,1
6699,989477.6034593887,989477.6037209664,17627,65,65,0,1
6700,968895.7159606614,968895.716206478,17627,65,65,0,1
6701,961229.69517445,961229.6954064929,17627,65,65,0,1
6702,1013648.2731152645,1013648.2733594925,17627,65,65,0,1
6703,1099222.187493267,1099222.1877703676,17627,65,65,0,1
6704,1100607.808874569,1100607.8091728515,17627,65,65,0,1
6705,1080378.623220632,1080378.6235206337,17627,65,65,0,1
6706,1050313.73384155,1050313.734141542,17627,65,65,0,1
6707,1032342.145270044,1032342.1455700495,17627,65,65,0,1
6708,1075962.7787270972,1075962.779027096,17627,65,65,0,1
6709,1114771.6190966133,1114771.619396612,17627,65,65,0,1
6710,1090468.7416863309,1090468.7419863304,17627,65,65,0,1
6711,1216921.476374563,1216921.4766456527,17627,65,65,0,1
6712,1356252.8238970526,1356252.8241071815,17627,65,65,0,1
6713,1521838.3429520444,1521838.3432520442,17627,65,65,0,1
6714,1624805.4775837054,1624805.4778837052,17627,65,65,0,1
6715,1732439.5484379297,1732439.5487379292,17627,65,65,0,1
6716,1598662.213043679,1598662.213343679,17627,65,65,0,1
6717,1522440.983563656,1522440.983863656,17627,65,65,0,1
6718,1467698.8849623404,1467698.88526234,17627,65,65,0,1
6719,1387901.4699838976,1387901.4702773774,17627,65,65,0,1
6720,1276414.5396414157,1276414.5398561286,17627,65,65,0,1
6721,1197235.693712218,1197235.6939536848,17627,65,65,0,1
6722,1183737.9220699472,1183737.9223260921,17627,65,65,0,1
6723,1172673.107835676,1172673.108102905,17627,65,65,0,1
6724,1209690.349158042,1209690.349407959,17627,65,65,0,1
6725,1224662.8567354435,1224662.8569816463,17627,65,65,0,1
6726,1219990.53648576,1219990.5367397347,17627,65,65,0,1
6727,1288005.7294959081,1288005.729702378,17627,65,65,0,1
6728,1302080.03232178,1302080.0325238595,17627,65,65,0,1
6729,1301018.5326905907,1301018.5329136804,17627,65,65,0,1
6730,1288196.4717087618,1288196.4719284899,17627,65,65,0,1
6731,1250963.9447533074,1250963.945028188,17627,65,65,0,1
6732,1293999.8849932267,1293999.8852374887,17627,65,65,0,1
6733,1273716.8815270662,1273716.8817954254,17627,65,65,0,1
6734,1243243.656265425,1243243.6565654245,17627,65,65,0,1
6735,1291628.9147486736,1291628.915015259,17627,65,65,0,1
6736,1382266.3770273118,1382266.3772413163,17627,65,65,0,1
6737,1644541.008951021,1644541.0092510208,17627,65,65,0,1
6738,1872891.3162045656,1872891.316504566,17627,65,65,0,1
6739,2069947.7580813959,2069947.7583813956,17627,65,65,0,1
6740,1990990.2155451686,1990990.2158451686,17627,65,65,0,1
6741,1918782.5144413006,1918782.5147413006,17627,65,65,0,1
6742,1867080.6698015234,1867080.6701015232,17627,65,65,0,1
6743,1759758.9190154225,1759758.9193154217,17627,65,65,0,1
6744,1625206.7704440986,1625206.7707440986,17627,65,65,0,1
6745,1508363.5154585284,1508363.5157585281,17627,65,65,0,1
6746,1485991.2571058883,1485991.2574058883,17627,65,65,0,1
6747,1516309.6799799807,1516309.6802799806,17627,65,65,0,1
6748,1600548.5566501897,1600548.5569501896,17627,65,65,0,1
6749,1760554.0326050667,1760554.0329050669,17627,65,65,0,1
6750,2164663.713224955,2164663.713524955,17627,65,65,0,1
6751,2400836.7136042374,2400836.71390424,17627,65,65,0,1
6752,2323610.2748346343,2323610.275134634,17627,65,65,0,1
6753,2090460.447309089,2090608.41806281,17627,65,67,2,2
6754,1975587.1142828574,1975797.2485524528,17627,65,67,2,2
6755,1921240.482202271,1921712.8893534532,17627,65,67,2,2
6756,1853198.480883569,1859820.0837401953,17627,65,68,3,2
6757,1863901.455849381,1869376.0509576434,17627,65,68,3,2
6758,1907322.918602563,1908174.6463599296,17627,65,68,3,3
6759,2032079.2011758792,2032261.8267232522,17627,65,67,2,2
6760,2039829.015972191,2039930.7814744413,17627,65,67,2,2
6761,2158618.4389089346,2158618.4392089345,17627,65,65,0,1
6762,2237675.203259776,2237675.2035597763,17627,65,65,0,1
6763,2338654.087600927,2338654.0879009315,17627,65,65,0,1
6764,2147668.2567882002,2147668.2570882,17627,65,65,0,1
6765,1995052.2950086768,1995052.2953086765,17627,65,65,0,1
6766,1838802.0807799613,1838802.0810799613,17627,65,65,0,1
6767,1582465.520348756,1582465.520648755,17627,65,65,0,1
6768,1440155.885753132,1440155.886053132,17627,65,65,0,1
6769,1383840.9508688976,1383840.9511688976,17627,65,65,0,1
6770,1362723.2216780353,1362723.2219780353,17627,65,65,0,1
6771,1387857.1423658677,1387857.1426658675,17627,65,65,0,1
6772,1408779.6061656969,1408779.6064656968,17627,65,65,0,1
6773,1515072.8603888128,1515072.8606888128,17627,65,65,0,1
6774,1861813.105817595,1861813.106117595,17627,65,65,0,1
6775,2169557.588276381,2169557.588576382,17627,65,65,0,1
6776,2153608.7711219788,2153608.7714219783,17627,65,65,0,1
6777,2006758.866129302,2006826.5558069216,17627,65,67,2,2
6778,1927054.1387090895,1927134.365945314,17627,65,67,2,2
6779,1855101.5659544347,1855252.9242347665,17627,65,69,2,2
6780,1776255.7871433508,1776528.780822518,17627,65,69,2,2
6781,1767641.4511600528,1768012.0853510094,17627,65,69,2,2
6782,1716345.2191088414,1716721.1847219868,17627,65,69,2,2
6783,1722644.5771931643,1722964.177128502,17627,65,69,2,2
6784,1688349.3650366273,1688564.2247531966,17627,65,69,2,2
6785,1738131.124271274,1738291.2232670551,17627,65,69,2,2
6786,1760692.999367761,1760852.0596719915,17627,65,71,2,2
6787,1897309.2831020746,1897467.8567333976,17627,65,77,2,2
6788,1739525.7047268667,1739698.111897457,17627,65,69,2,2
6789,1658245.1689727842,1658380.7152985367,17627,65,69,2,2
6790,1482549.1129893814,1482549.1132893814,17627,65,65,0,1
6791,1343056.6523575266,1343056.6525917426,17627,65,65,0,1
6792,1246439.3771175658,1246439.377362949,17627,65,65,0,1
6793,1178425.7398725105,1178425.7401725075,17627,65,65,0,1
6794,1149881.6148151688,1149881.6151151625,17627,65,65,0,1
6795,1165016.4124557143,1165016.4127557175,17627,65,65,0,1
6796,1205790.560517613,1205790.5608158046,17627,65,65,0,1
6797,1329720.6606705184,1329720.6608888973,17627,65,65,0,1
6798,1634114.6779159997,1634114.6782159996,17627,65,65,0,1
6799,1875919.2994116193,1876022.775967081,17627,65,71,2,2
6800,1788773.3582104086,1789164.2867253209,17627,65,69,2,2
6801,1500718.1150129032,1501743.777611245,17627,65,69,2,2
6802,1217334.6029764444,1220678.055512763,17627,65,70,3,3
6803,1030776.6155519751,1030784.7536892979,17627,65,67,2,2
6804,965684.631700047,975431.2950962796,17627,65,68,2,2
6805,1025323.1627151617,1026913.4512206366,17627,65,67,2,2
6806,1114007.850359329,1114007.850659329,17627,65,65,0,1
6807,1433811.3570820875,1441745.635613303,17627,65,69,2,2
6808,1665051.379134345,1665795.5149853788,17627,65,69,2,2
6809,1760564.723688586,1760670.087441727,17627,65,69,2,2
6810,1863628.818475662,1863890.172949737,17627,65,69,2,2
6811,1999244.4867623888,1999392.065250666,17627,65,74,2,2
6812,1877582.3446709267,1877754.570850267,17627,65,69,2,2
6813,1800472.7362141348,1800551.7311879413,17627,65,69,2,2
6814,1631579.7931217721,1631579.793421772,17627,65,65,0,1
6815,1508146.516173312,1508146.516440333,17627,65,65,0,1
6816,1400439.6437551507,1400439.6439642368,17627,65,65,0,1
6817,1361935.666080752,1361935.6662821427,17627,65,65,0,1
6818,1338728.1627957984,1338728.1630007406,17627,65,65,0,1
6819,1371923.994957521,1371923.9951823016,17627,65,65,0,1
6820,1445776.4917131865,1445776.4919873974,17627,65,65,0,1
6821,1589833.20108904,1589833.2013890399,17627,65,65,0,1
6822,1905786.0000388317,1905786.000338832,17627,65,65,0,1
6823,2100029.4223109414,2100029.422610942,17627,65,65,0,1
6824,2016902.7715076583,2016999.3212725248,17627,65,69,2,2
6825,1745365.813821387,1745748.59173617,17627,65,69,2,2
6826,1543047.0710315905,1549434.2503031148,17627,65,68,3,3
6827,1437337.0279067457,1450065.455819508,17627,65,70,3,2
6828,1397412.2774340012,1418030.123345329,17627,65,70,3,2
6829,1367673.5442863838,1390506.0362116564,17627,65,70,3,2
6830,1470283.151306537,1482516.5705842786,17627,65,70,3,2
6831,1647794.8235743754,1654847.8286479157,17627,65,68,3,2
6832,1789436.6555881314,1789517.6727089118,17627,65,67,2,2
6833,1997324.5092519308,1997345.032584412,17627,65,67,2,2
6834,2106216.987836243,2106216.9881362435,17627,65,65,0,1
6835,2191766.024992833,2191766.0252928333,17627,65,65,0,1
6836,2014498.0147158946,2014498.0150158948,17627,65,65,0,1
6837,1890949.8776092997,1890949.8779093,17627,65,65,0,1
6838,1758877.1545654563,1758877.1548654563,17627,65,65,0,1
6839,1573916.1407400765,1573916.1410400765,17627,65,65,0,1
6840,1429676.7943579166,1429676.794599701,17627,65,65,0,1
6841,1293638.279046679,1293638.279291892,17627,65,65,0,1
6842,1218793.8134868143,1218793.813786815,17627,65,65,0,1
6843,1224830.6206720788,1224830.6209654482,17627,65,65,0,1
6844,1276173.8454315378,1276173.8456985597,17627,65,65,0,1
6845,1409022.3890199843,1409022.3892411706,17627,65,65,0,1
6846,1765264.5531105692,1765264.5534105685,17627,65,65,0,1
6847,2057410.7817985956,2057410.7820985955,17627,65,65,0,1
6848,2109700.2966324314,2109714.078665214,17627,65,67,2,2
6849,2034174.9737170688,2034304.478863701,17627,65,69,2,2
6850,2025929.3158170364,2026085.062096876,17627,65,69,2,2
6851,2029069.089682671,2029275.8421502707,17627,65,69,2,2
6852,1961740.2285756469,1961909.1771357425,17627,65,69,2,2
6853,1906659.8784670553,1906755.6066484125,17627,65,67,2,2
6854,1787682.7484441253,1787729.3142133325,17627,65,67,2,2
6855,1688332.2136111585,1688333.3699597758,17627,65,67,2,2
6856,1625646.1244876576,1625646.1247876575,17627,65,65,0,1
6857,1715183.513083808,1715183.5133838078,17627,65,65,0,1
6858,1775636.454987423,1775636.4552874232,17627,65,65,0,1
6859,1877196.344002096,1877196.3443020964,17627,65,65,0,1
6860,1745980.4407467996,1745980.441046799,17627,65,65,0,1
6861,1711589.8933998058,1711589.893699806,17627,65,65,0,1
6862,1626048.822467649,1626048.8227676488,17627,65,65,0,1
6863,1494160.3104005659,1494160.3107005658,17627,65,65,0,1
6864,1268968.2650205474,1268968.2652896917,17627,65,65,0,1
6865,1147746.319824293,1147746.320040133,17627,65,65,0,1
6866,1060650.6223977571,1060650.6226725008,17627,65,65,0,1
6867,1061901.9966776385,1061901.9969581636,17627,65,65,0,1
6868,1091179.4594571167,1091179.4597333402,17627,65,65,0,1
6869,1112334.491571783,1112334.4918471193,17627,65,65,0,1
6870,1171340.9942615007,1171340.9945020825,17627,65,65,0,1
6871,1336960.0670643097,1336960.0673413177,17627,65,65,0,1
6872,1400340.002676737,1400340.002976737,17627,65,65,0,1
6873,1391694.4850921785,1391694.4853921784,17627,65,65,0,1
6874,1333776.879762956,1333776.8800629554,17627,65,65,0,1
6875,1207709.2377955313,1207709.2379964045,17627,65,65,0,1
6876,1125694.1542709253,1125694.1545128478,17627,65,65,0,1
6877,1079557.538232664,1079557.5384858442,17627,65,65,0,1
6878,1064807.5889408914,1064807.5892091186,17627,65,65,0,1
6879,1108487.4624603034,1108487.4627155995,17627,65,65,0,1
6880,1127837.4301147233,1127837.430382044,17627,65,65,0,1
6881,1222719.1279278486,1222719.1281494272,17627,65,65,0,1
6882,1303473.2832659152,1303473.283565915,17627,65,65,0,1
6883,1377201.7290560245,1377201.7293560244,17627,65,65,0,1
6884,1237106.1911063325,1237106.1914063324,17627,65,65,0,1
6885,1197214.4638999451,1197214.4641916228,17627,65,65,0,1
6886,1169267.5453897926,1169267.545674887,17627,65,65,0,1
6887,1017624.4698202516,1017624.4700426665,17627,65,65,0,1
6888,868730.8783776804,868730.8786746062,17627,65,65,0,1
6889,789762.5243170032,789762.5245713135,17627,65,65,0,1
6890,744702.8791225036,744702.8793503819,17627,65,65,0,1
6891,731583.1305043377,731583.1307178934,17627,65,65,0,1
6892,729986.2396437959,729986.2398507798,17627,65,65,0,1
6893,727048.7507677884,727048.7509969973,17627,65,65,0,1
6894,709265.9695996207,709265.9698567191,17627,65,65,0,1
6895,765124.679188659,765124.679434063,17627,65,65,0,1
6896,786185.1988429577,786185.1990632823,17627,65,65,0,1
6897,826911.7846834337,826911.7848913094,17627,65,65,0,1
6898,906991.4984440473,906991.4986828199,17627,65,65,0,1
6899,943974.3044887976,943974.3047513642,17627,65,65,0,1
6900,1027178.7513846223,1027178.7516825863,17627,65,65,0,1
6901,1057555.0986727986,1057555.0989727965,17627,65,65,0,1
6902,1086270.3186176121,1086270.3189176156,17627,65,65,0,1
6903,1132763.20638964,1132763.2066896067,17627,65,65,0,1
6904,1212302.6805173946,1212302.6807977918,17627,65,65,0,1
6905,1411133.8418199155,1411133.842071247,17627,65,65,0,1
6906,1606877.7375314995,1606877.737831499,17627,65,65,0,1
6907,1678270.6825407138,1678270.6828407138,17627,65,65,0,1
6908,1602984.6968873695,1602984.6971873695,17627,65,65,0,1
6909,1585998.5180137611,1585998.5183137609,17627,65,65,0,1
6910,1541063.5254904148,1541063.5257904148,17627,65,65,0,1
6911,1395590.5546724135,1395590.5549634295,17627,65,65,0,1
6912,1251972.8091325932,1251972.8093417191,17627,65,65,0,1
6913,1148978.0762354366,1148978.0765265313,17627,65,65,0,1
6914,1090035.6582662577,1090035.6585395227,17627,65,65,0,1
6915,1104765.1674022777,1104765.1676848782,17627,65,65,0,1
6916,1133867.7054150323,1133867.7057104167,17627,65,65,0,1
6917,1285875.6825918239,1285875.6828213793,17627,65,65,0,1
6918,1743378.5709755549,1743378.5712755548,17627,65,65,0,1
6919,2120159.8680910226,2120159.8683910226,17627,65,65,0,1
6920,2212515.2473913925,2212515.247691393,17627,65,65,0,1
6921,2221812.3728384334,2221812.3731384333,17627,65,65,0,1
6922,2209773.3569071065,2209773.357207106,17627,65,65,0,1
6923,2175768.8164817197,2175768.8167817197,17627,65,65,0,1
6924,2122305.1313551087,2122305.131655109,17627,65,65,0,1
6925,2130547.6164097507,2130547.6167097506,17627,65,65,0,1
6926,2079896.3071177702,2079896.3074177701,17627,65,65,0,1
6927,2090056.0016771103,2090056.0019771103,17627,65,65,0,1
6928,2033289.124198888,2033289.124498888,17627,65,65,0,1
6929,2097285.486777967,2097285.487077967,17627,65,65,0,1
6930,2196537.0817151135,2196537.0820151134,17627,65,65,0,1
6931,2276436.8784839604,2276436.8787839604,17627,65,65,0,1
6932,2085955.1209811554,2085955.1212811552,17627,65,65,0,1
6933,1920291.2966398005,1920291.296939801,17627,65,65,0,1
6934,1744675.0117493072,1744675.0120493076,17627,65,65,0,1
6935,1568303.1457821138,1568303.1460821135,17627,65,65,0,1
6936,1420501.1936587768,1420501.1939289956,17627,65,65,0,1
6937,1381137.4503685022,1381137.4506063433,17627,65,65,0,1
6938,1336143.7109686004,1336143.7111732305,17627,65,65,0,1
6939,1381135.7257314194,1381135.7259681372,17627,65,65,0,1
6940,1461792.5679833884,1461792.56827526,17627,65,65,0,1
6941,1620911.779772399,1620911.7800723992,17627,65,65,0,1
6942,1987834.8768141312,1987834.8771141313,17627,65,65,0,1
6943,2224628.5699216314,2224628.5702216313,17627,65,65,0,1
6944,2186822.142241178,2186822.142541178,17627,65,65,0,1
6945,2021068.6425668476,2021068.6428668478,17627,65,65,0,1
6946,1978648.8126877653,1978648.8129877653,17627,65,65,0,1
6947,2051697.1158438881,2051697.1161438883,17627,65,65,0,1
6948,2129910.7271080874,2129910.7274080873,17627,65,65,0,1
6949,2172678.8539753356,2172678.854275336,17627,65,65,0,1
6950,2157970.8484719507,2157970.8487719507,17627,65,65,0,1
6951,2189699.182486701,2189699.1827867012,17627,65,65,0,1
6952,2209098.1931232493,2209098.1934232493,17627,65,65,0,1
6953,2294474.850617981,2294474.850917981,17627,65,65,0,1
6954,2445242.250363967,2445242.25066397,17627,65,65,0,1
6955,2565000.2501994884,2565000.2504994883,17627,65,65,0,1
6956,2346317.384192921,2346317.3844929207,17627,65,65,0,1
6957,2224558.8815688975,2224558.8818688975,17627,65,65,0,1
6958,2060649.868230043,2060649.868530043,17627,65,65,0,1
6959,1833753.668522243,1833753.6688222433,17627,65,65,0,1
6960,1653295.343788797,1653295.3440887965,17627,65,65,0,1
6961,1573463.8666512608,1573463.8669512605,17627,65,65,0,1
6962,1505426.0426033684,1505426.0429033684,17627,65,65,0,1
6963,1514940.824286696,1514940.824586696,17627,65,65,0,1
6964,1565399.856744618,1565399.8570446176,17627,65,65,0,1
6965,1667421.3164795735,1667421.3167795734,17627,65,65,0,1
6966,1989658.3631892262,1989658.363489227,17627,65,65,0,1
6967,2258590.3879533466,2258590.3882533466,17627,65,65,0,1
6968,2278341.915116317,2278341.915416317,17627,65,65,0,1
6969,2198910.2666682396,2198910.2669682396,17627,65,65,0,1
6970,2160207.852991013,2160287.471380225,17627,65,67,2,2
6971,2027695.000721213,2028090.208589075,17627,65,69,2,2
6972,1962913.5746659585,1963344.6668895856,17627,65,67,2,2
6973,2038567.4369952169,2038673.538041275,17627,65,67,2,2
6974,2132441.0979595305,2132466.703812513,17627,65,67,2,2
6975,2239009.1563485274,2239009.1566485274,17627,65,65,0,1
6976,2218626.003962946,2218626.004262946,17627,65,65,0,1
6977,2277202.936624255,2277202.936924255,17627,65,65,0,1
6978,2463934.8279668083,2463934.828266812,17627,65,65,0,1
6979,2527984.9064633204,2527984.9067633203,17627,65,65,0,1
6980,2260180.799371342,2260180.799671342,17627,65,65,0,1
6981,2121251.3398112543,2121251.3401112542,17627,65,65,0,1
6982,1890229.0347814665,1890229.0350814664,17627,65,65,0,1
6983,1586594.6459764822,1586594.6462764821,17627,65,65,0,1
6984,1401098.6869733653,1401098.6872621858,17627,65,65,0,1
6985,1342971.9354730153,1342971.935727473,17627,65,65,0,1
6986,1309482.9661476333,1309482.96638976,17627,65,65,0,1
6987,1299958.2782664557,1299958.278517728,17627,65,65,0,1
6988,1365992.7297557993,1365992.7300549652,17627,65,65,0,1
6989,1520544.2181063988,1520544.2184063985,17627,65,65,0,1
6990,1854156.1992258502,1854156.1995258504,17627,65,65,0,1
6991,2156199.9764802326,2156199.9767802325,17627,65,65,0,1
6992,2194621.8486208804,2194621.848920881,17627,65,65,0,1
6993,2056877.0111220132,2056877.0114220134,17627,65,65,0,1
6994,1962422.8154982347,1962422.8157982347,17627,65,65,0,1
6995,1895765.5570502742,1895765.5573502742,17627,65,65,0,1
6996,1865330.6151929726,1865330.6154929725,17627,65,65,0,1
6997,1854253.2093196246,1854253.2096196248,17627,65,65,0,1
6998,1887941.9311979678,1887941.931497968,17627,65,65,0,1
6999,1992236.4740462727,1992236.474346273,17627,65,65,0,1
7000,2077901.877998673,2077901.8782986733,17627,65,65,0,1
7001,2249122.672582218,2249122.672882218,17627,65,65,0,1
7002,2427736.974889526,2427736.975189529,17627,65,65,0,1
7003,2541403.484973658,2541403.4852736574,17627,65,65,0,1
7004,2311185.007415373,2311185.007715373,17627,65,65,0,1
7005,2139992.6737636346,2139992.6740636346,17627,65,65,0,1
7006,1968267.7045274833,1968267.7048274835,17627,65,65,0,1
7007,1756654.258150451,1756654.2584504504,17627,65,65,0,1
7008,1577890.5449785967,1577890.5452785962,17627,65,65,0,1
7009,1506641.2042654117,1506641.2045654117,17627,65,65,0,1
7010,1426010.1926159756,1426010.1928933512,17627,65,65,0,1
7011,1431871.5691868365,1431871.5694688233,17627,65,65,0,1
7012,1497448.2470357185,1497448.2473357185,17627,65,65,0,1
7013,1638161.7313013575,1638161.7316013575,17627,65,65,0,1
7014,1963268.1739356809,1963268.1742356808,17627,65,65,0,1
7015,2301651.1708928747,2301651.1711928765,17627,65,65,0,1
7016,2296024.4504803373,2296024.450780337,17627,65,65,0,1
7017,2164282.503352655,2164282.503652655,17627,65,65,0,1
7018,2083839.602104261,2083839.602404261,17627,65,65,0,1
7019,1987356.5491724545,1987360.8243718797,17627,65,67,2,2
7020,1954328.2376250117,1954341.7786229446,17627,65,67,2,2
7021,1943927.0587611515,1943948.901776335,17627,65,67,2,2
7022,1930585.614360514,1930586.8507885453,17627,65,67,2,2
7023,1987029.5877262186,1987029.5880262186,17627,65,65,0,1
7024,2018521.3634180755,2018521.3637180754,17627,65,65,0,1
7025,2207260.541073663,2207260.541373663,17627,65,65,0,1
7026,2396853.131104485,2396853.13140449,17627,65,65,0,1
7027,2484415.243457022,2484415.243757023,17627,65,65,0,1
7028,2209655.6569453743,2209655.6572453743,17627,65,65,0,1
7029,2052196.4960031009,2052196.496303101,17627,65,65,0,1
7030,1882518.81915859,1882518.81945859,17627,65,65,0,1
7031,1732865.7666318333,1732865.7669318325,17627,65,65,0,1
7032,1544606.791828299,1544606.792128299,17627,65,65,0,1
7033,1412886.3105017538,1412886.3108006646,17627,65,65,0,1
7034,1351783.2530217413,1351783.2532799428,17627,65,65,0,1
7035,1307803.3437393322,1307803.3439674955,17627,65,65,0,1
7036,1302684.672063184,1302684.672292064,17627,65,65,0,1
7037,1313397.00030471,1313397.000549565,17627,65,65,0,1
7038,1378377.195408611,1378377.1957068215,17627,65,65,0,1
7039,1538909.5094840662,1538909.509784066,17627,65,65,0,1
7040,1551321.3162978608,1551321.3165978603,17627,65,65,0,1
7041,1532571.1595041435,1532571.1598041432,17627,65,65,0,1
7042,1551661.13527055,1551661.1355705499,17627,65,65,0,1
7043,1498039.2662796918,1498039.266543605,17627,65,65,0,1
7044,1402729.8963154042,1402729.8965541683,17627,65,65,0,1
7045,1281481.898740129,1281481.899040128,17627,65,65,0,1
7046,1246471.5244243927,1246471.5247243913,17627,65,65,0,1
7047,1348789.890990909,1348789.8912070724,17627,65,65,0,1
7048,1477006.6374188648,1477006.6376970145,17627,65,65,0,1
7049,1579687.8551806193,1579687.8554806192,17627,65,65,0,1
7050,1760178.419667384,1760178.4199673845,17627,65,65,0,1
7051,1841669.4378718063,1841672.0859334238,17627,65,67,2,2
7052,1645734.996821827,1645734.9971218267,17627,65,65,0,1
7053,1463511.1738994848,1463511.1741008107,17627,65,65,0,1
7054,1356498.7202204126,1356498.7204951537,17627,65,65,0,1
7055,1203829.9489477128,1203829.9492477132,17627,65,65,0,1
7056,1063948.8227450952,1063948.823045096,17627,65,65,0,1
7057,960083.6956451648,960083.6959451645,17627,65,65,0,1
7058,900512.7429751935,900512.7432751937,17627,65,65,0,1
7059,810768.494376934,810768.4946769337,17627,65,65,0,1
7060,785759.6334050848,785759.6337050847,17627,65,65,0,1
7061,795340.465425917,795340.4657259169,17627,65,65,0,1
7062,802111.520503514,802111.5208035137,17627,65,65,0,1
7063,884422.2541094217,884422.2544094218,17627,65,65,0,1
7064,933348.0221321133,933348.0224321135,17627,65,65,0,1
7065,974284.3802185135,974284.3805185225,17627,65,65,0,1
7066,959268.4051618287,959268.405461826,17627,65,65,0,1
7067,878804.3725131513,878804.3728131517,17627,65,65,0,1
7068,812274.488756147,812274.4890561465,17627,65,65,0,1
7069,733600.2888771959,733600.2891771955,17627,65,65,0,1
7070,728826.0326020163,728826.0329020161,17627,65,65,0,1
7071,784940.389375747,784940.3896757469,17627,65,65,0,1
7072,889536.4738630017,889536.4741630014,17627,65,65,0,1
7073,1132793.9934011353,1132793.9937011367,17627,65,65,0,1
7074,1384680.224649875,1384680.224864963,17627,65,65,0,1
7075,1557820.3407365507,1558049.0433256088,17627,65,69,2,2
7076,1424037.2762263045,1424037.2764559085,17627,65,65,0,1
7077,1285929.6414326937,1285929.6416892707,17627,65,65,0,1
7078,1228339.4855025515,1228339.4857845553,17627,65,65,0,1
7079,1055778.3935890114,1055778.393889014,17627,65,65,0,1
7080,907073.5403925023,907073.5406925026,17627,65,65,0,1
7081,870442.2317068182,870442.2319941428,17627,65,65,0,1
7082,846204.7588245054,846204.7590906615,17627,65,65,0,1
7083,845127.1562802729,845127.1565293011,17627,65,65,0,1
7084,904940.3531034463,904940.3533580243,17627,65,65,0,1
7085,1158592.1789234579,1158592.1791420528,17627,65,65,0,1
7086,1691967.509652244,1691967.5099522434,17627,65,65,0,1
7087,2055288.2102435182,2055288.2105435184,17627,65,65,0,1
7088,1988630.892749031,1988630.893049031,17627,65,65,0,1
7089,1790549.1371640365,1790660.0790730244,17627,65,67,2,2
7090,1698537.81563169,1698605.8971331622,17627,65,67,2,2
7091,1624598.9273094467,1624717.2024614587,17627,65,69,2,2
7092,1565132.59955064,1565230.4849875881,17627,65,69,2,2
7093,1537088.4294417435,1537173.59368008,17627,65,69,2,2
7094,1560899.577196213,1560948.204485972,17627,65,67,2,2
7095,1709870.0952133227,1709870.0955133229,17627,65,65,0,1
7096,1806969.969388797,1806969.969688797,17627,65,65,0,1
7097,1951244.4070566285,1951244.4073566287,17627,65,65,0,1
7098,2129709.906532564,2129709.906832568,17627,65,65,0,1
7099,2307818.739478196,2307818.7397781964,17627,65,65,0,1
7100,2097548.419362161,2097548.4196621645,17627,65,65,0,1
7101,1898320.8267632606,1898320.8270632606,17627,65,65,0,1
7102,1687421.5645389964,1687421.5648389962,17627,65,65,0,1
7103,1450674.4183020575,1450674.4186020573,17627,65,65,0,1
7104,1322781.483038383,1322781.483338383,17627,65,65,0,1
7105,1216410.583971912,1216410.5842331753,17627,65,65,0,1
7106,1183163.2777970554,1183163.27802102,17627,65,65,0,1
7107,1180501.1106508584,1180501.1108656432,17627,65,65,0,1
7108,1263925.044181441,1263925.0444383381,17627,65,65,0,1
7109,1445214.1582036722,1445214.158503672,17627,65,65,0,1
7110,1956090.3272256525,1956090.327525652,17627,65,65,0,1
7111,2305933.406298844,2305933.4065988446,17627,65,65,0,1
7112,2296616.9265488586,2296616.926848862,17627,65,65,0,1
7113,2132651.3580192537,2132651.358319254,17627,65,65,0,1
7114,2020417.1771491196,2020463.3407501874,17627,65,67,2,2
7115,1948047.9320521879,1948217.8813989994,17627,65,69,2,2
7116,1841505.9691351748,1841985.9410086502,17627,65,69,2,2
7117,1808645.4225686025,1809091.9651058197,17627,65,69,2,2
7118,1826710.5256148023,1827051.4390513373,17627,65,69,2,2
7119,1959692.4570633103,1959796.8154369644,17627,65,67,2,2
7120,2109552.6909751324,2109552.691275133,17627,65,65,0,1
7121,2203980.795713826,2203980.796013826,17627,65,65,0,1
7122,2396331.7098257868,2396331.7101257867,17627,65,65,0,1
7123,2512502.025177247,2512502.0254772473,17627,65,65,0,1
7124,2304503.6495902897,2304503.6498902896,17627,65,65,0,1
7125,2146949.7468623864,2146949.7471623863,17627,65,65,0,1
7126,1913456.3439579941,1913456.3442579946,17627,65,65,0,1
7127,1631927.5152515443,1631927.5155515443,17627,65,65,0,1
7128,1492210.221332787,1492210.221549278,17627,65,65,0,1
7129,1397568.5963618055,1397568.596606624,17627,65,65,0,1
7130,1343994.9718877738,1343994.972166894,17627,65,65,0,1
7131,1389915.7624182596,1389915.7626653723,17627,65,65,0,1
7132,1509748.4032347635,1509748.4034763065,17627,65,65,0,1
7133,1677360.2590491516,1677360.2593491515,17627,65,65,0,1
7134,2096407.5645747655,2096407.5648747652,17627,65,65,0,1
7135,2394551.9998925496,2394552.0001925495,17627,65,65,0,1
7136,2418706.7113027684,2418706.7116027693,17627,65,65,0,1
7137,2320271.3608430657,2320271.3611430656,17627,65,65,0,1
7138,2231908.6157948896,2231908.616094889,17627,65,65,0,1
7139,2165082.7945981324,2165232.5529091493,17627,65,67,2,2
7140,2080829.5088038936,2080914.606584063,17627,65,67,2,2
7141,2113501.5809721537,2113533.9061842063,17627,65,67,2,2
7142,2142503.624785293,2142507.566974715,17627,65,67,2,2
7143,2221503.0763798654,2221503.076679866,17627,65,65,0,1
7144,2292582.7260389635,2292582.7263389635,17627,65,65,0,1
7145,2431407.0256233094,2431407.0259233126,17627,65,65,0,1
7146,2621213.460445126,2621213.4607451246,17627,65,65,0,1
7147,2690028.90129973,2690028.901599729,17627,65,65,0,1
7148,2503090.4988330114,2503090.499133012,17627,65,65,0,1
7149,2315128.2628802205,2315128.263180221,17627,65,65,0,1
7150,2097467.634360977,2097467.634660977,17627,65,65,0,1
7151,1830447.9089863016,1830447.9092863011,17627,65,65,0,1
7152,1636704.0363548747,1636704.0366548742,17627,65,65,0,1
7153,1566513.3663197733,1566513.366619773,17627,65,65,0,1
7154,1539753.1589606698,1539753.1592606697,17627,65,65,0,1
7155,1569205.9167814865,1569205.9170814862,17627,65,65,0,1
7156,1625346.2471731459,1625346.2474731458,17627,65,65,0,1
7157,1786854.3802318568,1786854.3805318563,17627,65,65,0,1
7158,2156822.6701667393,2156822.670466739,17627,65,65,0,1
7159,2482088.8717145403,2482088.8720145435,17627,65,65,0,1
7160,2488329.4325865214,2488329.432886528,17627,65,65,0,1
7161,2296634.188856943,2296801.4946062327,17627,65,67,2,2
7162,2173808.054357654,2174400.6955541777,17627,65,69,2,2
7163,2096884.5142147331,2107825.4135278356,17627,65,71,3,3
7164,2026446.2060086643,2043900.8213868933,17627,65,71,3,2
7165,1952753.3270055675,1971101.8937159192,17627,65,71,3,2
7166,1915466.597918699,1930567.3408574911,17627,65,70,3,2
7167,2071756.027937213,2073124.150132613,17627,65,70,3,3
7168,2245971.1579490295,2246077.556078034,17627,65,67,2,2
7169,2354342.6384463627,2354342.6387463626,17627,65,65,0,1
7170,2413086.0930759953,2413086.093375995,17627,65,65,0,1
7171,2435536.912444155,2435536.912744155,17627,65,65,0,1
7172,2241215.7780803805,2241215.7783803805,17627,65,65,0,1
7173,2088812.5373085234,2088812.537608524,17627,65,65,0,1
7174,1940974.0647123756,1940974.0650123758,17627,65,65,0,1
7175,1750601.409156279,1750601.409456279,17627,65,65,0,1
7176,1570322.1781420608,1570322.1783730136,17627,65,65,0,1
7177,1488748.8164500543,1488748.8166715426,17627,65,65,0,1
7178,1415088.9456659118,1415088.9459354847,17627,65,65,0,1
7179,1453347.718592517,1453347.718831736,17627,65,65,0,1
7180,1504895.967178062,1504895.9673844255,17627,65,65,0,1
7181,1632125.5223269397,1632125.5226269397,17627,65,65,0,1
7182,2060806.9235281805,2060806.9238281804,17627,65,65,0,1
7183,2378917.8524437207,2378917.852743721,17627,65,65,0,1
7184,2375076.0921539804,2375076.0924539804,17627,65,65,0,1
7185,2190711.854614333,2190967.8629186996,17627,65,69,2,2
7186,2108153.274045335,2110612.6921765152,17627,65,70,3,3
7187,1989683.1273638734,2002359.958138601,17627,65,70,3,2
7188,1994939.0896357894,2004436.1407160028,17627,65,70,3,3
7189,2099460.9691450326,2100232.5757144224,17627,65,69,2,2
7190,2164870.140414729,2165223.0071629756,17627,65,69,2,2
7191,2272941.8226048807,2273101.691480262,17627,65,67,2,2
7192,2259258.8084161086,2259263.7084806073,17627,65,67,2,2
7193,2289061.2980789645,2289061.2983789644,17627,65,65,0,1
7194,2327904.4452159028,2327904.4455159027,17627,65,65,0,1
7195,2265074.9982901867,2265074.9985901867,17627,65,65,0,1
7196,2084509.8154335516,2084514.2787033573,17627,65,67,2,2
7197,1999921.628265888,1999921.628565887,17627,65,65,0,1
7198,1856966.535465851,1856966.535765851,17627,65,65,0,1
7199,1668049.7208155477,1668049.7211155477,17627,65,65,0,1
7200,1503099.0898087826,1503099.0900283263,17627,65,65,0,1
7201,1435104.7679060558,1435104.768132263,17627,65,65,0,1
7202,1380189.7967387002,1380189.7970079817,17627,65,65,0,1
7203,1311504.1856454897,1311504.185945496,17627,65,65,0,1
7204,1282693.1043407344,1282693.1046407372,17627,65,65,0,1
7205,1267979.619181914,1267979.6194819103,17627,65,65,0,1
7206,1292485.379448596,1292485.379748584,17627,65,65,0,1
7207,1444180.9424661063,1444180.942695872,17627,65,65,0,1
7208,1606586.176324749,1606586.1766164873,17627,65,65,0,1
7209,1636900.3508886728,1636900.3511886727,17627,65,65,0,1
7210,1611944.5802613804,1611944.5805437225,17627,65,65,0,1
7211,1498796.646775085,1498796.6469818272,17627,65,65,0,1
7212,1433606.8591495904,1433606.8593760272,17627,65,65,0,1
7213,1360201.263341186,1360201.2636223584,17627,65,65,0,1
7214,1344369.7198425406,1344369.7201425433,17627,65,65,0,1
7215,1408400.2686229073,1408400.2688521517,17627,65,65,0,1
7216,1506188.2465406097,1506188.2467920154,17627,65,65,0,1
7217,1692596.952624023,1692596.952924023,17627,65,65,0,1
7218,1881876.7300378839,1881876.730337884,17627,65,65,0,1
7219,1908449.9872740344,1908449.9875740353,17627,65,65,0,1
7220,1773845.253310051,1773845.2536100515,17627,65,65,0,1
7221,1651756.840542485,1651756.840842485,17627,65,65,0,1
7222,1607060.3198856185,1607060.3201856185,17627,65,65,0,1
7223,1453802.9876686952,1453802.987968695,17627,65,65,0,1
7224,1194867.3013871685,1194867.3016532187,17627,65,65,0,1
7225,1236820.714492559,1236820.7147175397,17627,65,65,0,1
7226,1230145.6429165902,1230145.643141823,17627,65,65,0,1
7227,1215092.2645978103,1215092.2648307427,17627,65,65,0,1
7228,1204811.6227166909,1204811.622953733,17627,65,65,0,1
7229,1193977.9946580473,1193977.9948972114,17627,65,65,0,1
7230,1194542.4794535579,1194542.4796866884,17627,65,65,0,1
7231,1290061.0405231002,1290061.0407679814,17627,65,65,0,1
7232,1340368.515288886,1340368.5155408639,17627,65,65,0,1
7233,1233693.7577772788,1233905.1802680956,17627,65,66,1,2
7234,1175288.1565683489,1178298.4328875712,17627,65,68,3,3
7235,1177440.068445253,1181960.6733166422,17627,65,68,3,3
7236,1204946.3954623921,1206647.2754607282,17627,65,68,3,3
7237,1148446.2700979619,1150158.418683337,17627,65,66,1,2
7238,1164463.5382353272,1166084.6476100662,17627,65,66,1,2
7239,1322641.7993194156,1322716.1691520966,17627,65,66,1,2
7240,1542005.8215048658,1542005.821798143,17627,65,65,0,1
7241,1920048.551388179,1920048.5516881794,17627,65,65,0,1
7242,2037885.5040386734,2037885.504338673,17627,65,65,0,1
7243,1966323.600805468,1966323.6011054679,17627,65,65,0,1
7244,1874728.7399363997,1874728.7402363992,17627,65,65,0,1
7245,1812199.1255766025,1812199.1258766023,17627,65,65,0,1
7246,1730384.5738567235,1730384.574156723,17627,65,65,0,1
7247,1498274.0773701714,1498274.0776701714,17627,65,65,0,1
7248,1381988.1998522938,1381988.2000741165,17627,65,65,0,1
7249,1353629.6341466988,1353629.6343474784,17627,65,65,0,1
7250,1323985.98654928,1323985.9867787668,17627,65,65,0,1
7251,1312009.1410616755,1312009.141311736,17627,65,65,0,1
7252,1337782.6918165425,1337782.692054011,17627,65,65,0,1
7253,1493059.467890014,1493059.468163131,17627,65,65,0,1
7254,1976698.4526108808,1976698.4529108806,17627,65,65,0,1
7255,2218604.6827487266,2218604.6830487265,17627,65,65,0,1
7256,2193817.1834590933,2193817.1837590933,17627,65,65,0,1
7257,2072817.861845867,2072896.6229673363,17627,65,67,2,2
7258,2016335.43458638,2016551.202464317,17627,65,67,2,2
7259,2025928.1849164204,2026513.2846103883,17627,65,69,2,2
7260,2043028.2594300625,2044494.0326710274,17627,65,70,3,3
7261,2070590.7555642114,2071170.738269566,17627,65,69,2,2
7262,2164308.641255088,2164666.8118713717,17627,65,67,2,2
7263,2258327.8631208893,2258327.8634208892,17627,65,65,0,1
7264,2284930.1039617695,2284930.1042617704,17627,65,65,0,1
7265,2455138.2558301664,2455138.256130167,17627,65,65,0,1
7266,2421427.589007284,2421427.589307293,17627,65,65,0,1
7267,2247695.3610140346,2247695.3613140346,17627,65,65,0,1
7268,2021393.527120409,2021393.5274204093,17627,65,65,0,1
7269,1854331.7474047644,1854331.7477047648,17627,65,65,0,1
7270,1699014.8112797444,1699014.8115797443,17627,65,65,0,1
7271,1449418.668286996,1449418.668522833,17627,65,65,0,1
7272,1319308.390039129,1319308.3902864808,17627,65,65,0,1
7273,1257802.4624426693,1257802.4627182384,17627,65,65,0,1
7274,1229303.3770796019,1229303.3773593835,17627,65,65,0,1
7275,1260690.9355393979,1260690.9357785762,17627,65,65,0,1
7276,1276963.0554253273,1276963.0556377831,17627,65,65,0,1
7277,1417550.6631096844,1417550.6634096436,17627,65,65,0,1
7278,1826524.7873257995,1826524.787625799,17627,65,65,0,1
7279,2109359.7431596513,2109359.743459651,17627,65,65,0,1
7280,2151534.1081930925,2151534.1084930925,17627,65,65,0,1
7281,1944190.9998815325,1944577.7304148618,17627,65,69,2,2
7282,1774045.8633021056,1777279.7662597133,17627,65,70,3,3
7283,1668343.9743280457,1683380.853670618,17627,65,70,3,2
7284,1642317.1462782477,1662028.06704757,17627,65,71,3,2
7285,1674993.531997864,1693262.186684011,17627,65,70,3,2
7286,1764623.3583571566,1772567.7176480342,17627,65,70,3,3
7287,1931900.2074793738,1932685.2708177716,17627,65,69,2,2
7288,2098062.272643716,2098138.340095286,17627,65,69,2,2
7289,2312529.0574425277,2312529.057742528,17627,65,65,0,1
7290,2361280.9408534677,2361280.941153468,17627,65,65,0,1
7291,2237716.771178779,2237716.771478779,17627,65,65,0,1
7292,2090742.2296037278,2090742.2299037278,17627,65,65,0,1
7293,1938315.7225576388,1938331.8704644775,17627,65,67,2,2
7294,1785534.6650801129,1785534.6653801138,17627,65,65,0,1
7295,1556754.0024451418,1556754.0027451415,17627,65,65,0,1
7296,1431777.6545631054,1431777.6548631052,17627,65,65,0,1
7297,1379005.4473239612,1379005.447623184,17627,65,65,0,1
7298,1402048.209048706,1402048.2093487058,17627,65,65,0,1
7299,1459650.60664271,1459650.60694271,17627,65,65,0,1
7300,1535465.6212720065,1535465.6215720074,17627,65,65,0,1
7301,1664579.9257664965,1664579.9260664969,17627,65,65,0,1
7302,2056445.804713018,2056445.8050130182,17627,65,65,0,1
7303,2274423.1421812577,2274423.1424812623,17627,65,65,0,1
7304,2116940.801141292,2116940.801441292,17627,65,65,0,1
7305,1814453.9299374062,1814882.1492946334,17627,65,69,2,2
7306,1606041.7456638347,1617841.822534973,17627,65,68,3,2
7307,1457661.634879055,1481105.9887781837,17627,65,68,3,2
7308,1382900.7455055357,1410123.48092592,17627,65,69,3,2
7309,1416689.3459288478,1443080.8543273318,17627,65,69,3,2
7310,1500009.7319742045,1520739.0389796584,17627,65,68,3,2
7311,1728432.4195463075,1731623.0898946363,17627,65,68,3,3
7312,2014422.3376145381,2014473.8571658568,17627,65,67,2,2
7313,2382862.8155943663,2382862.8158943676,17627,65,65,0,1
7314,2422218.197260475,2422218.197560473,17627,65,65,0,1
7315,2303087.403747856,2303087.4040478566,17627,65,65,0,1
7316,2146765.51572166,2146765.5160216605,17627,65,65,0,1
7317,2073830.9682766323,2073830.9685766322,17627,65,65,0,1
7318,1904453.9610027033,1904453.9613027032,17627,65,65,0,1
7319,1727915.1207905638,1727915.121090564,17627,65,65,0,1
7320,1546869.827703645,1546869.8280036447,17627,65,65,0,1
7321,1462054.340679932,1462054.3409799319,17627,65,65,0,1
7322,1410731.252220605,1410731.2525206048,17627,65,65,0,1
7323,1379476.9550421494,1379476.9553421494,17627,65,65,0,1
7324,1356401.4133315864,1356401.4136315861,17627,65,65,0,1
7325,1255970.5142579256,1255970.5145135757,17627,65,65,0,1
7326,1197678.4781292728,1197678.478341902,17627,65,65,0,1
7327,1224383.8703056762,1224383.87054226,17627,65,65,0,1
7328,1145554.3828361058,1145554.3830833607,17627,65,65,0,1
7329,1013767.9015259263,1014152.9537696121,17627,65,66,1,2
7330,938041.728134325,950762.8344470524,17627,65,68,3,2
7331,1000353.0536639384,1018447.304757785,17627,65,69,3,2
7332,1081320.6767611809,1100833.4805508081,17627,65,69,3,2
7333,1082748.0817208444,1101541.4306210494,17627,65,69,3,2
7334,1131454.4055171912,1145322.8895700893,17627,65,68,3,2
7335,1284569.8098241347,1288116.799124189,17627,65,68,3,3
7336,1461733.0370288154,1461733.0372542527,17627,65,65,0,1
7337,1718754.648397377,1718754.6486973758,17627,65,65,0,1
7338,1854872.086167601,1854872.086467601,17627,65,65,0,1
7339,1793985.80904529,1793985.8093452896,17627,65,65,0,1
7340,1667442.5924480287,1667442.5927480287,17627,65,65,0,1
7341,1608621.3847720171,1608621.385072017,17627,65,65,0,1
7342,1519337.6845527675,1519337.6848527675,17627,65,65,0,1
7343,1362790.059465557,1362790.05967732,17627,65,65,0,1
7344,1206840.2796331178,1206840.2799331178,17627,65,65,0,1
7345,2161994.047166691,2161994.0474666907,17627,65,65,0,1
7346,1214466.0763366825,1214466.0766366823,17627,65,65,0,1
7347,1122943.7771152619,1122943.7774152653,17627,65,65,0,1
7348,1167712.595256125,1167712.59555612,17627,65,65,0,1
7349,1308515.9740319727,1308515.9742884268,17627,65,65,0,1
7350,1674636.1872193413,1674636.187519341,17627,65,65,0,1
7351,1919513.5115796374,1919513.5118796367,17627,65,65,0,1
7352,1881878.493925534,1881878.494225534,17627,65,65,0,1
7353,1690552.2529018682,1690633.930512165,17627,65,67,2,2
7354,1516678.3531473554,1524207.3474811441,17627,65,68,3,2
7355,1503940.205203157,1517404.7289459547,17627,65,68,3,2
7356,1491174.1746217855,1499757.642967415,17627,65,68,3,2
7357,1543954.914526925,1545913.5390997506,17627,65,68,3,2
7358,1700674.7915667158,1700811.392110813,17627,65,67,2,2
7359,1918463.0336953122,1918696.1532134577,17627,65,67,2,2
7360,2083168.2300144352,2083186.3887125233,17627,65,67,2,2
7361,2336349.363957975,2336349.364257975,17627,65,65,0,1
7362,2366478.340130898,2366478.3404308986,17627,65,65,0,1
7363,2230931.766287337,2230931.766587337,17627,65,65,0,1
7364,1978479.6897888475,1978479.6900888472,17627,65,65,0,1
7365,1886747.4426885033,1886747.4429885042,17627,65,65,0,1
7366,1740766.2835577757,1740766.2838577754,17627,65,65,0,1
7367,1561618.4177400516,1561618.4180400516,17627,65,65,0,1
7368,1395832.7224982977,1395832.7227115529,17627,65,65,0,1
7369,1326585.5844810691,1326585.5847226777,17627,65,65,0,1
7370,1331577.8988569663,1331577.899103729,17627,65,65,0,1
7371,1312985.025732459,1312985.0260014771,17627,65,65,0,1
7372,1301152.0075893726,1301152.0078755452,17627,65,65,0,1
7373,1291765.6734556244,1291765.6737556169,17627,65,65,0,1
7374,1359554.7486756637,1359554.748945902,17627,65,65,0,1
7375,1474339.8498908165,1474339.8501007084,17627,65,65,0,1
7376,1590767.4630781189,1590767.463372111,17627,65,65,0,1
7377,1627176.288719466,1627176.289019466,17627,65,65,0,1
7378,1596100.6924149883,1596100.6927099936,17627,65,65,0,1
7379,1584917.0534102432,1585021.7006583493,17627,65,67,2,2
7380,1564271.0098506184,1564419.5692822987,17627,65,67,2,2
7381,1542523.948608749,1542570.7410930104,17627,65,67,2,2
7382,1543921.8451975274,1543921.845486581,17627,65,65,0,1
7383,1604825.2935982337,1604825.2938982337,17627,65,65,0,1
7384,1669497.7493935192,1669497.749693519,17627,65,65,0,1
7385,1978598.3338834185,1978598.3341834175,17627,65,65,0,1
7386,2060824.5689985424,2060824.5692985423,17627,65,65,0,1
7387,1955463.338179032,1955463.338479033,17627,65,65,0,1
7388,1801891.0843857233,1801891.0846857233,17627,65,65,0,1
7389,1757973.6743277889,1757973.6746277888,17627,65,65,0,1
7390,1731614.2895199053,1731614.2898199053,17627,65,65,0,1
7391,1623179.243996609,1623179.244296609,17627,65,65,0,1
7392,1484950.3666287144,1484950.366863126,17627,65,65,0,1
7393,1430952.7405352024,1430952.7407373358,17627,65,65,0,1
7394,1385049.7009368478,1385049.7011604393,17627,65,65,0,1
7395,1369972.7152288412,1369972.7154573302,17627,65,65,0,1
7396,1383165.7450159919,1383165.7452273574,17627,65,65,0,1
7397,1333543.6258521848,1333543.626097852,17627,65,65,0,1
7398,1282214.8633376989,1282214.8636201343,17627,65,65,0,1
7399,1300647.4563738704,1300647.4566297499,17627,65,65,0,1
7400,1331686.8427560152,1331686.842965868,17627,65,65,0,1
7401,1252348.8594126375,1252348.85970657,17627,65,65,0,1
7402,1295786.3971249948,1295786.3973743408,17627,65,65,0,1
7403,1308840.899607575,1308840.8999075848,17627,65,65,0,1
7404,1307135.7095316714,1311206.1560437407,17627,65,68,3,2
7405,1268554.9020197613,1278925.0051088058,17627,65,68,3,2
7406,1305865.979961682,1309952.9024071614,17627,65,68,3,2
7407,1443506.0632058205,1443506.063457856,17627,65,65,0,1
7408,1547260.286244085,1547260.2865255154,17627,65,65,0,1
7409,1752327.4539530673,1752327.4542530673,17627,65,65,0,1
7410,1844656.2220959403,1844656.2223959402,17627,65,65,0,1
7411,1719354.8670887738,1719354.8673887737,17627,65,65,0,1
7412,1559992.6275512348,1559992.6278001096,17627,65,65,0,1
7413,1469836.308994982,1469836.3092315162,17627,65,65,0,1
7414,1394394.6583261811,1394394.6586261755,17627,65,65,0,1
7415,1224565.912355032,1224565.912655028,17627,65,65,0,1
7416,1091496.1190374754,1091496.119337475,17627,65,65,0,1
7417,1044667.3908102503,1044667.3911102506,17627,65,65,0,1
7418,1023708.377136888,1023708.3774368875,17627,65,65,0,1
7419,1049495.1704958335,1049495.1707958328,17627,65,65,0,1
7420,1158401.3265232677,1158401.3268232741,17627,65,65,0,1
7421,1331176.3694306072,1331176.3697306027,17627,65,65,0,1
7422,1801862.861180845,1801862.8614808447,17627,65,65,0,1
7423,2097929.384071864,2097929.3843718646,17627,65,65,0,1
7424,2075973.4627910454,2075999.9206121904,17627,65,69,2,2
7425,1956399.3971350268,1956473.966526254,17627,65,69,2,2
7426,1918392.380011822,1918513.2289141782,17627,65,69,2,2
7427,1926725.604752087,1927017.729295882,17627,65,69,2,2
7428,1944762.0782297105,1945241.5947320214,17627,65,69,2,2
7429,1999428.4042472942,1999670.704223293,17627,65,69,2,2
7430,2025431.2491443618,2025678.4407368454,17627,65,69,2,2
7431,2187113.914969909,2187201.7180652875,17627,65,69,2,2
7432,2268273.9992745235,2268300.211455852,17627,65,67,2,2
7433,2435938.2974374467,2435938.297737447,17627,65,65,0,1
7434,2416134.898043298,2416134.898343298,17627,65,65,0,1
7435,2283836.709880926,2283847.0507540517,17627,65,67,2,2
7436,2079695.121038558,2079770.293550372,17627,65,69,2,2
7437,1909649.5356631905,1909759.2625830106,17627,65,69,2,2
7438,1694478.0475122752,1694478.0477685065,17627,65,65,0,1
7439,1457238.1113252952,1457238.1116252965,17627,65,65,0,1
7440,1257481.947459395,1257481.9477593955,17627,65,65,0,1
7441,1197707.7515566847,1197707.7518566854,17627,65,65,0,1
7442,1207448.8561091875,1207448.856409188,17627,65,65,0,1
7443,1251719.3486215344,1251719.3489215344,17627,65,65,0,1
7444,1361177.462970172,1361177.463270165,17627,65,65,0,1
7445,1575007.0834614092,1575007.083669991,17627,65,65,0,1
7446,2001846.4131062008,2001885.8920951777,17627,65,69,2,2
7447,2270421.946924046,2270421.9472240466,17627,65,65,0,1
7448,2229927.881015897,2229927.8813158968,17627,65,65,0,1
7449,2008204.5078186626,2008227.4739659224,17627,65,67,2,2
7450,1855401.7531951217,1855427.7267462094,17627,65,67,2,2
7451,1724245.4749303837,1724425.3606603222,17627,65,67,2,2
7452,1611738.1162639102,1611900.419345342,17627,65,67,2,2
7453,1621916.5396886016,1622123.2773038596,17627,65,67,2,2
7454,1720190.9812385442,1720280.1504960894,17627,65,67,2,2
7455,1812866.271567571,1812953.2986549435,17627,65,69,2,2
7456,1864525.2248157458,1864651.3319842303,17627,65,71,2,2
7457,2038397.14033306,2038798.119482927,17627,65,75,2,2
7458,2019481.739927671,2024579.0055448762,17627,65,78,2,2
7459,1839287.9497367712,1840042.5421272207,17627,65,71,2,2
7460,1581998.250764717,1582320.1101092864,17627,65,75,2,2
7461,1419591.1259641694,1420396.541512325,17627,65,69,2,2
7462,1260068.552270007,1260068.5525700068,17627,65,65,0,1
7463,1055518.8930353336,1067222.8617737442,17627,65,69,2,2
7464,936839.1894796961,955150.9969605469,17627,65,69,2,2
7465,905130.2431885123,913150.9349315977,17627,65,69,2,2
7466,944785.3692832454,944829.524391292,17627,65,67,2,2
7467,1022360.7135046537,1022360.7137590408,17627,65,65,0,1
7468,1176906.0261006758,1176906.026370378,17627,65,65,0,1
7469,1370224.9896087276,1370224.9899087264,17627,65,65,0,1
7470,1832598.6986102515,1832754.4574925646,17627,65,67,2,2
7471,2149629.699986478,2149681.501795212,17627,65,69,2,2
7472,2187027.240347673,2187027.240647673,17627,65,65,0,1
7473,2022956.7699936847,2023326.1592193511,17627,65,69,2,2
7474,1963336.7091676851,1964217.958590708,17627,65,69,2,2
7475,1983372.3398403437,1984024.349849611,17627,65,69,2,2
7476,1974914.288322144,1975282.4690794772,17627,65,69,2,2
7477,1961572.6536706104,1961825.1228940599,17627,65,69,2,2
7478,1934938.5426755787,1935153.1801044932,17627,65,69,2,2
7479,2015353.9910619596,2015490.0924827526,17627,65,67,2,2
7480,2091174.371542772,2091181.5827982258,17627,65,67,2,2
7481,2254007.6998393433,2254007.7001393433,17627,65,65,0,1
7482,2200018.151250248,2200038.1405548835,17627,65,69,2,2
7483,2058950.3647867402,2059114.1911730305,17627,65,69,2,2
7484,1859161.447831287,1859432.3231770694,17627,65,71,2,2
7485,1651869.2406910425,1651870.4399073406,17627,65,67,2,2
7486,1475152.5164906692,1475240.6684286606,17627,65,67,2,2
7487,1210046.9475678103,1210046.9478678103,17627,65,65,0,1
7488,1028632.4315128318,1028632.4318128327,17627,65,65,0,1
7489,952391.0608338625,952391.0611338633,17627,65,65,0,1
7490,909527.026792424,909527.027092424,17627,65,65,0,1
7491,946668.0708206568,946668.0711206578,17627,65,65,0,1
7492,999856.6875716359,999856.6878716366,17627,65,65,0,1
7493,1165712.5258919639,1165712.5261919638,17627,65,65,0,1
7494,1598121.0662213503,1598340.0918099754,17627,65,74,2,2
7495,1890415.9968677384,1891772.8716013755,17627,65,75,2,2
7496,1849461.3622915987,1850723.9120508325,17627,65,75,2,2
7497,1660430.9985043507,1661305.7165212787,17627,65,70,2,2
7498,1617629.6258427033,1618786.0394759867,17627,65,73,2,2
7499,1600306.3570119776,1601687.0011457433,17627,65,79,2,2
7500,1542955.7158867568,1544407.9831036683,17627,65,75,2,2
7501,1503061.7722567343,1513182.3442450792,17627,65,71,2,2
7502,1498834.9811293208,1508022.1656775367,17627,65,71,2,2
7503,1606617.7392432413,1614742.1428442593,17627,65,73,2,2
7504,1761541.3142232576,1763446.372978516,17627,65,79,2,2
7505,1927559.824684281,1944527.3907142638,17627,65,79,2,2
7506,1904628.236622441,1923041.2385503822,17627,65,79,2,2
7507,1812321.291881908,1859949.0144812658,17627,65,83,2,2
7508,1647494.9351672665,1650116.980999589,17627,65,79,2,2
7509,1538117.9459889655,1547491.1885783027,17627,65,73,2,2
7510,1342594.913663635,1342594.913963635,17627,65,65,0,1
7511,1112689.4818181135,1137772.0647171924,17627,65,69,2,2
7512,938915.8809466052,985352.7615383547,17627,65,72,2,2
7513,865071.1359072701,960143.5434069842,17627,65,74,4,3
7514,862950.6546263187,968132.7391295838,17627,65,74,4,3
7515,896173.5599501354,987088.0531854887,17627,65,72,2,2
7516,949244.4765174414,1021668.9638338236,17627,65,73,2,2
7517,1073040.3847485485,1130380.7833461207,17627,65,71,2,2
7518,1482502.3086493306,1495512.182444789,17627,65,73,2,2
7519,1772334.7717084414,1884235.4170859146,17627,65,85,2,2
7520,1789049.9044183006,1862387.8637119047,17627,65,83,2,2
7521,1657812.9240019354,1690683.9106709072,17627,65,85,2,2
7522,1598728.5382552887,1603741.2960527884,17627,65,79,2,2
7523,1576615.0974086071,1578292.0093699931,17627,65,79,2,2
7524,1500137.524742386,1501450.9816423163,17627,65,79,2,2
7525,1533293.2250499632,1534572.0856307894,17627,65,79,2,2
7526,1543976.8405567973,1545047.3432986839,17627,65,78,2,2
7527,1657690.3609567885,1658988.6985131563,17627,65,76,2,2
7528,1766887.8796584425,1769179.1886038503,17627,65,78,2,2
7529,1935839.1108390652,2045480.7531586417,17627,65,79,2,2
7530,1909083.6236492088,1992842.2067508867,17627,65,79,2,2
7531,1810651.4022022197,1826217.1850761715,17627,65,79,2,2
7532,1617242.0491117197,1618083.5058435719,17627,65,71,2,2
7533,1528488.6560731414,1528849.1474034581,17627,65,67,2,2
7534,1394237.946264859,1394377.41064455,17627,65,69,2,2
7535,1204785.2540015914,1204810.2032281836,17627,65,67,2,2
7536,1110075.5510775254,1110075.551338685,17627,65,65,0,1
7537,1035198.2452390104,1035198.2454645653,17627,65,65,0,1
7538,1013682.9636563451,1013682.9638690335,17627,65,65,0,1
7539,1031528.2193223347,1031528.2195424031,17627,65,65,0,1
7540,1045104.7038293852,1045104.7040520536,17627,65,65,0,1
7541,1061134.9083631875,1061134.908589825,17627,65,65,0,1
7542,1128796.3936840803,1128796.3939342094,17627,65,65,0,1
7543,1282870.3316908726,1282870.331990873,17627,65,65,0,1
7544,1434643.9873143726,1434643.987596842,17627,65,65,0,1
7545,1522803.9283065067,1522803.9285135826,17627,65,65,0,1
7546,1532406.9559910586,1532433.3334128754,17627,65,67,2,2
7547,1474271.9919142048,1474305.759381833,17627,65,69,2,2
7548,1402153.4126881468,1402183.9468450411,17627,65,69,2,2
7549,1332966.174304649,1333049.2632527477,17627,65,69,2,2
7550,1354624.0204187513,1354658.1347881895,17627,65,69,2,2
7551,1514018.731840232,1514018.7321024123,17627,65,65,0,1
7552,1665499.9943283761,1665499.9945583183,17627,65,65,0,1
7553,1868122.7319116977,1868315.6190500567,17627,65,71,2,2
7554,1823983.9573358765,1824341.6322327454,17627,65,71,2,2
7555,1711425.9487499346,1711462.4560547108,17627,65,67,2,2
7556,1520117.7493910305,1520117.7496726653,17627,65,65,0,1
7557,1418623.7853828294,1418623.7856828312,17627,65,65,0,1
7558,1306862.5513310828,1306862.551631074,17627,65,65,0,1
7559,1141969.5506505524,1141969.5509505526,17627,65,65,0,1
7560,969789.3915891256,969789.3918529268,17627,65,65,0,1
7561,837470.7458536697,837470.746058099,17627,65,65,0,1
7562,829049.7949688184,829049.7951703059,17627,65,65,0,1
7563,853624.775159652,853624.7753686806,17627,65,65,0,1
7564,899148.4576055852,899148.457831899,17627,65,65,0,1
7565,919031.9582771667,919031.9585087104,17627,65,65,0,1
7566,916603.9522097899,916603.952431953,17627,65,65,0,1
7567,979752.801793233,979752.8020362569,17627,65,65,0,1
7568,1084636.63631383,1084636.6366059172,17627,65,65,0,1
7569,1142412.4674343662,1142412.4677343667,17627,65,65,0,1
7570,1128645.3409215417,1128645.3412215419,17627,65,65,0,1
7571,1070109.3798696308,1070109.3801696305,17627,65,65,0,1
7572,1061883.2673415095,1064039.2596980531,17627,65,66,1,2
7573,1065849.1287096012,1065849.129009601,17627,65,65,0,1
7574,1116574.0570515664,1116574.0573491105,17627,65,65,0,1
7575,1272141.1348419855,1272141.1351419818,17627,65,65,0,1
7576,1476017.117291095,1476017.1175423665,17627,65,65,0,1
7577,1772625.5471623396,1772625.5474623395,17627,65,65,0,1
7578,1782579.9417303994,1782579.942030399,17627,65,65,0,1
7579,1691747.0806002086,1691747.0809002083,17627,65,65,0,1
7580,1605835.3957188653,1605835.3960188653,17627,65,65,0,1
7581,1544804.422064559,1544804.422332937,17627,65,65,0,1
7582,1486515.6608942994,1486515.6611016847,17627,65,65,0,1
7583,1325280.81439616,1325280.8146961655,17627,65,65,0,1
7584,1186735.5991958412,1186735.5994958412,17627,65,65,0,1
7585,1098677.8150899955,1098677.8153899955,17627,65,65,0,1
7586,1059223.9780646572,1059223.9783646571,17627,65,65,0,1
7587,1070534.0114296386,1070534.011729638,17627,65,65,0,1
7588,1127918.725417153,1127918.7257171527,17627,65,65,0,1
7589,1279268.1324031963,1279268.1327031967,17627,65,65,0,1
7590,1704737.7876640311,1704761.9895289717,17627,65,67,2,2
7591,2029360.2491407143,2030278.8804503086,17627,65,76,2,2
7592,2019182.5490937023,2020446.7890235528,17627,65,78,2,2
7593,1907127.6038604765,1908150.042230021,17627,65,75,2,2
7594,1801454.1728380132,1802033.0099306353,17627,65,69,2,2
7595,1703064.2641186852,1703908.7868365378,17627,65,69,2,2
7596,1628803.9843171418,1629325.4370899803,17627,65,71,2,2
7597,1632178.4089870285,1632697.8567117872,17627,65,69,2,2
7598,1682015.0645938835,1682422.462955399,17627,65,69,2,2
7599,1821601.8432460716,1822512.0976406913,17627,65,69,2,2
7600,1909948.2858803454,1910536.1932660989,17627,65,71,2,2
7601,2087502.0685221073,2121744.080672654,17627,65,79,2,2
7602,2061116.5795156409,2082915.001714325,17627,65,79,2,2
7603,1915082.775677998,1916613.6138440403,17627,65,76,2,2
7604,1713287.433796524,1714533.6069335141,17627,65,79,2,2
7605,1542502.063515698,1543436.2807063735,17627,65,70,2,2
7606,1354155.37189583,1354155.3721958299,17627,65,65,0,1
7607,1111964.6666471716,1112078.974221881,17627,65,67,2,2
7608,960020.5528804847,985044.7891293931,17627,65,71,4,2
7609,892798.7584294099,934108.7996465879,17627,65,71,4,3
7610,870147.2485532755,931218.4610759919,17627,65,71,4,3
7611,923523.224714428,963746.8785768449,17627,65,71,2,2
7612,980778.5191059181,1001984.4692476141,17627,65,71,4,2
7613,1054869.2776580267,1066005.9753975389,17627,65,71,4,3
7614,1420919.0646836264,1423425.3101160738,17627,65,69,2,2
7615,1697381.2614103672,1760835.708133765,17627,65,83,2,2
7616,1724486.4373772335,1768646.7243491365,17627,65,83,2,2
7617,1599908.7022342547,1602993.0917519215,17627,65,79,2,2
7618,1569083.3139656172,1577944.7594857048,17627,65,75,2,2
7619,1577813.1053989178,1583475.93841882,17627,65,75,2,2
7620,1560987.165623754,1564552.4445447768,17627,65,75,2,2
7621,1632753.3197368144,1634286.1620765314,17627,65,79,2,2
7622,1666662.3505016675,1667657.2011139537,17627,65,76,2,2
7623,1779134.908229638,1780340.7577404105,17627,65,72,2,2
7624,1897463.376920605,1899338.5562286945,17627,65,76,2,2
7625,2097014.011546059,2127771.233889396,17627,65,79,2,2
7626,2128235.8782662014,2140972.126917485,17627,65,79,2,2
7627,2038541.542625152,2053818.063508584,17627,65,79,2,2
7628,1843371.120635245,1843667.8450513533,17627,65,69,2,2
7629,1745192.2514119637,1745628.7088958782,17627,65,69,2,2
7630,1571271.3221606892,1571392.3178064958,17627,65,69,2,2
7631,1307679.4518229947,1307679.4521229947,17627,65,65,0,1
7632,1094390.9911687884,1094390.9914687881,17627,65,65,0,1
7633,1038594.3384034047,1038594.3387034049,17627,65,65,0,1
7634,1014170.1860823567,1014170.1863823568,17627,65,65,0,1
7635,1016549.4768135623,1016549.4771135624,17627,65,65,0,1
7636,1074626.7592806981,1074626.7595806979,17627,65,65,0,1
7637,1170679.1304524755,1170679.1307524755,17627,65,65,0,1
7638,1541500.205219494,1541862.0618248465,17627,65,69,2,2
7639,1784670.8445344577,1785472.11554234,17627,65,71,2,2
7640,1761799.3161695353,1762761.9214394193,17627,65,77,2,2
7641,1642499.9210251523,1643464.2038495261,17627,65,72,2,2
7642,1587844.423705541,1588962.127005903,17627,65,71,2,2
7643,1538756.2459239028,1543676.807298624,17627,65,71,2,2
7644,1537674.113392308,1542287.4789730767,17627,65,71,2,2
7645,1567790.8926261794,1573808.3817467587,17627,65,71,2,2
7646,1602988.0523815188,1610141.3407167206,17627,65,71,2,2
7647,1699388.367942302,1701674.3182115648,17627,65,74,2,2
7648,1816083.2282066406,1817983.8402037756,17627,65,79,2,2
7649,2015614.581655324,2017843.0577186092,17627,65,79,2,2
7650,2067347.915215659,2079092.5537734884,17627,65,79,2,2
7651,2022700.128673651,2025052.9877720098,17627,65,79,2,2
7652,1926291.2970987626,1926855.680881153,17627,65,75,2,2
7653,1871766.8787516332,1872067.0575225004,17627,65,71,2,2
7654,1731558.1884874413,1731592.6135897133,17627,65,67,2,2
7655,1515560.4319620074,1515560.4322620085,17627,65,65,0,1
7656,1386718.9745421344,1386718.9748421342,17627,65,65,0,1
7657,1314812.0726061966,1314812.0729061975,17627,65,65,0,1
7658,1290516.9302241383,1290516.9305241387,17627,65,65,0,1
7659,1306870.1831121347,1306870.1834121342,17627,65,65,0,1
7660,1357400.6156285787,1357400.6159285791,17627,65,65,0,1
7661,1471304.502115526,1471325.1237267368,17627,65,67,2,2
7662,1830047.828723081,1830165.4157216072,17627,65,67,2,2
7663,2113437.596859702,2113890.2602895014,17627,65,77,2,2
7664,2121473.8608274506,2122099.79887924,17627,65,76,2,2
7665,1989677.859659059,1990138.601457595,17627,65,75,2,2
7666,1958920.927479417,1959401.882852785,17627,65,76,2,2
7667,1919166.964510394,1920201.488073145,17627,65,76,2,2
7668,1904872.4918622088,1906370.6094502294,17627,65,77,2,2
7669,1933033.1186491083,1937379.0402602716,17627,65,77,2,2
7670,1939410.4858731802,1941300.785901375,17627,65,76,2,2
7671,2068525.3163213576,2069850.2019987686,17627,65,79,2,2
7672,2192171.2114780974,2192910.917756841,17627,65,79,2,2
7673,2327717.3468272663,2328436.033657961,17627,65,79,2,2
7674,2339161.0267492416,2339709.809793905,17627,65,79,2,2
7675,2235942.900910784,2236375.529996363,17627,65,76,2,2
7676,2089753.0940603423,2090032.1369805255,17627,65,71,2,2
7677,1995043.906969301,1995343.3483989716,17627,65,71,2,2
7678,1827466.7975082928,1827466.7977318051,17627,65,65,0,1
7679,1563975.1830028861,1563975.1833028807,17627,65,65,0,1
7680,1311720.4459558805,1311720.4462558809,17627,65,65,0,1
7681,1220813.5741012818,1220813.5744012818,17627,65,65,0,1
7682,1214300.5896078646,1214300.5899078646,17627,65,65,0,1
7683,1246254.4907717581,1246254.491071758,17627,65,65,0,1
7684,1310523.4231227692,1310523.4234227692,17627,65,65,0,1
7685,1447515.47623299,1447515.4765329896,17627,65,65,0,1
7686,1864741.591047851,1864766.5762315153,17627,65,67,2,2
7687,2137016.234531685,2137824.070390567,17627,65,74,2,2
7688,2121248.7819457343,2121910.5237560356,17627,65,75,2,2
7689,1989896.8276446809,1990759.9679687112,17627,65,69,2,2
7690,1940227.953569723,1941144.4178788979,17627,65,69,2,2
7691,1911630.800027936,1912580.9436483523,17627,65,69,2,2
7692,1870394.6053800203,1871172.656205633,17627,65,69,2,2
7693,1839350.5480904349,1840123.9905303314,17627,65,69,2,2
7694,1819600.8456569847,1820215.5382365962,17627,65,69,2,2
7695,1897047.1588773895,1897596.7682659533,17627,65,69,2,2
7696,1989957.1782232872,1990320.51956451,17627,65,73,2,2
7697,2137841.8552291617,2153709.572862866,17627,65,78,2,2
7698,2026426.3910480342,2027642.8636099794,17627,65,75,2,2
7699,1837406.1171124356,1838526.0132130764,17627,65,77,2,2
7700,1622345.24044806,1624803.8263769425,17627,65,68,2,2
7701,1490349.6254125908,1526977.0225079244,17627,65,71,2,2
7702,1347441.477653578,1442123.72531822,17627,65,73,2,2
7703,1146851.9050513245,1214789.0276190045,17627,65,75,3,2
7704,989091.8056922526,1040373.6580397137,17627,65,76,3,2
7705,916952.9341482762,962358.677918836,17627,65,80,3,2
7706,905176.3288873654,948795.6122335165,17627,65,80,3,2
7707,878599.421667466,921234.8890826892,17627,65,80,3,2
7708,855370.1319043866,897558.3967362861,17627,65,80,3,2
7709,842429.9685045056,885748.3296291018,17627,65,80,3,2
7710,838367.9323128167,883930.2416306515,17627,65,80,3,2
7711,931218.9516860239,989895.8290472442,17627,65,80,3,2
7712,985680.1363697138,1069590.2927079236,17627,65,75,2,2
7713,1019758.4364230856,1115485.6109178965,17627,65,73,2,2
7714,1041813.7501774451,1096380.107942783,17627,65,73,3,2
7715,958903.9221633653,999887.8250385375,17627,65,73,1,2
7716,931442.6076493436,978263.2442241148,17627,65,73,1,2
7717,908671.8406474929,945183.3078898855,17627,65,71,1,2
7718,974650.6607626488,980890.6233109972,17627,65,68,2,2
7719,1088116.8909484276,1088401.7582534037,17627,65,67,2,2
7720,1293455.9464164472,1293455.9467164471,17627,65,65,0,1
7721,1520217.8520500564,1521086.8046810352,17627,65,69,2,2
7722,1500913.1785047716,1501507.6122228429,17627,65,67,2,2
7723,1365170.272071835,1365170.2723718348,17627,65,65,0,1
7724,1228484.1023172976,1263033.6886403905,17627,65,71,2,2
7725,1154168.9202352972,1230327.9224711866,17627,65,73,2,2
7726,1100704.529076278,1204229.418070149,17627,65,73,2,2
7727,1003883.8756884146,1085867.1951736175,17627,65,77,4,3
7728,868987.5711148386,935923.4877850708,17627,65,78,4,3
7729,769887.6640832785,830174.1358082164,17627,65,80,3,2
7730,727589.1006665811,785584.6359829549,17627,65,80,3,2
7731,704382.8942720654,760599.7342603093,17627,65,80,3,2
7732,711505.6618633823,768559.0047913034,17627,65,80,3,2
7733,689202.0394290357,746066.4021358513,17627,65,80,3,2
7734,655306.8485102972,712131.7173940444,17627,65,80,3,2
7735,724147.0763759573,785868.3976712527,17627,65,80,3,2
7736,763175.1519304703,831802.2787699685,17627,65,76,3,2
7737,849712.5939649882,928535.3621350562,17627,65,75,3,2
7738,903742.9195159245,993518.7007402845,17627,65,75,3,2
7739,968215.1817267784,1071125.6096350688,17627,65,75,4,3
7740,1049464.8269526458,1138494.604873354,17627,65,73,3,2
7741,1034471.7915651833,1109780.3787239403,17627,65,73,3,2
7742,1027173.2472469267,1081083.015859422,17627,65,73,3,2
7743,1068393.8377707112,1106607.7689777813,17627,65,71,2,2
7744,1162010.936676078,1177030.5673085935,17627,65,69,2,2
7745,1402923.128937191,1402923.129237191,17627,65,65,0,1
7746,1441085.9884694547,1441470.9339211434,17627,65,67,2,2
7747,1368651.3351129785,1368651.3354129784,17627,65,65,0,1
7748,1268832.3844832743,1268832.3847832743,17627,65,65,0,1
7749,1241380.299424192,1241380.2997241921,17627,65,65,0,1
7750,1243548.5975870849,1243548.5978870848,17627,65,65,0,1
7751,1091828.1158212181,1091828.116115725,17627,65,65,0,1
7752,988163.6234630519,988163.6237142883,17627,65,65,0,1
7753,891357.9217308838,891357.9219432657,17627,65,65,0,1
7754,876377.0931607048,876377.0933713391,17627,65,65,0,1
7755,904893.1281058008,904893.1283399835,17627,65,65,0,1
7756,948833.4148085614,948833.415073405,17627,65,65,0,1
7757,1065728.7150699184,1065728.7153699184,17627,65,65,0,1
7758,1549213.057858697,1549216.7210469365,17627,65,67,2,2
7759,1857655.646106287,1859319.7824694705,17627,65,75,2,2
7760,1870579.123868874,1871456.671217873,17627,65,75,2,2
7761,1816712.370211674,1817114.0579023845,17627,65,73,2,2
7762,1820148.2678753785,1820457.323263706,17627,65,69,2,2
7763,1839985.3823983367,1840247.320510583,17627,65,70,2,2
7764,1807093.0637347742,1807319.3537094048,17627,65,69,2,2
7765,1818159.4779487657,1818261.7209733769,17627,65,69,2,2
7766,1840064.8879672713,1840124.7199512813,17627,65,69,2,2
7767,1964787.0969769405,1964791.436431384,17627,65,67,2,2
7768,2031476.2686617945,2031476.2689617947,17627,65,65,0,1
7769,2178673.092257743,2178673.0925577427,17627,65,65,0,1
7770,2123736.166795303,2123736.167095303,17627,65,65,0,1
7771,1988402.776267345,1988402.7765673455,17627,65,65,0,1
7772,1822390.3305573603,1822398.6594244859,17627,65,67,2,2
7773,1721986.7690946881,1721999.2070237123,17627,65,67,2,2
7774,1522053.0766722541,1522053.0769722539,17627,65,65,0,1
7775,1245696.3791345484,1245696.3793363683,17627,65,65,0,1
7776,1063554.0700290692,1063554.0703290687,17627,65,65,0,1
7777,1000215.0789906606,1000215.0792906567,17627,65,65,0,1
7778,980244.3540989531,980244.3543989421,17627,65,65,0,1
7779,1023060.445996183,1023060.4462961684,17627,65,65,0,1
7780,1079803.302857752,1079803.3031096056,17627,65,65,0,1
7781,1248316.474684842,1248316.4749466784,17627,65,65,0,1
7782,1610237.9188995394,1610237.919199539,17627,65,65,0,1
7783,1888003.225613599,1888003.2259135996,17627,65,65,0,1
7784,1919563.8076461821,1919563.8079461823,17627,65,65,0,1
7785,1814364.6706400444,1814416.505537404,17627,65,67,2,2
7786,1758429.075210066,1758532.6735149694,17627,65,67,2,2
7787,1759159.3856829477,1759240.7709275342,17627,65,67,2,2
7788,1749375.9840444494,1749398.7391825055,17627,65,67,2,2
7789,1714787.30605259,1714809.2974376946,17627,65,67,2,2
7790,1697258.7992363428,1697298.8136473438,17627,65,67,2,2
7791,1737399.6360489433,1737435.0460176414,17627,65,67,2,2
7792,1822844.6281642737,1822844.6284642736,17627,65,65,0,1
7793,1937008.1929117395,1937008.1932117396,17627,65,65,0,1
7794,1926523.6980808144,1926523.6983808146,17627,65,65,0,1
7795,1832378.9270493416,1832378.9273493416,17627,65,65,0,1
7796,1676636.1080492674,1676636.1083492674,17627,65,65,0,1
7797,1604122.00592518,1604122.0062251785,17627,65,65,0,1
7798,1451935.0162491887,1451935.0165491886,17627,65,65,0,1
7799,1228033.8933005836,1228033.8935834651,17627,65,65,0,1
7800,1091936.9079205154,1091936.908150262,17627,65,65,0,1
7801,1050259.9745236267,1050259.9747901799,17627,65,65,0,1
7802,1049779.7839619492,1049779.7842325312,17627,65,65,0,1
7803,1063757.6693313103,1063757.6696001436,17627,65,65,0,1
7804,1144266.835632951,1144266.835848036,17627,65,65,0,1
7805,1272239.5151151887,1272239.5153839465,17627,65,65,0,1
7806,1640235.9180554147,1640277.0663187434,17627,65,69,2,2
7807,1906891.0515024725,1906916.406151584,17627,65,67,2,2
7808,1909649.602777704,1909707.1801828046,17627,65,71,2,2
7809,1736829.0463230973,1737013.123105161,17627,65,71,2,2
7810,1657147.7938244687,1657483.2955392725,17627,65,69,2,2
7811,1615271.8425013775,1615560.95789698,17627,65,69,2,2
7812,1620469.88185176,1620729.292862487,17627,65,69,2,2
7813,1723433.592944079,1723756.11653187,17627,65,69,2,2
7814,1803957.0445546785,1804261.3826870415,17627,65,69,2,2
7815,1985818.3647134113,1986155.086523436,17627,65,71,2,2
7816,2159372.235881316,2159564.6738438164,17627,65,79,2,2
7817,2283964.248772244,2284349.547401452,17627,65,79,2,2
7818,2233308.350749617,2233689.003447233,17627,65,79,2,2
7819,2102275.0406473586,2102476.9045429,17627,65,75,2,2
7820,1911357.5575115974,1911516.048970382,17627,65,69,2,2
7821,1815773.3430490172,1815834.2519264678,17627,65,69,2,2
7822,1631745.0544470346,1631745.0546803796,17627,65,65,0,1
7823,1426608.0308787732,1426608.0311751587,17627,65,65,0,1
7824,1332444.7644699211,1332444.7647699185,17627,65,65,0,1
7825,1328576.950207554,1328576.9505075568,17627,65,65,0,1
7826,1364185.3134084598,1364185.3136851655,17627,65,65,0,1
7827,1498878.2595620668,1498878.2597951428,17627,65,65,0,1
7828,1637144.9117438202,1637144.9120438201,17627,65,65,0,1
7829,1820725.2382730814,1820725.2385730813,17627,65,65,0,1
7830,2201316.9534732313,2201316.9537732312,17627,65,65,0,1
7831,2494229.1657561706,2494229.166056174,17627,65,65,0,1
7832,2529466.8974952344,2529466.897795237,17627,65,65,0,1
7833,2311024.7352857846,2311024.7355857845,17627,65,65,0,1
7834,2148111.2825672203,2148254.8723489433,17627,65,67,2,2
7835,2032419.3458471126,2033056.598112906,17627,65,69,2,2
7836,1989626.8227151055,1994302.7937217145,17627,65,68,3,3
7837,2019286.6859822413,2019862.317748923,17627,65,69,2,2
7838,2069959.8879573583,2070425.2387918322,17627,65,69,2,2
7839,2206095.3890211573,2206191.546043009,17627,65,67,2,2
7840,2323284.3275823426,2323284.327882342,17627,65,65,0,1
7841,2485885.2356284205,2485885.2359284214,17627,65,65,0,1
7842,2412869.9149772,2412869.9152772003,17627,65,65,0,1
7843,2267889.248038291,2267889.2483382914,17627,65,65,0,1
7844,2115971.573102986,2116002.055733511,17627,65,69,2,2
7845,1970354.0237182847,1970394.513673259,17627,65,69,2,2
7846,1763811.8094815544,1763811.8097815546,17627,65,65,0,1
7847,1567817.2272983743,1567817.2275031449,17627,65,65,0,1
7848,1323790.7230487783,1323790.723348771,17627,65,65,0,1
7849,1240774.8528547166,1240774.8531547168,17627,65,65,0,1
7850,1197008.5169834122,1197008.5172834122,17627,65,65,0,1
7851,1203267.85990599,1203267.8602059903,17627,65,65,0,1
7852,1214973.4571520225,1214973.4574520225,17627,65,65,0,1
7853,1286215.3019569889,1286215.3022569893,17627,65,65,0,1
7854,1644072.1402297232,1644072.1405048452,17627,65,65,0,1
7855,1862117.5526909167,1862266.2264232195,17627,65,69,2,2
7856,1840083.729039523,1840284.4624601526,17627,65,69,2,2
7857,1753703.4930907772,1754013.0497244368,17627,65,69,2,2
7858,1718103.6406144928,1718741.1860675327,17627,65,69,2,2
7859,1662859.058932315,1663332.9076027232,17627,65,69,2,2
7860,1616207.7377070035,1616606.023792353,17627,65,71,2,2
7861,1630588.774363636,1631058.918782813,17627,65,71,2,2
7862,1660352.888163042,1660840.1675499245,17627,65,73,2,2
7863,1716977.558125632,1717589.8485669147,17627,65,75,2,2
7864,1839342.513467355,1840324.6023560932,17627,65,75,2,2
7865,1917100.3328386974,1918474.7647608328,17627,65,75,2,2
7866,1879774.43010137,1880955.5037881765,17627,65,75,2,2
7867,1811435.5500827855,1812299.1122087296,17627,65,74,2,2
7868,1730879.7679833812,1731336.9188280432,17627,65,67,2,2
7869,1635533.1850197688,1635638.7934828796,17627,65,67,2,2
7870,1518996.5562641677,1519050.6129710644,17627,65,67,2,2
7871,1383462.840650523,1383462.8409505237,17627,65,65,0,1
7872,1262559.7657748703,1262559.7660748707,17627,65,65,0,1
7873,1156060.0373127512,1156060.037612751,17627,65,65,0,1
7874,1136333.0100252551,1136333.0103252558,17627,65,65,0,1
7875,1161424.486665773,1161424.4869657732,17627,65,65,0,1
7876,1211629.2163313231,1211629.2166313198,17627,65,65,0,1
7877,1216896.3532876815,1216896.3535876786,17627,65,65,0,1
7878,1231554.8650443815,1231554.865344372,17627,65,65,0,1
7879,1397161.9289620956,1397161.9291849192,17627,65,65,0,1
7880,1499095.3346545824,1499095.3349545824,17627,65,65,0,1
7881,1518506.7984353509,1518506.7987353508,17627,65,65,0,1
7882,1500831.5035535803,1500831.50385358,17627,65,65,0,1
7883,1426711.6951577135,1426711.6954058653,17627,65,65,0,1
7884,1385677.5808298518,1385677.5810471252,17627,65,65,0,1
7885,1357456.0209147371,1357456.0211271034,17627,65,65,0,1
7886,1382612.1882531035,1382612.1884879442,17627,65,65,0,1
7887,1492675.7801280734,1492675.7804280734,17627,65,65,0,1
7888,1623771.0259551432,1623771.0262551433,17627,65,65,0,1
7889,1745565.7515674976,1745565.7518674973,17627,65,65,0,1
7890,1762297.077107064,1762297.0774070641,17627,65,65,0,1
7891,1664281.2203793628,1664281.2206793618,17627,65,65,0,1
7892,1549204.181686589,1549204.181986589,17627,65,65,0,1
7893,1488067.8808330223,1488067.8811330223,17627,65,65,0,1
7894,1413687.2874575148,1413687.2877388687,17627,65,65,0,1
7895,1223318.1541875827,1223318.154446742,17627,65,65,0,1
7896,1021410.3490135672,1021410.3493135753,17627,65,65,0,1
7897,868580.1214322831,868580.1217322836,17627,65,65,0,1
7898,819390.1408809761,819390.1411809756,17627,65,65,0,1
7899,789517.1129949789,789517.1132949786,17627,65,65,0,1
7900,801487.055201668,801487.0555016682,17627,65,65,0,1
7901,798121.9615323846,798121.9618314917,17627,65,65,0,1
7902,766230.5833548717,766230.5836367246,17627,65,65,0,1
7903,809580.490791735,809580.4910865809,17627,65,65,0,1
7904,929564.4245667553,929564.4248667429,17627,65,65,0,1
7905,965162.3344478344,965162.3347478316,17627,65,65,0,1
7906,909891.1041875699,911887.7797368355,17627,65,66,1,2
7907,908370.497357627,916302.0943400364,17627,65,68,3,3
7908,882059.674507563,891983.3559131394,17627,65,66,1,2
7909,828443.7929557854,838737.9337173603,17627,65,66,1,2
7910,860384.7452651055,864068.1787712423,17627,65,66,1,2
7911,986535.0838224203,986535.0841224086,17627,65,65,0,1
7912,1224575.964531173,1224575.964831173,17627,65,65,0,1
7913,1456172.809937758,1456172.8102377583,17627,65,65,0,1
7914,1513137.238429544,1513137.2387295433,17627,65,65,0,1
7915,1547340.7953045045,1547340.7956045035,17627,65,65,0,1
7916,1454966.0397695163,1454966.040069516,17627,65,65,0,1
7917,1430859.4944495286,1430859.4947495284,17627,65,65,0,1
7918,1435669.920632304,1435669.9209323039,17627,65,65,0,1
7919,1335476.4247147436,1335476.4250147436,17627,65,65,0,1
7920,1163630.4323522514,1163630.4325673708,17627,65,65,0,1
7921,1103522.0745262268,1103522.0748102209,17627,65,65,0,1
7922,1075670.06416533,1075670.0644653342,17627,65,65,0,1
7923,1071971.230005976,1071971.2303059837,17627,65,65,0,1
7924,1113294.7601376325,1113294.7604376245,17627,65,65,0,1
7925,1274308.8272691872,1274308.827471084,17627,65,65,0,1
7926,1730844.1980180081,1730844.1983180083,17627,65,65,0,1
7927,2040976.2938090067,2040976.2941090069,17627,65,65,0,1
7928,2075158.050516123,2075158.050816123,17627,65,65,0,1
7929,1973625.6787144956,1973689.8564111693,17627,65,69,2,2
7930,1944406.8259205408,1944596.2222880183,17627,65,71,2,2
7931,1964872.4121726998,1965198.9263334898,17627,65,73,2,2
7932,1925270.057397577,1925677.7362925035,17627,65,73,2,2
7933,1870181.034127507,1870616.3101675364,17627,65,72,2,2
7934,1854298.736171255,1854537.033404272,17627,65,71,2,2
7935,1908485.1196298725,1908606.3261368016,17627,65,71,2,2
7936,2016400.8325045176,2016442.8463021554,17627,65,69,2,2
7937,2063316.466544888,2063451.1374588455,17627,65,71,2,2
7938,1967567.353391359,1967739.3298461528,17627,65,77,2,2
7939,1837022.3948396773,1837366.9150427585,17627,65,71,2,2
7940,1620655.1175649334,1620889.7787596183,17627,65,71,2,2
7941,1475542.6140453639,1475542.6143037006,17627,65,65,0,1
7942,1262336.1456262686,1262369.7162512657,17627,65,67,2,2
7943,1038627.3282855602,1038627.3285855603,17627,65,65,0,1
7944,904249.5090545912,904249.5093545911,17627,65,65,0,1
7945,848463.6080557794,848463.6083557797,17627,65,65,0,1
7946,833842.7595821873,833842.7598821879,17627,65,65,0,1
7947,865015.2359610541,865015.2362610548,17627,65,65,0,1
7948,940188.5760661506,940188.5763661508,17627,65,65,0,1
7949,1089247.640262648,1089247.640562648,17627,65,65,0,1
7950,1505876.7925116643,1505975.7726704446,17627,65,67,2,2
7951,1807470.0194056598,1809570.002298461,17627,65,75,2,2
7952,1929416.3904539417,1931226.4625731907,17627,65,79,2,2
7953,1784860.5085644694,1785294.196634219,17627,65,75,2,2
7954,1669199.519987722,1670285.0241230559,17627,65,69,2,2
7955,1664714.6467563794,1666415.4315245876,17627,65,70,3,3
7956,1578900.5525767505,1584583.238291806,17627,65,70,3,3
7957,1609531.5317639094,1614497.2444366775,17627,65,70,3,3
7958,1635984.1556094321,1636861.7251040544,17627,65,69,2,2
7959,1822343.3802181296,1823116.2449009367,17627,65,69,2,2
7960,1957565.7852053633,1966141.620459422,17627,65,76,2,2
7961,2066655.9068676634,2072910.7433444527,17627,65,79,2,2
7962,2020023.7931459567,2039852.0274270163,17627,65,78,2,2
7963,1893828.0598296362,1894480.6734262642,17627,65,75,2,2
7964,1741563.6957716926,1742139.9634514824,17627,65,71,2,2
7965,1630238.21630652,1630741.4273865777,17627,65,71,2,2
7966,1400409.1011312709,1400409.1014312708,17627,65,65,0,1
7967,1109504.6594217694,1126692.7619426544,17627,65,71,4,2
7968,954357.8345027149,1039227.5652867141,17627,65,71,4,3
7969,899105.9513408273,1008564.0721679963,17627,65,77,4,3
7970,869295.2530458265,958245.0830669254,17627,65,77,4,3
7971,894002.3417507652,973454.482861472,17627,65,77,4,3
7972,917827.7352160249,996944.4546089992,17627,65,77,4,3
7973,992817.1966215764,1079590.3390890944,17627,65,77,4,3
7974,1306691.0317452734,1390820.5152238787,17627,65,72,2,2
7975,1544536.5629024846,1571756.1924067643,17627,65,75,2,2
7976,1604296.6984442985,1619099.708745161,17627,65,73,2,2
7977,1484813.9122865493,1493655.0484633453,17627,65,70,2,2
7978,1433813.2200900018,1442036.5526436418,17627,65,69,2,2
7979,1428469.741942728,1438066.8276129812,17627,65,70,2,2
7980,1401589.8691268212,1410710.1598716779,17627,65,70,2,2
7981,1415933.0443783659,1426575.3020512098,17627,65,71,2,2
7982,1436011.496247205,1446775.560367185,17627,65,72,2,2
7983,1477361.2791648526,1504400.1400174405,17627,65,75,2,2
7984,1604095.7723830093,1619211.4530805196,17627,65,75,2,2
7985,1700270.5676397125,1720349.6219953604,17627,65,81,2,2
7986,1651168.3799427615,1700285.5937823611,17627,65,77,2,2
7987,1515570.4671688753,1624082.7510800464,17627,65,78,2,2
7988,1425683.145486562,1541802.494319832,17627,65,75,2,2
7989,1308933.239595852,1380858.7446442796,17627,65,79,3,2
7990,1064006.5352792598,1116759.5302180746,17627,65,75,3,2
7991,902187.4026780433,948606.114914393,17627,65,76,3,2
7992,779123.2744006265,825003.5154541712,17627,65,80,3,2
7993,739308.2369929503,787790.2962803788,17627,65,80,3,2
7994,724122.489340655,778898.2762089391,17627,65,80,3,2
7995,746214.0455928852,813832.8465732096,17627,65,78,4,3
7996,793476.4486100067,878194.5109225577,17627,65,80,4,3
7997,905396.7253363561,1012256.7363356862,17627,65,75,2,2
7998,1266545.0761686955,1349261.021601505,17627,65,69,2,2
7999,1588590.5609594549,1610293.2823168023,17627,65,79,2,2
8000,1681472.7335510144,1806457.651595394,17627,65,83,2,2
8001,1618180.3650466602,1679071.5954881296,17627,65,79,2,2
8002,1561762.7602381785,1580968.4677027941,17627,65,79,2,2
8003,1562428.7539090225,1564470.229061081,17627,65,79,2,2
8004,1530800.6776081563,1531799.1457731216,17627,65,78,2,2
8005,1558512.7620907677,1559406.9747339003,17627,65,77,2,2
8006,1598484.9629294323,1599293.8947817828,17627,65,77,2,2
8007,1683285.8065348363,1684239.506525504,17627,65,76,2,2
8008,1829209.0287489514,1830525.3588697917,17627,65,73,2,2
8009,1929730.0123411058,1931552.678398978,17627,65,78,2,2
8010,1902813.065029284,1904219.8816164704,17627,65,77,2,2
8011,1813995.9473051003,1815369.0891070631,17627,65,76,2,2
8012,1698112.8087629674,1699641.3737755772,17627,65,79,2,2
8013,1554207.322957615,1555102.1093863992,17627,65,71,2,2
8014,1408206.6631150167,1408588.9803015017,17627,65,67,2,2
8015,1210423.466848611,1210423.4671486113,17627,65,65,0,1
8016,1049661.3575623364,1059097.0991799142,17627,65,71,4,2
8017,1003612.2170652023,1009711.75247477,17627,65,69,4,2
8018,1018780.9729836413,1018780.9732836422,17627,65,65,0,1
8019,1067475.1139282482,1067475.1142282484,17627,65,65,0,1
8020,1160930.4845524947,1160930.4848524947,17627,65,65,0,1
8021,1309795.0743524872,1309896.3837054893,17627,65,67,2,2
8022,1704073.905327564,1704355.1762731373,17627,65,69,2,2
8023,2007661.2440995122,2016661.6637452922,17627,65,78,2,2
8024,2078744.4860695603,2079784.19043107,17627,65,79,2,2
8025,1977595.3498349558,1978156.604371554,17627,65,77,2,2
8026,1887899.4842439275,1888320.0302753015,17627,65,73,2,2
8027,1823301.2892135177,1823634.737819916,17627,65,69,2,2
8028,1767027.8030520347,1767245.5329635676,17627,65,69,2,2
8029,1771169.1039002647,1771344.7949288085,17627,65,69,2,2
8030,1797131.875869093,1797296.245160461,17627,65,69,2,2
8031,1900139.7074608565,1900337.427742879,17627,65,69,2,2
8032,2083849.3868141691,2083947.9135053498,17627,65,71,2,2
8033,2253424.2216924033,2253424.2219924037,17627,65,65,0,1
8034,2206240.890158045,2206240.890458045,17627,65,65,0,1
8035,2085922.8635089258,2085965.408778972,17627,65,69,2,2
8036,1935648.9544091003,1935724.0452194284,17627,65,69,2,2
8037,1859820.6817091561,1859979.0132635105,17627,65,69,2,2
8038,1755121.5866885823,1755140.2584249724,17627,65,67,2,2
8039,1621577.6708964338,1621577.671127818,17627,65,65,0,1
8040,1451713.8473262102,1451713.8476262123,17627,65,65,0,1
8041,1314684.272004939,1314684.272304939,17627,65,65,0,1
8042,1291044.358236915,1291044.3585369147,17627,65,65,0,1
8043,1288587.3437617475,1288587.3440617486,17627,65,65,0,1
8044,1300063.4514316258,1300063.451731626,17627,65,65,0,1
8045,1266682.4931655293,1266682.4934655293,17627,65,65,0,1
8046,1303188.203554553,1303188.2038545534,17627,65,65,0,1
8047,1473613.687050634,1473613.687350629,17627,65,65,0,1
8048,1579623.9697355719,1579623.9699955801,17627,65,65,0,1
8049,1633982.1190778879,1633993.6189514191,17627,65,67,2,2
8050,1627386.7698001415,1627394.696064943,17627,65,67,2,2
8051,1500862.9864640334,1500928.5179201965,17627,65,67,2,2
8052,1454271.0879042628,1454355.938027124,17627,65,69,2,2
8053,1403907.5684219473,1404026.2924528983,17627,65,69,2,2
8054,1471926.4813724116,1471952.8971875357,17627,65,67,2,2
8055,1584192.210914179,1584192.2111562584,17627,65,65,0,1
8056,1793776.8661584645,1793790.359342289,17627,65,67,2,2
8057,1915724.1517960366,1915926.8175004954,17627,65,69,2,2
8058,1824893.508860081,1824982.934507713,17627,65,69,2,2
8059,1719158.6054051793,1719158.605671778,17627,65,65,0,1
8060,1555769.8636701042,1555769.8639263362,17627,65,65,0,1
8061,1503869.7705129818,1503869.7708064795,17627,65,65,0,1
8062,1470452.669954533,1470452.6702545295,17627,65,65,0,1
8063,1369617.878229522,1369617.8785295156,17627,65,65,0,1
8064,1267602.4369033582,1267602.4372033584,17627,65,65,0,1
8065,1195595.755350044,1195595.7556500442,17627,65,65,0,1
8066,1170553.9253259245,1170553.9256259247,17627,65,65,0,1
8067,1144900.7018870644,1144900.7021870643,17627,65,65,0,1
8068,1137143.1166589875,1137143.116958988,17627,65,65,0,1
8069,1099054.3825857164,1099054.3828857164,17627,65,65,0,1
8070,1078515.0495375977,1078515.0498375976,17627,65,65,0,1
8071,1137770.038394152,1137770.0386941526,17627,65,65,0,1
8072,1241255.717155355,1241255.717455358,17627,65,65,0,1
8073,1252416.521384648,1252416.521684649,17627,65,65,0,1
8074,1233693.6054954326,1234974.4492733725,17627,65,68,3,3
8075,1223399.7996243401,1234047.9064905234,17627,65,68,3,2
8076,1224937.3326338618,1237058.2352645556,17627,65,67,1,2
8077,1207967.7955069025,1217044.519669543,17627,65,66,1,2
8078,1286923.7378255008,1287964.2176789907,17627,65,68,3,3
8079,1425404.6093349895,1425404.6096349831,17627,65,65,0,1
8080,1582878.7684297771,1582878.76863436,17627,65,65,0,1
8081,1759575.7178593385,1759575.7181593385,17627,65,65,0,1
8082,1766337.4715478616,1766337.4718478615,17627,65,65,0,1
8083,1710361.6039091654,1710361.604166212,17627,65,65,0,1
8084,1597433.5259939411,1597433.5262397053,17627,65,65,0,1
8085,1522965.4037787162,1522965.4040787022,17627,65,65,0,1
8086,1459632.5701528967,1459632.5704528969,17627,65,65,0,1
8087,1269148.0846918025,1269148.0849918034,17627,65,65,0,1
8088,1109486.1063352015,1109486.1066352017,17627,65,65,0,1
8089,1030074.9319738629,1030074.932273863,17627,65,65,0,1
8090,997153.1687115757,997153.1690115762,17627,65,65,0,1
8091,960235.2050655226,960235.2053655232,17627,65,65,0,1
8092,958355.7057041195,958355.70600412,17627,65,65,0,1
8093,1045176.8355695193,1045176.8358695201,17627,65,65,0,1
8094,1433720.4685558393,1433915.0754665572,17627,65,67,2,2
8095,1746921.8579965848,1820845.8443367076,17627,65,83,2,2
8096,1830305.8620695265,1903529.9580195686,17627,65,79,2,2
8097,1672913.4865442847,1674742.4076838456,17627,65,83,2,2
8098,1607481.6320168949,1617374.7156900605,17627,65,75,2,2
8099,1568141.1977288793,1580968.7149831238,17627,65,72,2,2
8100,1543444.5251436187,1551020.243311354,17627,65,71,2,2
8101,1570135.0219005719,1578035.331469255,17627,65,71,2,2
8102,1616464.8355741263,1617818.6653312517,17627,65,71,2,2
8103,1794051.9566829633,1795354.2532675688,17627,65,69,2,2
8104,2025529.1587185545,2026828.9398051035,17627,65,79,2,2
8105,2088962.8953609893,2090045.4912782148,17627,65,79,2,2
8106,2049564.1752684822,2050884.0450036195,17627,65,79,2,2
8107,1955224.3937092163,1965136.8305595568,17627,65,79,2,2
8108,1792784.6833401003,1793732.218731172,17627,65,75,2,2
8109,1666872.8319874932,1667491.847825641,17627,65,69,2,2
8110,1444975.7643007608,1445130.0450341273,17627,65,69,2,2
8111,1207300.8368495991,1207300.8371495989,17627,65,65,0,1
8112,1074705.4969717162,1074705.4972717161,17627,65,65,0,1
8113,1038532.7673065852,1038532.7676065853,17627,65,65,0,1
8114,1068206.279417411,1068206.2797174111,17627,65,65,0,1
8115,1102956.4755784965,1102956.4758784967,17627,65,65,0,1
8116,1154493.1865662902,1154493.1868662904,17627,65,65,0,1
8117,1264182.001939933,1264182.0022399328,17627,65,65,0,1
8118,1649827.4369049207,1650374.5673056492,17627,65,75,2,2
8119,1873484.3779114373,1875960.3007099265,17627,65,78,2,2
8120,1842869.1424728015,1845035.8551134851,17627,65,79,2,2
8121,1638020.363234301,1639387.7507245664,17627,65,79,2,2
8122,1481350.6007047296,1489945.9749665018,17627,65,71,2,2
8123,1404906.7088929703,1410682.2778634112,17627,65,67,2,2
8124,1358665.772518553,1362695.5686784817,17627,65,67,2,2
8125,1367699.1034181216,1371261.7954464722,17627,65,67,2,2
8126,1388226.8845027168,1391407.5634540424,17627,65,67,2,2
8127,1449875.6882440448,1454867.4832531766,17627,65,68,2,2
8128,1603370.9500501351,1608770.1936260122,17627,65,75,2,2
8129,1691500.479838374,1693142.2703650089,17627,65,79,2,2
8130,1715485.7733813275,1725950.6533522091,17627,65,83,2,2
8131,1714667.0171795168,1723783.860599805,17627,65,83,2,2
8132,1650396.5640376247,1656702.0112495166,17627,65,79,2,2
8133,1585756.8585791062,1595672.9701848973,17627,65,75,2,2
8134,1450354.6419565242,1452592.5934346742,17627,65,67,2,2
8135,1230960.6935457438,1238046.1537317026,17627,65,69,2,2
8136,1091839.0482436987,1116758.4120680206,17627,65,71,4,2
8137,1021223.9112498569,1057653.87060031,17627,65,72,4,2
8138,993701.893639572,1037018.6254892349,17627,65,72,4,2
8139,989402.8515891938,1037100.7338753836,17627,65,72,2,2
8140,1001574.3954042298,1048692.39235939,17627,65,72,2,2
8141,1124499.3988575614,1157953.6636998204,17627,65,71,2,2
8142,1507263.3290213817,1514023.3254331567,17627,65,70,2,2
8143,1741727.506119288,1797361.1483275979,17627,65,83,2,2
8144,1789984.1666805942,1868531.5083318744,17627,65,85,2,2
8145,1687788.0336243948,1722327.9052994559,17627,65,85,2,2
8146,1610262.4280801103,1626293.9456618764,17627,65,81,2,2
8147,1544068.8084225124,1565875.1996644065,17627,65,75,2,2
8148,1486132.5354542516,1503009.7672747737,17627,65,71,2,2
8149,1523974.8016821367,1541218.1529515807,17627,65,73,2,2
8150,1571767.7597084793,1589295.1950552529,17627,65,75,2,2
8151,1685003.448980275,1692196.867980972,17627,65,83,2,2
8152,1812935.4938829637,1868996.841825898,17627,65,83,2,2
8153,1909043.4006587772,1951508.5417774117,17627,65,79,2,2
8154,1933013.142268364,1976599.314455687,17627,65,79,2,2
8155,1917581.6751828457,1951323.7380799153,17627,65,79,2,2
8156,1881044.1177184535,1885540.6598328792,17627,65,79,2,2
8157,1816921.9038730462,1818229.3856069944,17627,65,75,2,2
8158,1677417.7906921636,1677786.4111704829,17627,65,67,2,2
8159,1512194.2831404498,1512194.2834404525,17627,65,65,0,1
8160,1370986.122278562,1370986.122577444,17627,65,65,0,1
8161,1334473.5790395539,1334473.5793122726,17627,65,65,0,1
8162,1363865.445580962,1363865.4458576567,17627,65,65,0,1
8163,1439096.3794186255,1439096.379619252,17627,65,65,0,1
8164,1586682.6693857173,1586682.6696857172,17627,65,65,0,1
8165,1749149.0447418715,1749149.0450418708,17627,65,65,0,1
8166,2175739.5982842585,2175739.5985842585,17627,65,65,0,1
8167,2420856.1850324194,2420856.185332423,17627,65,65,0,1
8168,2512601.847415178,2512601.847715179,17627,65,65,0,1
8169,2359373.9352990948,2359373.9355990957,17627,65,65,0,1
8170,2177894.167817047,2178181.1717991927,17627,65,67,2,2
8171,2030829.27954289,2033038.1047339211,17627,65,70,3,3
8172,1976374.8376422254,1984196.7922343772,17627,65,70,3,3
8173,2029687.1348099161,2035399.6194416038,17627,65,70,3,3
8174,2140251.3921704134,2140462.8314767326,17627,65,67,2,2
8175,2312335.900921019,2312338.067787181,17627,65,67,2,2
8176,2548396.252938372,2548396.2532383753,17627,65,65,0,1
8177,2693312.5508675957,2693312.5511675933,17627,65,65,0,1
8178,2632161.800565946,2632161.800865945,17627,65,65,0,1
8179,2547851.8670762847,2547851.867376293,17627,65,65,0,1
8180,2406655.7795127593,2406655.7798127593,17627,65,65,0,1
8181,2299637.577261378,2299637.577561378,17627,65,65,0,1
8182,2129797.7304722536,2129797.7307722536,17627,65,65,0,1
8183,1875353.735721063,1875353.7360210628,17627,65,65,0,1
8184,1677220.234626267,1677220.234926267,17627,65,65,0,1
8185,1557863.7417689585,1557863.742019576,17627,65,65,0,1
8186,1474438.4601028154,1474438.4603137337,17627,65,65,0,1
8187,1444896.6208286309,1444896.6210664078,17627,65,65,0,1
8188,1452324.6844191796,1452324.684661393,17627,65,65,0,1
8189,1514760.3998243762,1514760.4000344295,17627,65,65,0,1
8190,1818721.2691200553,1818721.2694200552,17627,65,65,0,1
8191,2010856.8647711975,2010875.708445672,17627,65,67,2,2
8192,2073982.1293237628,2074019.3702792472,17627,65,69,2,2
8193,1891121.8011709922,1891347.0598642863,17627,65,69,2,2
8194,1754112.8564603678,1754618.9678149456,17627,65,69,2,2
8195,1678187.7494927207,1689437.7270579406,17627,65,70,3,2
8196,1691209.546742544,1702698.4187250747,17627,65,70,3,2
8197,1815588.8557199363,1816127.8792787713,17627,65,69,2,2
8198,1948626.0580592612,1949063.7242200647,17627,65,69,2,2
8199,2074380.0287900337,2074517.994895358,17627,65,71,2,2
8200,2189957.75378956,2190109.339527533,17627,65,74,2,2
8201,2301360.8919436894,2301560.534366616,17627,65,77,2,2
8202,2238719.8224887014,2238922.7790324045,17627,65,79,2,2
8203,2131298.745688578,2131574.795901772,17627,65,73,2,2
8204,2049657.331930343,2049977.5349530682,17627,65,71,2,2
8205,1975925.155313969,1976154.1260245987,17627,65,69,2,2
8206,1855365.6117376953,1855413.5094179958,17627,65,67,2,2
8207,1684034.4564540738,1684034.4566982756,17627,65,65,0,1
8208,1547616.6834619825,1547616.6837044272,17627,65,65,0,1
8209,1451999.4681956419,1451999.468495635,17627,65,65,0,1
8210,1385239.2239950928,1385239.224295081,17627,65,65,0,1
8211,1364946.8738401611,1364946.874140159,17627,65,65,0,1
8212,1360575.4213119228,1360575.4216119207,17627,65,65,0,1
8213,1368640.578343146,1368640.578643147,17627,65,65,0,1
8214,1407411.8034637477,1407411.8037637433,17627,65,65,0,1
8215,1578968.135719504,1578968.1359236033,17627,65,65,0,1
8216,1718259.4175946948,1718259.4178946947,17627,65,65,0,1
8217,1754592.9151375236,1754592.9154300496,17627,65,65,0,1
8218,1638223.3915573996,1638763.1869501325,17627,65,67,2,2
8219,1487651.0319997498,1488573.7873814106,17627,65,70,3,3
8220,1379408.504849621,1388413.648534351,17627,65,70,3,2
8221,1336099.8536962706,1341915.3911228913,17627,65,68,3,2
8222,1400958.716262388,1403666.5240014824,17627,65,70,3,3
8223,1586220.1789574763,1586377.1428953016,17627,65,67,2,2
8224,1823073.1080373505,1823073.1083373502,17627,65,65,0,1
8225,2040275.9022642144,2040364.8383842222,17627,65,71,2,2
8226,1986316.6456125332,1986399.686622517,17627,65,69,2,2
8227,1873214.0244982773,1873321.4834255432,17627,65,69,2,2
8228,1741250.0349301752,1741250.0352301751,17627,65,65,0,1
8229,1659332.8113136156,1659332.811579309,17627,65,65,0,1
8230,1573766.396187373,1573766.3963901096,17627,65,65,0,1
8231,1411602.0224794482,1411602.0227794452,17627,65,65,0,1
8232,1266231.7725248588,1266231.772824866,17627,65,65,0,1
8233,1110407.38220679,1110407.3825067899,17627,65,65,0,1
8234,1016906.8253383377,1016906.8256383373,17627,65,65,0,1
8235,907125.8378140881,907125.838114088,17627,65,65,0,1
8236,844996.480175814,844996.4804758141,17627,65,65,0,1
8237,802672.2720147348,802672.272314735,17627,65,65,0,1
8238,743928.8940747246,743928.8943592013,17627,65,65,0,1
8239,749808.8495470325,749808.8498316418,17627,65,65,0,1
8240,801684.7770162686,801684.7773162688,17627,65,65,0,1
8241,856716.9100625189,856716.910362519,17627,65,65,0,1
8242,844922.8888835176,844922.8891835177,17627,65,65,0,1
8243,853710.9597468456,853710.960046846,17627,65,65,0,1
8244,847753.2476957121,847753.2479957123,17627,65,65,0,1
8245,779218.1641194989,779289.6823209517,17627,65,67,2,2
8246,796342.0252044966,796342.0255044969,17627,65,65,0,1
8247,892850.9352889325,892850.9355889326,17627,65,65,0,1
8248,1099899.6050517033,1099899.6053517032,17627,65,65,0,1
8249,1225966.2406481698,1226048.1115962332,17627,65,67,2,2
8250,1221547.7783951226,1221623.0000780383,17627,65,67,2,2
8251,1170912.7288986312,1171053.799041108,17627,65,67,2,2
8252,1066512.5601614679,1066512.5604614678,17627,65,65,0,1
8253,1032865.753150559,1032865.753450559,17627,65,65,0,1
8254,1016313.6523022054,1016313.6526022055,17627,65,65,0,1
8255,848851.8520245715,848851.8523157256,17627,65,65,0,1
8256,740436.9340709394,740436.934313566,17627,65,65,0,1
8257,706442.7432497641,706442.7434787942,17627,65,65,0,1
8258,691590.3845747507,691590.3848001044,17627,65,65,0,1
8259,712897.097510657,712897.0977467648,17627,65,65,0,1
8260,740807.9221747476,740807.9224269139,17627,65,65,0,1
8261,853294.5463235654,853294.5466235658,17627,65,65,0,1
8262,1203537.153555409,1203602.178618193,17627,65,67,2,2
8263,1536820.7521630032,1537071.5282738472,17627,65,69,2,2
8264,1622813.7539862683,1623594.5697625775,17627,65,69,2,2
8265,1594650.777482307,1595643.2995565173,17627,65,69,2,2
8266,1555369.8527304262,1556418.4411239945,17627,65,73,2,2
8267,1549647.6693539703,1550772.6944669224,17627,65,75,2,2
8268,1561238.9682592899,1562490.8341432186,17627,65,75,2,2
8269,1589524.9522748683,1590878.0391766187,17627,65,75,2,2
8270,1605874.0123087438,1607217.6047027516,17627,65,75,2,2
8271,1693485.0549597642,1694838.799913201,17627,65,76,2,2
8272,1791732.7523122665,1794606.2108998026,17627,65,77,2,2
8273,1840444.4407393541,1857288.2841054627,17627,65,79,2,2
8274,1784017.2023721444,1786643.8912733113,17627,65,77,2,2
8275,1676931.0188916316,1678525.655035457,17627,65,77,2,2
8276,1594572.6913489075,1596901.4745476977,17627,65,79,2,2
8277,1544347.1533548296,1545432.6242634363,17627,65,78,2,2
8278,1433445.6147851977,1434107.5662893665,17627,65,71,2,2
8279,1220680.662360249,1220689.1014182337,17627,65,67,2,2
8280,1101921.4929062072,1101921.4932062072,17627,65,65,0,1
8281,1065987.3889460412,1065987.389246041,17627,65,65,0,1
8282,1062594.9713664036,1062594.9716664036,17627,65,65,0,1
8283,1103768.6852754992,1103768.6855754992,17627,65,65,0,1
8284,1167161.9862232197,1167193.7732408242,17627,65,67,2,2
8285,1314068.673512869,1314165.8570021284,17627,65,67,2,2
8286,1720170.9696738636,1722257.7017995631,17627,65,71,2,2
8287,2024239.5566397132,2031393.8624801845,17627,65,79,2,2
8288,2112173.828796974,2115956.8190095588,17627,65,81,2,2
8289,2061551.9458227272,2062469.9355602062,17627,65,79,2,2
8290,2014460.0399981206,2015067.5727499828,17627,65,77,2,2
8291,1962762.7081374142,1963298.512776134,17627,65,73,2,2
8292,1940123.8916662147,1940568.455380875,17627,65,71,2,2
8293,1968930.5412778417,1969115.0567130207,17627,65,71,2,2
8294,2027575.8513270083,2027704.278123274,17627,65,71,2,2
8295,2133605.2022920344,2133647.3337030723,17627,65,69,2,2
8296,2239282.090404187,2239282.090704187,17627,65,65,0,1
8297,2324882.1150075914,2324882.1153075914,17627,65,65,0,1
8298,2296904.026826819,2296977.0927971513,17627,65,69,2,2
8299,2219563.169455217,2219699.873146725,17627,65,73,2,2
8300,2078588.2288678316,2078931.8815716207,17627,65,71,2,2
8301,1969939.563648957,1970285.0226290375,17627,65,73,2,2
8302,1763239.8312420878,1763528.3430115988,17627,65,69,2,2
8303,1538793.5107160623,1538984.0948629545,17627,65,69,2,2
8304,1284504.0142000453,1284504.0145000452,17627,65,65,0,1
8305,1174641.9399699655,1174641.9402699664,17627,65,65,0,1
8306,1099895.7379646953,1123742.2683772878,17627,65,71,4,2
8307,1077324.114981553,1125760.011270923,17627,65,72,2,2
8308,1110123.9083931758,1163449.7112133722,17627,65,71,2,2
8309,1270428.9004029306,1280165.988557361,17627,65,69,2,2
8310,1721186.7384264977,1727058.508047486,17627,65,79,2,2
8311,1965494.8867318067,1993312.4788209838,17627,65,79,2,2
8312,2063873.724319296,2065069.025278409,17627,65,79,2,2
8313,2056549.2124984635,2056876.0256732814,17627,65,76,2,2
8314,2059536.6925755176,2059687.816257675,17627,65,74,2,2
8315,2092252.4435947817,2092299.5044332515,17627,65,69,2,2
8316,2087379.2556627663,2087379.6745230905,17627,65,67,2,2
8317,2128142.4538111594,2128142.4541111593,17627,65,65,0,1
8318,2170656.468905487,2170656.4692054875,17627,65,65,0,1
8319,2249969.93396274,2249969.93426274,17627,65,65,0,1
8320,2426418.943636339,2426418.9439363456,17627,65,65,0,1
8321,2640526.443358812,2640526.4436588124,17627,65,65,0,1
8322,2590492.2479613824,2590492.2482613823,17627,65,65,0,1
8323,2565832.930015146,2565832.930315145,17627,65,65,0,1
8324,2548775.8339610035,2548775.8342610034,17627,65,65,0,1
8325,2467937.7299176985,2467937.730217698,17627,65,65,0,1
8326,2326006.322627219,2326006.32292722,17627,65,65,0,1
8327,2104466.5878840405,2104466.58818404,17627,65,65,0,1
8328,1929877.128655587,1929877.128955587,17627,65,65,0,1
8329,1853772.7292241552,1853772.7295241563,17627,65,65,0,1
8330,1793698.5727961028,1793698.573096103,17627,65,65,0,1
8331,1788384.9639454826,1788384.9642454819,17627,65,65,0,1
8332,1827625.8183220418,1827625.8186220427,17627,65,65,0,1
8333,1906085.744263275,1906085.744563275,17627,65,65,0,1
8334,2269617.0069733937,2269617.0072733937,17627,65,65,0,1
8335,2435146.9445546055,2435146.9448546055,17627,65,65,0,1
8336,2440554.506981127,2440554.5072811274,17627,65,65,0,1
8337,2306249.6965061836,2306249.6968061836,17627,65,65,0,1
8338,2184023.4605533574,2184097.9881720045,17627,65,67,2,2
8339,2138034.0702941623,2138169.430543237,17627,65,67,2,2
8340,2111958.508807658,2112141.2503554937,17627,65,69,2,2
8341,2099565.428285323,2099965.72072826,17627,65,69,2,2
8342,2176825.290304806,2177044.4257613053,17627,65,69,2,2
8343,2313380.7133413306,2313385.782007393,17627,65,67,2,2
8344,2504001.666472003,2504001.6667720038,17627,65,65,0,1
8345,2645171.5379562946,2645171.5382562974,17627,65,65,0,1
8346,2586108.8122671978,2586108.812567199,17627,65,65,0,1
8347,2480600.1227630726,2480600.123063073,17627,65,65,0,1
8348,2418264.7749155983,2418264.7752155983,17627,65,65,0,1
8349,2362184.0271473695,2362184.0274473694,17627,65,65,0,1
8350,2210513.1704504,2210513.1707504,17627,65,65,0,1
8351,2026086.7823152486,2026086.782615249,17627,65,65,0,1
8352,1857036.307464929,1857036.3077649288,17627,65,65,0,1
8353,1796704.8813334582,1796704.8816334575,17627,65,65,0,1
8354,1747401.8053670805,1747401.8056670805,17627,65,65,0,1
8355,1755200.7985742392,1755200.7988742394,17627,65,65,0,1
8356,1791473.9577711788,1791473.9580711783,17627,65,65,0,1
8357,1911240.6625228361,1911240.6628228356,17627,65,65,0,1
8358,2250393.125152587,2250393.125452587,17627,65,65,0,1
8359,2521261.0887184236,2521261.089018428,17627,65,65,0,1
8360,2524506.798133837,2524506.7984338393,17627,65,65,0,1
8361,2354088.038731261,2354088.039031261,17627,65,65,0,1
8362,2191026.6134484746,2191026.6137484745,17627,65,65,0,1
8363,2102107.92483365,2102159.796165993,17627,65,67,2,2
8364,2056607.8541997704,2056636.5151293045,17627,65,67,2,2
8365,2010061.3348623766,2010106.341374846,17627,65,67,2,2
8366,2015342.4582059435,2015376.3896808815,17627,65,67,2,2
8367,2101058.008419561,2101058.0087195607,17627,65,65,0,1
8368,2259794.2508411766,2259794.2511411766,17627,65,65,0,1
8369,2293006.745592421,2293006.745892421,17627,65,65,0,1
8370,2211950.9743848536,2211950.974684853,17627,65,65,0,1
8371,2060384.695469169,2060384.6957691687,17627,65,65,0,1
8372,1917920.0371680036,1917920.0374680022,17627,65,65,0,1
8373,1842233.4431957295,1842233.4434957302,17627,65,65,0,1
8374,1803133.9373132589,1803133.9376132586,17627,65,65,0,1
8375,1596613.2608755145,1596613.2611728318,17627,65,65,0,1
8376,1391962.186092364,1391962.186355545,17627,65,65,0,1
8377,1265412.2133676168,1265412.2136676093,17627,65,65,0,1
8378,1180310.3727759868,1180310.3730759788,17627,65,65,0,1
8379,1170502.472192031,1170502.472492032,17627,65,65,0,1
8380,1191062.0333914517,1191062.033691452,17627,65,65,0,1
8381,1176781.8563075447,1176781.8566075447,17627,65,65,0,1
8382,1180034.4510900541,1180034.451390054,17627,65,65,0,1
8383,1296405.7027426455,1296405.7030426604,17627,65,65,0,1
8384,1466566.9032964932,1466566.9035764234,17627,65,65,0,1
8385,1554575.8586685741,1554575.8588700427,17627,65,65,0,1
8386,1532170.3965971551,1532170.3968022577,17627,65,65,0,1
8387,1455387.173257202,1455387.1735002561,17627,65,65,0,1
8388,1375587.3782418258,1375587.3785070456,17627,65,65,0,1
8389,1301236.714733157,1301236.7150331633,17627,65,65,0,1
8390,1314328.112599905,1314328.1128999013,17627,65,65,0,1
8391,1391835.0426004971,1391835.0428771914,17627,65,65,0,1
8392,1546172.0742616998,1546172.0744796372,17627,65,65,0,1
8393,1681926.7633959458,1681926.763695946,17627,65,65,0,1
8394,1607859.2601594194,1607859.2604341325,17627,65,65,0,1
8395,1490578.0703896903,1490578.0706030629,17627,65,65,0,1
8396,1363727.0771779576,1363727.0774779527,17627,65,65,0,1
8397,1319964.1609050604,1319964.1612050598,17627,65,65,0,1
8398,1263623.3440722984,1263623.3443722934,17627,65,65,0,1
8399,1094980.64703735,1094980.6473373505,17627,65,65,0,1
8400,928669.2135846986,928669.2138846986,17627,65,65,0,1
8401,794864.8430239671,794864.8433239671,17627,65,65,0,1
8402,769003.3018007412,769003.3020991376,17627,65,65,0,1
8403,746622.876144815,746622.8764296152,17627,65,65,0,1
8404,760954.6527786872,760954.6530541729,17627,65,65,0,1
8405,778034.0497832505,778034.0500484841,17627,65,65,0,1
8406,731244.9880907112,731244.9883242063,17627,65,65,0,1
8407,790597.5825625863,790597.5828130167,17627,65,65,0,1
8408,921109.4761453273,921109.476445327,17627,65,65,0,1
8409,1013699.8757826382,1013699.8760826386,17627,65,65,0,1
8410,1027637.6987990701,1027637.6990990692,17627,65,65,0,1
8411,1039204.2599908367,1039204.2602908367,17627,65,65,0,1
8412,1001148.9085347818,1003125.1518825898,17627,65,66,1,2
8413,984514.3538861228,985096.9653150025,17627,65,66,1,2
8414,1027488.0097394274,1027488.010039427,17627,65,65,0,1
8415,1167093.5140221543,1167093.5143221547,17627,65,65,0,1
8416,1356830.5793484864,1356830.5796484922,17627,65,65,0,1
8417,1528695.294495966,1528695.2947959676,17627,65,65,0,1
8418,1558297.1474085976,1558297.1477086004,17627,65,65,0,1
8419,1519972.25151841,1519972.251818406,17627,65,65,0,1
8420,1423622.4235336194,1423640.4065361535,17627,65,67,2,2
8421,1389347.2606173817,1389356.4253314019,17627,65,67,2,2
8422,1387580.793467175,1387586.4927372753,17627,65,67,2,2
8423,1240583.2408377056,1240583.2411377057,17627,65,65,0,1
8424,1081294.1528978334,1081294.153197833,17627,65,65,0,1
8425,1009639.3257986929,1009639.3260986927,17627,65,65,0,1
8426,977552.8084788467,977552.8087788468,17627,65,65,0,1
8427,995447.8515865944,995447.8518865941,17627,65,65,0,1
8428,1068238.2696905788,1068238.2699905783,17627,65,65,0,1
8429,1228227.4695529165,1228227.4698529167,17627,65,65,0,1
8430,1681737.4814912793,1681737.4817028868,17627,65,65,0,1
8431,2052140.5786083739,2052418.764353511,17627,65,71,2,2
8432,2125779.051506532,2125955.694372457,17627,65,77,2,2
8433,2006167.922091883,2006358.636406104,17627,65,73,2,2
8434,1969490.1707843868,1969718.5476705306,17627,65,72,2,2
8435,1941278.1789737637,1941467.8958752335,17627,65,72,2,2
8436,1934191.0215714006,1934340.6188077438,17627,65,72,2,2
8437,1988176.1313383738,1988330.001594626,17627,65,73,2,2
8438,2019504.4467859613,2019639.280467914,17627,65,72,2,2
8439,2095369.6124291103,2095450.0872863296,17627,65,71,2,2
8440,2192074.6215575333,2192089.212970508,17627,65,67,2,2
8441,2310781.1888679876,2310781.189167988,17627,65,65,0,1
8442,2286083.860298589,2286083.8605985884,17627,65,65,0,1
8443,2156733.847341579,2156808.0964529603,17627,65,71,2,2
8444,1999922.413646738,2000036.741016687,17627,65,69,2,2
8445,1860230.3822527828,1860281.069461698,17627,65,67,2,2
8446,1678818.4764844044,1678818.4767383405,17627,65,65,0,1
8447,1446267.6043175322,1446267.6046175298,17627,65,65,0,1
8448,1228313.917295622,1228313.9175956221,17627,65,65,0,1
8449,1148326.0259800702,1148326.0262800704,17627,65,65,0,1
8450,1105158.182607229,1105158.1829072295,17627,65,65,0,1
8451,1133449.3381659475,1133449.3384659472,17627,65,65,0,1
8452,1196759.6387540142,1196759.6390540139,17627,65,65,0,1
8453,1357442.216880208,1357442.2171802009,17627,65,65,0,1
8454,1760792.8567319708,1760792.8570319708,17627,65,65,0,1
8455,2063449.8810541057,2063562.796653461,17627,65,71,2,2
8456,2142727.715995526,2142854.5789926923,17627,65,73,2,2
8457,2028481.9400460874,2028601.461451885,17627,65,71,2,2
8458,1950072.6922532008,1950320.9813108654,17627,65,69,2,2
8459,1930728.4958519286,1931116.2710075523,17627,65,69,2,2
8460,1889348.9291406907,1889732.3151508933,17627,65,69,2,2
8461,1935260.727180902,1935700.0402341904,17627,65,69,2,2
8462,1965487.6199615272,1965904.3971370491,17627,65,69,2,2
8463,2038524.206282842,2038919.642584835,17627,65,69,2,2
8464,2201612.21518415,2201741.513549137,17627,65,73,2,2
8465,2294441.1025408916,2294525.58084504,17627,65,71,2,2
8466,2269614.0234280424,2269723.6230540364,17627,65,72,2,2
8467,2178722.612559307,2178860.110013627,17627,65,71,2,2
8468,2028564.936957106,2028793.8641026705,17627,65,69,2,2
8469,1902953.7773884628,1903004.301320714,17627,65,67,2,2
8470,1731168.4674380901,1731168.4676417091,17627,65,65,0,1
8471,1454148.2792811184,1454148.2795811142,17627,65,65,0,1
8472,1225802.3601512178,1225802.3604512177,17627,65,65,0,1
8473,1145352.1905539443,1145352.1908539445,17627,65,65,0,1
8474,1098372.852341054,1098372.8526410537,17627,65,65,0,1
8475,1112674.4731613193,1112674.4734613192,17627,65,65,0,1
8476,1170733.55422804,1170733.5545280394,17627,65,65,0,1
8477,1309653.429573868,1309653.4298738684,17627,65,65,0,1
8478,1722808.310838677,1722817.0647804905,17627,65,67,2,2
8479,2010728.3155285306,2011321.2643367155,17627,65,75,2,2
8480,2049539.1746861967,2049949.0433854978,17627,65,75,2,2
8481,1922766.4574751966,1923542.6264787647,17627,65,75,2,2
8482,1813983.536528993,1814355.2673523414,17627,65,69,2,2
8483,1758803.5346203656,1759809.073701189,17627,65,69,2,2
8484,1716236.3670685925,1717406.2846346581,17627,65,69,2,2
8485,1684107.0708039417,1685046.441104785,17627,65,69,2,2
8486,1717722.993427253,1718492.6073178353,17627,65,69,2,2
8487,1832911.2562414184,1833182.1556155782,17627,65,69,2,2
8488,1988434.1096590261,1988840.225381405,17627,65,75,2,2
8489,2076218.2538430772,2076730.3008861402,17627,65,75,2,2
8490,2041982.5917442818,2042403.2492504888,17627,65,73,2,2
8491,1957324.476778116,1957610.906502569,17627,65,73,2,2
8492,1834518.104413665,1834941.1149848567,17627,65,71,2,2
8493,1723917.3331661792,1723917.3334042018,17627,65,65,0,1
8494,1536237.6808273708,1536237.6811219542,17627,65,65,0,1
8495,1247571.9626783538,1247571.9629783537,17627,65,65,0,1
8496,1041887.4856964506,1041887.4859964503,17627,65,65,0,1
8497,974167.8026987504,974167.8029987505,17627,65,65,0,1
8498,941334.831927014,941334.8322270141,17627,65,65,0,1
8499,932774.5737665332,932774.5740665337,17627,65,65,0,1
8500,952996.2348842114,952996.235184212,17627,65,65,0,1
8501,1013085.562669247,1013085.5629692471,17627,65,65,0,1
8502,1245037.5424488808,1245037.5427488808,17627,65,65,0,1
8503,1549640.5400432567,1549752.3218671833,17627,65,67,2,2
8504,1586474.1060366759,1586616.8462778064,17627,65,69,2,2
8505,1431410.7042736378,1431647.2915715952,17627,65,69,2,2
8506,1302071.669302654,1302071.6696026537,17627,65,65,0,1
8507,1205402.1549506404,1205402.1552506408,17627,65,65,0,1
8508,1211957.9085445944,1211957.9088445953,17627,65,65,0,1
8509,1246484.337547347,1246484.3378473471,17627,65,65,0,1
8510,1253191.6204483667,1253191.6207483676,17627,65,65,0,1
8511,1280889.753263608,1280915.905445247,17627,65,67,2,2
8512,1410149.948925401,1419375.5731891782,17627,65,67,2,2
8513,1474937.7510321154,1496406.6672919856,17627,65,71,2,2
8514,1445756.2391725923,1489349.571032174,17627,65,71,2,2
8515,1384366.012481038,1454600.1487651397,17627,65,71,2,2
8516,1274366.7913566306,1363890.817226817,17627,65,73,2,2
8517,1204522.1939626967,1307032.8940517677,17627,65,75,2,2
8518,1118199.5744374993,1204602.1901365933,17627,65,75,2,2
8519,950215.6980180818,1025490.1670904855,17627,65,77,4,3
8520,831500.0539417339,914653.3618678038,17627,65,77,4,3
8521,781867.2134716456,894368.1619327463,17627,65,77,4,3
8522,773927.171508922,912315.6575737598,17627,65,77,4,3
8523,779483.5095660278,895252.2268069031,17627,65,74,4,3
8524,823805.9543454396,866028.6786932565,17627,65,71,4,3
8525,881495.208190192,883041.4260609578,17627,65,69,2,2
8526,1049408.473579761,1049408.4738699205,17627,65,65,0,1
8527,1316592.9439655484,1316592.9442655486,17627,65,65,0,1
8528,1488608.8374045978,1489509.5653710878,17627,65,69,2,2
8529,1459520.5867551644,1461398.3344698178,17627,65,67,2,2
8530,1443744.7593512724,1447852.3066901811,17627,65,68,2,2
8531,1390608.2572271205,1394085.3990902768,17627,65,67,2,2
8532,1296340.3130638953,1297248.3870464494,17627,65,67,2,2
8533,1239746.686073891,1250291.7542799434,17627,65,70,4,2
8534,1227719.5384892004,1246262.1557587036,17627,65,72,4,2
8535,1285626.877612709,1302153.913440904,17627,65,71,4,2
8536,1428557.0746132825,1431418.8854367193,17627,65,69,4,3
8537,1536036.6334015948,1540090.411246423,17627,65,69,2,2
8538,1487979.047974773,1488631.547244145,17627,65,67,2,2
8539,1365569.476748413,1365569.477048413,17627,65,65,0,1
8540,1221949.682354236,1222042.936243125,17627,65,67,2,2
8541,1198490.2048229936,1198523.6600774047,17627,65,67,2,2
8542,1125080.7064975703,1136207.3420344747,17627,65,71,4,3
8543,941961.4007450077,980552.4541824891,17627,65,73,4,3
8544,754021.9533945438,880043.5528950099,17627,65,77,4,3
8545,659238.5346482485,770017.2485992133,17627,65,75,4,3
8546,610041.1348930524,735754.28584591,17627,65,77,4,3
8547,579664.4150834931,702792.4531796433,17627,65,78,4,3
8548,598523.3482569708,716443.6123642952,17627,65,78,4,3
8549,595989.5048975428,704582.1878681832,17627,65,78,4,3
8550,635707.6928149813,736208.0549736458,17627,65,78,4,3
8551,756374.1688966097,862254.1027418661,17627,65,77,4,3
8552,873918.6915566925,993595.9997572794,17627,65,77,4,3
8553,893252.017148674,976466.0675522301,17627,65,75,4,3
8554,858993.9068971615,909647.2922140417,17627,65,73,3,2
8555,829901.3365585924,855949.7890329747,17627,65,73,1,2
8556,865374.5439966968,879213.1604963366,17627,65,68,2,2
8557,902545.9846521341,906944.6007689522,17627,65,68,2,2
8558,986533.5397939589,986533.5400939593,17627,65,65,0,1
8559,1143585.581179074,1143585.581479074,17627,65,65,0,1
8560,1351809.9699372575,1351886.926539071,17627,65,67,2,2
8561,1484248.1407823104,1484272.7144567114,17627,65,67,2,2
8562,1494856.6301101227,1494856.630410124,17627,65,65,0,1
8563,1434218.1020931364,1434218.1023931382,17627,65,65,0,1
8564,1336704.2730410323,1336704.2733410369,17627,65,65,0,1
8565,1334700.1203981957,1334700.120698197,17627,65,65,0,1
8566,1274443.7040634837,1274443.7043634737,17627,65,65,0,1
8567,1103425.9482478127,1103425.94849538,17627,65,65,0,1
8568,910912.6262758896,910912.6264899237,17627,65,65,0,1
8569,803318.6253296928,803318.6255661498,17627,65,65,0,1
8570,749307.7251453906,749307.7253753666,17627,65,65,0,1
8571,707380.1254116383,707380.1256260679,17627,65,65,0,1
8572,686497.1480337016,686497.1482431105,17627,65,65,0,1
8573,653635.3874674498,653635.3876873599,17627,65,65,0,1
8574,587654.6390337908,587654.6392370422,17627,65,65,0,1
8575,620082.9846595402,620082.9848872053,17627,65,65,0,1
8576,697724.8294612124,697724.829743876,17627,65,65,0,1
8577,755485.1943127634,755485.1946127637,17627,65,65,0,1
8578,781769.735391739,781769.7356917389,17627,65,65,0,1
8579,753150.6885861127,753150.6888861145,17627,65,65,0,1
8580,741728.4687043055,741728.4690043095,17627,65,65,0,1
8581,760535.101580118,760535.1018801196,17627,65,65,0,1
8582,753437.4243542296,753437.4246542335,17627,65,65,0,1
8583,818517.0983072915,818517.0986072914,17627,65,65,0,1
8584,942111.3852061492,942111.3855061491,17627,65,65,0,1
8585,1012128.5446699826,1012128.5449699834,17627,65,65,0,1
8586,995174.8230506681,1004798.8808935307,17627,65,71,4,2
8587,1001218.3489071995,1030314.1766092232,17627,65,71,4,2
8588,922389.1117736846,978459.9612871669,17627,65,71,4,3
8589,896196.2075122871,952748.6730254953,17627,65,71,4,3
8590,855740.1038020542,902261.6446599176,17627,65,71,4,3
8591,775222.6651281238,829798.5768870251,17627,65,71,4,3
8592,621133.9475868527,680524.1256984615,17627,65,71,4,3
8593,555863.0440593964,583010.9779457763,17627,65,71,4,3
8594,551553.0834916991,573991.0942607457,17627,65,71,4,3
8595,589359.6265588873,619758.4037586313,17627,65,71,4,3
8596,648666.705765636,659891.1639255789,17627,65,71,4,3
8597,686167.4355349212,687028.6623243203,17627,65,69,2,2
8598,733371.7685085755,733482.802952828,17627,65,69,2,2
8599,876901.543159985,876901.5433989983,17627,65,65,0,1
8600,1033121.401816855,1033121.4021168547,17627,65,65,0,1
8601,1095557.3785531535,1095557.3788531532,17627,65,65,0,1
8602,1092486.384600922,1092486.3849009224,17627,65,65,0,1
8603,1028129.6042647102,1028129.60456471,17627,65,65,0,1
8604,947399.4569923524,947399.4572923522,17627,65,65,0,1
8605,915303.6948217414,915303.6951217414,17627,65,65,0,1
8606,851888.6530464187,851888.6533183939,17627,65,65,0,1
8607,872454.9602189021,872454.9604781102,17627,65,65,0,1
8608,985899.379492868,985899.3797739677,17627,65,65,0,1
8609,1060838.3073324258,1060838.3076324258,17627,65,65,0,1
8610,945853.4764412905,945853.4767154793,17627,65,65,0,1
8611,797017.9213989842,797017.9216227047,17627,65,65,0,1
8612,713574.8786820422,713574.8788827334,17627,65,65,0,1
8613,721283.0598601187,721283.0600790862,17627,65,65,0,1
8614,726884.689365034,726884.6896127448,17627,65,65,0,1
8615,650140.4952624565,650545.0535199735,17627,65,69,2,2
8616,513164.7226380585,535108.7833425343,17627,65,71,4,3
8617,410979.09061154904,489810.4695669356,17627,65,74,4,3
8618,375703.4088761772,411400.7370830981,17627,65,72,4,2
8619,325560.9049448999,338524.5697680247,17627,65,67,2,2
8620,286007.0296668019,295717.2914390499,17627,65,69,2,2
8621,248751.73698136618,253752.17797621424,17627,65,71,2,2
8622,180867.4198746067,187364.44346134108,17627,65,69,2,2
8623,221216.05114698183,223155.07416309594,17627,65,71,2,2
8624,326290.4816984306,368450.97760345554,17627,65,72,4,2
8625,398184.6625277279,511526.0512088831,17627,65,77,4,3
8626,423833.700270868,477055.1032063112,17627,65,69,1,2
8627,460915.742561204,529830.5949908665,17627,65,69,3,2
8628,445286.74343008146,514984.1308847487,17627,65,69,3,2
8629,374788.8402535452,425271.3901948488,17627,65,69,3,2
8630,342779.07024658105,370684.7841341559,17627,65,68,2,2
8631,394832.75227688317,417671.21444545104,17627,65,68,2,2
8632,526025.0576386433,581111.5367638295,17627,65,74,4,3
8633,640790.965136364,710815.3039795994,17627,65,71,4,3
8634,685019.1653989668,763248.049211801,17627,65,71,4,3
8635,666114.4693848671,726122.8642441964,17627,65,71,4,3
8636,636404.3132087847,675597.1802910983,17627,65,71,4,3
8637,686310.8100618381,718861.9014014297,17627,65,71,4,3
8638,727166.236898192,728641.1119336539,17627,65,69,2,2
8639,664658.5749636029,676212.9428967853,17627,65,71,4,3
8640,536863.968903174,536863.9691880216,17627,65,65,0,1
8641,477327.6009915427,477327.60129154363,17627,65,65,0,1
8642,459567.8348964952,459567.83519649535,17627,65,65,0,1
8643,478448.4029247522,478448.40322475205,17627,65,65,0,1
8644,495922.6620632329,495922.6623632332,17627,65,65,0,1
8645,506315.19034398004,506315.1906416394,17627,65,65,0,1
8646,488513.9463204278,488513.9466204268,17627,65,65,0,1
8647,525398.9144692128,525398.9147692131,17627,65,65,0,1
8648,615463.2740391984,626408.4136731508,17627,65,71,4,3
8649,630300.113099277,630300.1133916037,17627,65,65,0,1
8650,594252.7724338408,594252.7727338466,17627,65,65,0,1
8651,524294.6447156665,558470.8639304388,17627,65,69,1,2
8652,487444.59026543074,523394.71609921084,17627,65,68,2,2
8653,447381.6852174839,479745.2024790169,17627,65,68,2,2
8654,442411.9828956609,462253.73743939557,17627,65,68,2,2
8655,569343.3843514186,569343.3846514223,17627,65,65,0,1
8656,786476.7962444093,786476.7964515947,17627,65,65,0,1
8657,962401.5021770624,962401.5024339475,17627,65,65,0,1
8658,990597.1430374916,990597.1432925701,17627,65,65,0,1
8659,1005661.6326011238,1005661.6328453693,17627,65,65,0,1
8660,994996.5570889255,994996.5573088021,17627,65,65,0,1
8661,983755.838801074,983755.8390067344,17627,65,65,0,1
8662,965111.6052826978,965111.6055151838,17627,65,65,0,1
8663,868374.9075761316,868374.907863252,17627,65,65,0,1
8664,746961.5110967169,746961.5113967172,17627,65,65,0,1
8665,699885.0677092299,699885.0680092302,17627,65,65,0,1
8666,685356.6822248602,685356.6825248605,17627,65,65,0,1
8667,717888.2929053892,717888.2932053894,17627,65,65,0,1
8668,763367.7167974849,763367.7170974852,17627,65,65,0,1
8669,837091.5598605429,837091.5601525044,17627,65,65,0,1
8670,946133.2292486265,946133.2294826576,17627,65,65,0,1
8671,1132387.7947956142,1132387.7950519805,17627,65,65,0,1
8672,1325633.3561556663,1325633.3564068554,17627,65,65,0,1
8673,1408576.248829525,1408576.2490502354,17627,65,65,0,1
8674,1327866.210622386,1327994.7797998877,17627,65,66,1,2
8675,1294904.5633727675,1302143.4110939791,17627,65,68,3,2
8676,1281981.0581890624,1299235.417046039,17627,65,68,3,2
8677,1324158.961852993,1342569.5258625848,17627,65,69,3,2
8678,1330327.962677145,1342935.12315873,17627,65,68,3,2
8679,1430638.3541925757,1430661.7103268302,17627,65,67,2,2
8680,1600492.2197921467,1600492.220017555,17627,65,65,0,1
8681,1677425.6890712483,1677425.689280976,17627,65,65,0,1
8682,1678877.930806946,1678877.9310252124,17627,65,65,0,1
8683,1598458.1955378538,1598458.1958378532,17627,65,65,0,1
8684,1436487.9452780774,1436487.9455780752,17627,65,65,0,1
8685,1332333.1069729049,1332333.1072729048,17627,65,65,0,1
8686,1188591.1986437063,1188591.198943706,17627,65,65,0,1
8687,1007224.4184133641,1007224.418713364,17627,65,65,0,1
8688,819183.9462702068,819183.9465702074,17627,65,65,0,1
8689,768363.7400138562,768363.7403010688,17627,65,65,0,1
8690,767114.7429115371,767114.7431909404,17627,65,65,0,1
8691,796780.7428379646,796780.7431228331,17627,65,65,0,1
8692,847184.3741789974,847184.374475699,17627,65,65,0,1
8693,899844.6349246956,899844.6352246957,17627,65,65,0,1
8694,998511.6997147847,998511.7000147846,17627,65,65,0,1
8695,1201041.5682748498,1201041.5685748495,17627,65,65,0,1
8696,1370445.2018450904,1370445.2021450973,17627,65,65,0,1
8697,1412180.9263950163,1412180.92669502,17627,65,65,0,1
8698,1353640.0230917172,1353646.7794489607,17627,65,67,2,2
8699,1356992.0751043381,1356993.914173021,17627,65,67,2,2
8700,1318412.9115192927,1318412.9118192878,17627,65,65,0,1
8701,1299559.9695380318,1299579.0304710688,17627,65,67,2,2
8702,1358915.8261335087,1358915.8264335059,17627,65,65,0,1
8703,1432778.7480443004,1432778.748297544,17627,65,65,0,1
8704,1588378.5576095872,1588378.5579016334,17627,65,65,0,1
8705,1705153.4215561533,1705153.421856153,17627,65,65,0,1
8706,1680768.764135153,1680768.7644351528,17627,65,65,0,1
8707,1546449.3195693686,1546449.3198621243,17627,65,65,0,1
8708,1367708.5203690133,1367708.5205994057,17627,65,65,0,1
8709,1324144.9624868007,1324144.9627412523,17627,65,65,0,1
8710,1254067.6077701952,1254067.6080701984,17627,65,65,0,1
8711,1079958.301817146,1079958.3021171459,17627,65,65,0,1
8712,934373.8068899754,934373.8071694593,17627,65,65,0,1
8713,842980.4968930403,842980.4971430984,17627,65,65,0,1
8714,805293.0633909375,805293.063632805,17627,65,65,0,1
8715,775450.2803327208,775450.2805714624,17627,65,65,0,1
8716,756885.3713230354,756885.3715591951,17627,65,65,0,1
8717,733766.1648720143,733766.1650968993,17627,65,65,0,1
8718,713637.8009328302,713637.8011456901,17627,65,65,0,1
8719,789178.6993911797,789178.6996361123,17627,65,65,0,1
8720,888388.6222718225,888388.6225697101,17627,65,65,0,1
8721,918608.9210660106,918608.9213660104,17627,65,65,0,1
8722,833963.5062221442,833963.5065221442,17627,65,65,0,1
8723,722264.410428342,722264.4107283417,17627,65,65,0,1
8724,650030.9677328258,650030.9680328256,17627,65,65,0,1
8725,643998.015852476,643998.0161524756,17627,65,65,0,1
8726,695316.0225822525,695316.0228822522,17627,65,65,0,1
8727,778563.4914625203,778563.4917625203,17627,65,65,0,1
8728,873479.824168297,873479.8244682975,17627,65,65,0,1
8729,1031461.2123564745,1031461.2126564751,17627,65,65,0,1
8730,1023889.2262114706,1023889.2265114712,17627,65,65,0,1
8731,956561.7048591219,956561.7051591228,17627,65,65,0,1
8732,817474.0606119516,831248.3429339896,17627,65,74,4,3
8733,764646.7954145907,784566.5609406687,17627,65,74,4,3
8734,673882.6199802569,731730.5007824417,17627,65,71,4,3
8735,555389.8747017945,624407.1405106047,17627,65,71,4,3
8736,427821.89929199475,498730.0701929266,17627,65,74,4,3
8737,371735.7067422579,377751.6771971117,17627,65,71,2,2
8738,349034.90040944587,349034.90070944565,17627,65,65,0,1
8739,346109.22574459435,346109.226044594,17627,65,65,0,1
8740,373268.98350030876,392930.4371543197,17627,65,71,2,2
8741,375378.78040165186,396556.2280417407,17627,65,71,2,2
8742,336171.5243637657,336171.5246637655,17627,65,65,0,1
8743,365765.33069974533,400223.9538354135,17627,65,69,2,2
8744,475918.7092671849,475918.70956718427,17627,65,65,0,1
8745,546081.0518630709,546125.3943929105,17627,65,69,2,2
8746,526957.8597316946,526957.8600157773,17627,65,65,0,1
8747,563879.8780966869,563879.8783666868,17627,65,65,0,1
8748,577983.6027689948,577983.6030606349,17627,65,65,0,1
8749,609082.127233614,609082.1275330206,17627,65,65,0,1
8750,666871.5931292027,666871.5934257213,17627,65,65,0,1
8751,799113.6774038505,799113.6777017873,17627,65,65,0,1
8752,1038969.3624809302,1038969.3627809298,17627,65,65,0,1
8753,1261263.3345353964,1261263.3348354003,17627,65,65,0,1
8754,1311710.1272575937,1311710.127557593,17627,65,65,0,1
8755,1274684.7392275874,1274684.739527601,17627,65,65,0,1
8756,1211784.9236075678,1211784.9239075643,17627,65,65,0,1
8757,1195310.9556060832,1195310.9559060764,17627,65,65,0,1
8758,1168390.202273446,1168390.2025734456,17627,65,65,0,1
8759,1002168.1765989282,1002168.1768989274,17627,65,65,0,1
8760,873484.541363485,873484.5416419682,17627,65,65,0,1
